DATE_TIME,DC_POWER,AC_POWER,DAILY_YIELD,PLANT_ID,SOURCE_KEY,AMBIENT_TEMPERATURE,MODULE_TEMPERATURE,IRRADIANCE,HOUR,MONTH,DAY_OF_WEEK,TEMP_DIFF
2020-05-15 00:00:00,0.0,0.0,0.0,4135001,HmiyD2TTLFNqkNe,25.184316133333333,22.8575074,0.0,0,5,4,-2.3268087333333334
2020-05-15 00:15:00,0.0,0.0,0.0,4135001,HmiyD2TTLFNqkNe,25.08458866666667,22.761667866666663,0.0,0,5,4,-2.3229208000000057
2020-05-15 00:30:00,0.0,0.0,0.0,4135001,HmiyD2TTLFNqkNe,24.935752600000004,22.59230553333333,0.0,0,5,4,-2.3434470666666734
2020-05-15 00:45:00,0.0,0.0,0.0,4135001,HmiyD2TTLFNqkNe,24.8461304,22.36085213333333,0.0,0,5,4,-2.4852782666666684
2020-05-15 01:00:00,0.0,0.0,0.0,4135001,HmiyD2TTLFNqkNe,24.621525357142858,22.165422642857145,0.0,1,5,4,-2.456102714285713
2020-05-15 01:15:00,0.0,0.0,0.0,4135001,HmiyD2TTLFNqkNe,24.5360922,21.968570866666667,0.0,1,5,4,-2.5675213333333318
2020-05-15 01:30:00,0.0,0.0,0.0,4135001,HmiyD2TTLFNqkNe,24.638673866666664,22.352925666666668,0.0,1,5,4,-2.285748199999997
2020-05-15 01:45:00,0.0,0.0,0.0,4135001,HmiyD2TTLFNqkNe,24.87302233333333,23.1609192,0.0,1,5,4,-1.7121031333333327
2020-05-15 02:00:00,0.0,0.0,0.0,4135001,HmiyD2TTLFNqkNe,24.936930466666663,23.026113,0.0,2,5,4,-1.9108174666666642
2020-05-15 02:15:00,0.0,0.0,0.0,4135001,HmiyD2TTLFNqkNe,25.0122476,23.343229266666665,0.0,2,5,4,-1.6690183333333337
2020-05-15 02:30:00,0.0,0.0,0.0,4135001,HmiyD2TTLFNqkNe,25.005149333333332,23.639459266666663,0.0,2,5,4,-1.3656900666666694
2020-05-15 02:45:00,0.0,0.0,0.0,4135001,HmiyD2TTLFNqkNe,24.993019533333328,24.0394858,0.0,2,5,4,-0.9535337333333267
2020-05-15 03:00:00,0.0,0.0,0.0,4135001,HmiyD2TTLFNqkNe,25.016309428571425,24.384135571428573,0.0,3,5,4,-0.6321738571428526
2020-05-15 03:15:00,0.0,0.0,0.0,4135001,HmiyD2TTLFNqkNe,24.985215266666664,24.35150773333333,0.0,3,5,4,-0.6337075333333324
2020-05-15 03:30:00,0.0,0.0,0.0,4135001,HmiyD2TTLFNqkNe,24.93773193333333,24.060296533333336,0.0,3,5,4,-0.8774353999999924
2020-05-15 03:45:00,0.0,0.0,0.0,4135001,HmiyD2TTLFNqkNe,24.87909953333333,23.709794133333336,0.0,3,5,4,-1.1693053999999954
2020-05-15 04:00:00,0.0,0.0,0.0,4135001,HmiyD2TTLFNqkNe,24.6789022,22.58994153333333,0.0,4,5,4,-2.0889606666666687
2020-05-15 04:15:00,0.0,0.0,0.0,4135001,HmiyD2TTLFNqkNe,24.3519308,21.78364253333333,0.0,4,5,4,-2.56828826666667
2020-05-15 04:30:00,0.0,0.0,0.0,4135001,HmiyD2TTLFNqkNe,24.0626222,21.85252493333333,0.0,4,5,4,-2.2100972666666685
2020-05-15 04:45:00,0.0,0.0,0.0,4135001,HmiyD2TTLFNqkNe,24.013224200000003,22.306315,0.0,4,5,4,-1.706909200000002
2020-05-15 05:00:00,0.0,0.0,0.0,4135001,HmiyD2TTLFNqkNe,24.1771058,22.551908466666664,0.0,5,5,4,-1.625197333333336
2020-05-15 05:15:00,0.0,0.0,0.0,4135001,HmiyD2TTLFNqkNe,24.304888,22.979492071428577,0.0,5,5,4,-1.325395928571421
2020-05-15 05:30:00,0.0,0.0,0.0,4135001,HmiyD2TTLFNqkNe,24.328727266666665,23.452380466666668,0.0,5,5,4,-0.8763467999999968
2020-05-15 05:45:00,0.0,0.0,0.0,4135001,HmiyD2TTLFNqkNe,24.28921113333333,23.09669193333333,0.0008627212413333,5,5,4,-1.1925191999999996
2020-05-15 06:00:00,44.864229025238096,4.329960317523809,0.0,4135001,HmiyD2TTLFNqkNe,24.088446066666663,22.2067566,0.0058869571866666,6,5,4,-1.8816894666666641
2020-05-15 06:15:00,292.48100906190473,28.254223356190476,3.5,4135001,HmiyD2TTLFNqkNe,24.01163526666667,22.35345866666667,0.0222816074666666,6,5,4,-1.6581766000000009
2020-05-15 06:30:00,694.1433982636364,67.28157467545454,22.0,4135001,HmiyD2TTLFNqkNe,23.976731266666665,22.893282,0.0494097238666666,6,5,4,-1.0834492666666655
2020-05-15 06:45:00,1301.2086039545454,126.83855519545455,40.66666667,4135001,HmiyD2TTLFNqkNe,24.21899,24.442443933333333,0.0953944536,6,5,4,0.22345393333333163
2020-05-15 07:00:00,1879.3597403181818,184.21191558636363,82.375,4135001,HmiyD2TTLFNqkNe,24.5373984,27.185652866666665,0.1419404433333333,7,5,4,2.648254466666664
2020-05-15 07:15:00,2025.6458331818183,198.57830086818183,134.1428571,4135001,HmiyD2TTLFNqkNe,24.8159595,28.888477857142853,0.1547126757142856,7,5,4,4.072518357142851
2020-05-15 07:30:00,1982.6950757272725,194.3606872272727,187.5,4135001,HmiyD2TTLFNqkNe,24.988789866666668,29.6056438,0.1487991533333333,7,5,4,4.616853933333331
2020-05-15 07:45:00,2017.9951298636363,197.82248375909091,237.7142857,4135001,HmiyD2TTLFNqkNe,25.21618033333333,29.547110933333336,0.1447934189333333,7,5,4,4.330930600000006
2020-05-15 08:00:00,2947.036526,289.34586038636365,296.375,4135001,HmiyD2TTLFNqkNe,25.41951306666667,31.412544733333327,0.2016386213333333,8,5,4,5.993031666666656
2020-05-15 08:15:00,4633.507142818182,454.63930195000006,395.5,4135001,HmiyD2TTLFNqkNe,25.95908213333333,35.5287108,0.3457076533333333,8,5,4,9.56962866666667
2020-05-15 08:30:00,5096.7984305909085,499.80013527727266,532.75,4135001,HmiyD2TTLFNqkNe,26.430782066666666,40.3180586,0.4053485726666666,8,5,4,13.887276533333335
2020-05-15 08:45:00,4204.793831136363,412.7303571409091,641.4285714,4135001,HmiyD2TTLFNqkNe,26.8318298,39.08195373333332,0.3124267953333332,8,5,4,12.25012393333332
2020-05-15 09:00:00,7527.222402636364,736.8795454545455,809.125,4135001,HmiyD2TTLFNqkNe,27.6209698,45.0092326,0.6231526486666666,9,5,4,17.388262799999996
2020-05-15 09:15:00,4492.091720772727,440.5832792272727,956.7142857,4135001,HmiyD2TTLFNqkNe,27.988362071428572,46.6177065,0.3448840357142857,9,5,4,18.629344428571425
2020-05-15 09:30:00,3478.284090863636,341.4272727318182,1061.857143,4135001,HmiyD2TTLFNqkNe,27.516727866666667,39.136326,0.2492484,9,5,4,11.61959813333333
2020-05-15 09:45:00,7335.001623409091,717.8687499954546,1180.375,4135001,HmiyD2TTLFNqkNe,27.450107666666668,40.93057693333333,0.5412059773333334,9,5,4,13.48046926666666
2020-05-15 10:00:00,8319.3733765,813.4908279181818,1413.714286,4135001,HmiyD2TTLFNqkNe,28.632191866666663,52.5477356,0.670675372,10,5,4,23.91554373333334
2020-05-15 10:15:00,7214.388798681818,705.9977272727273,1596.125,4135001,HmiyD2TTLFNqkNe,28.768912733333337,47.633738,0.5722834766666666,10,5,4,18.864825266666664
2020-05-15 10:30:00,5868.347077954545,574.9359902681819,1782.428571,4135001,HmiyD2TTLFNqkNe,29.35144260000001,49.249723266666656,0.4551483833333333,10,5,4,19.898280666666647
2020-05-15 10:45:00,5141.961038954545,504.16495129545456,1936.75,4135001,HmiyD2TTLFNqkNe,28.854707866666665,44.048325600000005,0.3619616539999999,10,5,4,15.19361773333334
2020-05-15 11:00:00,8807.637986681819,860.7526947499999,2124.571429,4135001,HmiyD2TTLFNqkNe,29.410819333333336,47.68545339999999,0.6365608813333332,11,5,4,18.274634066666657
2020-05-15 11:15:00,7286.419372272728,712.8960768363636,2371.0,4135001,HmiyD2TTLFNqkNe,30.21606228571428,50.006988571428565,0.5857872135714286,11,5,4,19.790926285714285
2020-05-15 11:30:00,7064.052759727273,691.2401785727272,2584.428571,4135001,HmiyD2TTLFNqkNe,30.2870728,49.8413636,0.5570693833333333,11,5,4,19.5542908
2020-05-15 11:45:00,7621.2816557727265,745.5267857136364,2748.25,4135001,HmiyD2TTLFNqkNe,30.811049333333333,47.8363832,0.4679868693333333,11,5,4,17.025333866666667
2020-05-15 12:00:00,7082.804383090909,693.2185606,2898.714286,4135001,HmiyD2TTLFNqkNe,31.305375066666663,49.183583533333326,0.5149625866666667,12,5,4,17.878208466666663
2020-05-15 12:15:00,9525.8817645,930.7735389318182,3069.75,4135001,HmiyD2TTLFNqkNe,31.50729773333333,49.84449266666666,0.7878660286666666,12,5,4,18.33719493333333
2020-05-15 12:30:00,8994.750000454545,879.1685064545454,3322.857143,4135001,HmiyD2TTLFNqkNe,32.147684733333335,52.35325513333333,0.6492476293333334,12,5,4,20.205570399999992
2020-05-15 12:45:00,9519.056276954545,930.4953463454545,3525.714286,4135001,HmiyD2TTLFNqkNe,32.39142040000001,50.631239933333326,0.761243312,12,5,4,18.239819533333318
2020-05-15 13:00:00,5901.925324681818,578.2671266227272,3721.75,4135001,HmiyD2TTLFNqkNe,32.622796071428574,49.610767714285714,0.4160351014285714,13,5,4,16.98797164285714
2020-05-15 13:15:00,6806.388798818181,666.6357142863636,3883.428571,4135001,HmiyD2TTLFNqkNe,32.49706446666666,47.01116133333333,0.489243946,13,5,4,14.51409686666667
2020-05-15 13:30:00,7980.612013,781.1663149318182,4058.5,4135001,HmiyD2TTLFNqkNe,32.52462140000001,46.66986293333333,0.574561224,13,5,4,14.14524153333332
2020-05-15 13:45:00,7771.3904219999995,760.7610389772727,4254.857143,4135001,HmiyD2TTLFNqkNe,32.67847086666667,47.516884133333335,0.560985624,13,5,4,14.838413266666663
2020-05-15 14:00:00,10110.850649727274,988.5030032227273,4476.25,4135001,HmiyD2TTLFNqkNe,33.763185400000005,49.80390433333333,0.7350834633333333,14,5,4,16.040718933333324
2020-05-15 14:15:00,11809.694805454545,1152.3884740454546,4755.857143,4135001,HmiyD2TTLFNqkNe,34.13076993333335,55.030613,0.8936614913333333,14,5,4,20.899843066666655
2020-05-15 14:30:00,6495.54237009091,635.8725487,4989.625,4135001,HmiyD2TTLFNqkNe,34.08138426666667,54.51913673333334,0.466788824,14,5,4,20.437752466666673
2020-05-15 14:45:00,7305.251352818182,714.6843344227273,5143.142857,4135001,HmiyD2TTLFNqkNe,33.69572221428571,47.618194642857134,0.5421384957142857,14,5,4,13.922472428571425
2020-05-15 15:00:00,5845.653409090909,572.8984577954545,5319.25,4135001,HmiyD2TTLFNqkNe,33.89057606666666,46.02908119999999,0.3988885433333333,15,5,4,12.138505133333332
2020-05-15 15:15:00,6511.597402545454,637.7739448045454,5483.0,4135001,HmiyD2TTLFNqkNe,34.043744000000004,44.28609193333333,0.4472921486666666,15,5,4,10.242347933333328
2020-05-15 15:30:00,7588.469155909092,742.8599837590909,5647.75,4135001,HmiyD2TTLFNqkNe,34.40285233333333,46.7442812,0.5651963973333332,15,5,4,12.341428866666675
2020-05-15 15:45:00,4888.507305181818,479.26209415,5780.714286,4135001,HmiyD2TTLFNqkNe,34.430942666666674,43.9206158,0.3462306933333333,15,5,4,9.489673133333326
2020-05-15 16:00:00,4960.030844136363,486.5465097409091,5924.5,4135001,HmiyD2TTLFNqkNe,34.38115033333334,43.332853333333325,0.3581823699999999,16,5,4,8.951702999999988
2020-05-15 16:15:00,4522.409902590909,443.7930194818182,6037.142857,4135001,HmiyD2TTLFNqkNe,34.12625693333333,41.007431933333336,0.3288961193333332,16,5,4,6.881175000000006
2020-05-15 16:30:00,4730.891233772727,464.12110389090907,6154.428571,4135001,HmiyD2TTLFNqkNe,34.35660993333333,41.28059066666666,0.344954196,16,5,4,6.92398073333333
2020-05-15 16:45:00,3535.327110409091,347.44361472272726,6260.5,4135001,HmiyD2TTLFNqkNe,33.86159653333333,39.419075933333325,0.260346758,16,5,4,5.557479399999991
2020-05-15 17:00:00,2268.8076298636365,222.49967532272728,6336.428571,4135001,HmiyD2TTLFNqkNe,33.443313571428575,36.82670364285714,0.1668127414285714,17,5,4,3.3833900714285647
2020-05-15 17:15:00,2259.9391234545456,221.5911526,6394.625,4135001,HmiyD2TTLFNqkNe,33.30025473333334,35.852207400000005,0.1738986373333333,17,5,4,2.551952666666665
2020-05-15 17:30:00,1193.1287878636363,116.27348484999999,6433.0,4135001,HmiyD2TTLFNqkNe,33.03212220000001,34.3384004,0.08716189,17,5,4,1.306278199999987
2020-05-15 17:45:00,517.7840909090909,50.09115259772727,6454.875,4135001,HmiyD2TTLFNqkNe,32.311871133333334,31.54853933333333,0.0384030336,17,5,4,-0.7633318000000031
2020-05-15 18:00:00,295.6818181818182,28.56258116909091,6465.428571,4135001,HmiyD2TTLFNqkNe,31.13241364285714,30.225331,0.0225449364285714,18,5,4,-0.9070826428571408
2020-05-15 18:15:00,99.96444805045454,9.643262987045453,6469.714286,4135001,HmiyD2TTLFNqkNe,29.243110933333337,28.6825074,0.00914994484,18,5,4,-0.5606035333333388
2020-05-15 18:30:00,0.0,0.0,6471.0,4135001,HmiyD2TTLFNqkNe,28.495518,27.285992266666668,0.001841024544,18,5,4,-1.209525733333333
2020-05-15 18:45:00,0.0,0.0,6471.0,4135001,HmiyD2TTLFNqkNe,27.8840638,25.96194653333333,0.0,18,5,4,-1.922117266666671
2020-05-15 19:00:00,0.0,0.0,6471.0,4135001,HmiyD2TTLFNqkNe,27.455975400000003,25.38531306666667,0.0,19,5,4,-2.0706623333333347
2020-05-15 19:15:00,0.0,0.0,6471.0,4135001,HmiyD2TTLFNqkNe,27.0975484,25.200846400000003,0.0,19,5,4,-1.8967019999999977
2020-05-15 19:30:00,0.0,0.0,6471.0,4135001,HmiyD2TTLFNqkNe,27.01870113333333,25.745267733333336,0.00012538276,19,5,4,-1.2734333999999947
2020-05-15 19:45:00,0.0,0.0,6471.0,4135001,HmiyD2TTLFNqkNe,23.787237466666667,22.5114056,0.000100219904,19,5,4,-1.2758318666666675
2020-05-15 20:00:00,0.0,0.0,6471.0,4135001,HmiyD2TTLFNqkNe,22.66317964285714,20.290725714285717,0.0,20,5,4,-2.3724539285714243
2020-05-15 20:15:00,0.0,0.0,6471.0,4135001,HmiyD2TTLFNqkNe,23.412097066666668,20.736596666666667,0.0,20,5,4,-2.6755004000000007
2020-05-15 20:30:00,0.0,0.0,6471.0,4135001,HmiyD2TTLFNqkNe,22.30098866666667,20.375416933333337,0.0,20,5,4,-1.9255717333333315
2020-05-15 20:45:00,0.0,0.0,6471.0,4135001,HmiyD2TTLFNqkNe,22.0374816,20.312805133333327,0.0,20,5,4,-1.724676466666672
2020-05-15 21:00:00,0.0,0.0,6471.0,4135001,HmiyD2TTLFNqkNe,22.168518066666667,20.6512674,0.0,21,5,4,-1.5172506666666692
2020-05-15 21:15:00,0.0,0.0,6471.0,4135001,HmiyD2TTLFNqkNe,22.1193604,20.632086200000003,0.0,21,5,4,-1.487274199999998
2020-05-15 21:30:00,0.0,0.0,6471.0,4135001,HmiyD2TTLFNqkNe,22.221250333333334,20.75869966666667,0.0,21,5,4,-1.4625506666666652
2020-05-15 21:45:00,0.0,0.0,6471.0,4135001,HmiyD2TTLFNqkNe,22.236828466666665,20.914416666666668,0.0,21,5,4,-1.3224117999999976
2020-05-15 22:00:00,0.0,0.0,6471.0,4135001,HmiyD2TTLFNqkNe,22.22185842857143,20.895703928571425,0.0,22,5,4,-1.3261545000000048
2020-05-15 22:15:00,0.0,0.0,6471.0,4135001,HmiyD2TTLFNqkNe,22.149312533333333,20.732185866666665,0.0,22,5,4,-1.4171266666666682
2020-05-15 22:30:00,0.0,0.0,6471.0,4135001,HmiyD2TTLFNqkNe,22.104713866666668,20.82985206666667,0.0,22,5,4,-1.2748617999999965
2020-05-15 22:45:00,0.0,0.0,6471.0,4135001,HmiyD2TTLFNqkNe,22.057079933333338,21.072275666666663,0.0,22,5,4,-0.984804266666675
2020-05-15 23:00:00,0.0,0.0,6471.0,4135001,HmiyD2TTLFNqkNe,22.23601830769231,21.241316538461536,0.0,23,5,4,-0.9947017692307725
2020-05-16 02:00:00,0.0,0.0,0.0,4135001,HmiyD2TTLFNqkNe,21.68216,20.072144,0.0,2,5,5,-1.6100159999999981
2020-05-16 02:15:00,0.0,0.0,0.0,4135001,HmiyD2TTLFNqkNe,21.6884114,19.9192038,0.0,2,5,5,-1.7692076000000014
2020-05-16 02:30:00,0.0,0.0,0.0,4135001,HmiyD2TTLFNqkNe,21.510408533333337,19.59269193333333,0.0,2,5,5,-1.9177166000000057
2020-05-16 02:45:00,0.0,0.0,0.0,4135001,HmiyD2TTLFNqkNe,21.496287,19.6248698,0.0,2,5,5,-1.8714171999999998
2020-05-16 03:00:00,0.0,0.0,0.0,4135001,HmiyD2TTLFNqkNe,21.6459126,20.065205933333328,0.0,3,5,5,-1.5807066666666714
2020-05-16 03:15:00,0.0,0.0,0.0,4135001,HmiyD2TTLFNqkNe,21.674314200000005,20.11216013333333,0.0,3,5,5,-1.5621540666666753
2020-05-16 03:30:00,0.0,0.0,0.0,4135001,HmiyD2TTLFNqkNe,21.73142093333333,20.351884,0.0,3,5,5,-1.3795369333333305
2020-05-16 03:45:00,0.0,0.0,0.0,4135001,HmiyD2TTLFNqkNe,21.78016573333333,20.50589406666667,0.0,3,5,5,-1.2742716666666603
2020-05-16 04:00:00,0.0,0.0,0.0,4135001,HmiyD2TTLFNqkNe,21.85855535714285,20.81391042857143,0.0,4,5,5,-1.0446449285714223
2020-05-16 04:15:00,0.0,0.0,0.0,4135001,HmiyD2TTLFNqkNe,21.89991073333333,20.712640333333333,0.0,4,5,5,-1.1872703999999956
2020-05-16 04:30:00,0.0,0.0,0.0,4135001,HmiyD2TTLFNqkNe,21.92704853333333,20.726037733333335,0.0,4,5,5,-1.2010107999999953
2020-05-16 04:45:00,0.0,0.0,0.0,4135001,HmiyD2TTLFNqkNe,22.028684400000003,20.796402866666664,0.0,4,5,5,-1.2322815333333388
2020-05-16 05:00:00,0.0,0.0,0.0,4135001,HmiyD2TTLFNqkNe,21.93278,20.6822592,0.0,5,5,5,-1.2505208000000003
2020-05-16 05:15:00,0.0,0.0,0.0,4135001,HmiyD2TTLFNqkNe,21.866251666666663,20.472369333333333,0.0,5,5,5,-1.3938823333333303
2020-05-16 05:30:00,0.0,0.0,0.0,4135001,HmiyD2TTLFNqkNe,21.876585066666664,20.760192866666667,0.0,5,5,5,-1.1163921999999964
2020-05-16 05:45:00,0.0,0.0,0.0,4135001,HmiyD2TTLFNqkNe,21.959989266666664,20.5434348,0.0001471694642,5,5,5,-1.416554466666664
2020-05-16 06:00:00,51.41152597409091,4.9619318182272725,0.571428571,4135001,HmiyD2TTLFNqkNe,21.9232375,20.25681407142857,0.0062059593785714,6,5,5,-1.6664234285714308
2020-05-16 06:15:00,339.78814934545454,32.83863636363636,5.25,4135001,HmiyD2TTLFNqkNe,21.860400400000003,20.4303872,0.0236337368666666,6,5,5,-1.4300132000000048
2020-05-16 06:30:00,705.9740259772727,68.42207792227272,18.14285714,4135001,HmiyD2TTLFNqkNe,21.985833666666664,21.195638,0.0495149681333333,6,5,5,-0.7901956666666656
2020-05-16 06:45:00,1128.9707791363637,109.75917207272728,40.28571429,4135001,HmiyD2TTLFNqkNe,22.13967073333333,22.189410333333328,0.0792696434666666,6,5,5,0.049739599999998774
2020-05-16 07:00:00,1552.4074675000002,151.71493506363637,73.125,4135001,HmiyD2TTLFNqkNe,22.45271393333333,23.1112346,0.1090379683333333,7,5,5,0.6585206666666679
2020-05-16 07:15:00,1970.3660714545454,193.1534090909091,118.0,4135001,HmiyD2TTLFNqkNe,22.6524518,24.241701266666663,0.1381154516666666,7,5,5,1.5892494666666614
2020-05-16 07:30:00,2474.7264610454545,242.67418831363636,174.0,4135001,HmiyD2TTLFNqkNe,22.97513853333333,25.668487533333334,0.1741175246666666,7,5,5,2.693349000000005
2020-05-16 07:45:00,3424.889610363636,336.57954545,248.25,4135001,HmiyD2TTLFNqkNe,23.38855407142857,27.937476071428577,0.2436428057142857,7,5,5,4.548922000000008
2020-05-16 08:00:00,4197.211039,412.29415584545455,348.1428571,4135001,HmiyD2TTLFNqkNe,23.8905234,30.79129613333333,0.2980529893333333,8,5,5,6.90077273333333
2020-05-16 08:15:00,4783.422889681818,469.13823051818184,464.875,4135001,HmiyD2TTLFNqkNe,24.42785433333333,33.0092104,0.3386504113333334,8,5,5,8.581356066666672
2020-05-16 08:30:00,5934.526785681818,581.5097402636364,600.1428571,4135001,HmiyD2TTLFNqkNe,25.166898466666662,36.606188800000005,0.4275489526666667,8,5,5,11.439290333333343
2020-05-16 08:45:00,6476.682629909091,634.458035709091,764.0,4135001,HmiyD2TTLFNqkNe,25.757175666666665,38.892010733333336,0.4700814853333333,8,5,5,13.134835066666671
2020-05-16 09:00:00,6407.104707818182,627.6648538999999,937.7142857,4135001,HmiyD2TTLFNqkNe,25.999422266666667,38.70590013333334,0.4611857686666666,9,5,5,12.70647786666667
2020-05-16 09:15:00,5800.233766227273,568.4112013,1093.375,4135001,HmiyD2TTLFNqkNe,26.297007333333337,39.343784466666655,0.41958991,9,5,5,13.046777133333318
2020-05-16 09:30:00,5899.064123318182,578.0513798681818,1242.0,4135001,HmiyD2TTLFNqkNe,26.59366866666667,39.879952333333335,0.420493884,9,5,5,13.286283666666666
2020-05-16 09:45:00,7324.919642818181,717.1883116909091,1413.0,4135001,HmiyD2TTLFNqkNe,27.030969466666665,41.825665333333326,0.5405936786666665,9,5,5,14.794695866666661
2020-05-16 10:00:00,7346.37094159091,719.2301136318182,1623.142857,4135001,HmiyD2TTLFNqkNe,27.611354533333337,46.072651933333326,0.491453022,10,5,5,18.46129739999999
2020-05-16 10:15:00,7135.819805227273,698.6644480545455,1787.125,4135001,HmiyD2TTLFNqkNe,27.93121328571429,44.468571,0.4697288307142857,10,5,5,16.537357714285708
2020-05-16 10:30:00,9403.3222405,919.6238636318183,2016.857143,4135001,HmiyD2TTLFNqkNe,28.2829874,48.962665,0.654436842,10,5,5,20.6796776
2020-05-16 10:45:00,8322.5194805,814.3025974,2226.714286,4135001,HmiyD2TTLFNqkNe,28.78232633333333,50.154118,0.5955213746666665,10,5,5,21.371791666666667
2020-05-16 11:00:00,8061.10795459091,788.8946428590909,2453.0,4135001,HmiyD2TTLFNqkNe,29.1554974,49.15606886666666,0.5752638966666666,11,5,5,20.000571466666656
2020-05-16 11:15:00,7606.743506636363,744.6465909045454,2666.857143,4135001,HmiyD2TTLFNqkNe,29.3643758,48.12385466666667,0.5423748746666666,11,5,5,18.759478866666672
2020-05-16 11:30:00,7165.221590954546,701.5830357136364,2855.0,4135001,HmiyD2TTLFNqkNe,29.6892496,46.51825533333333,0.4934305533333333,11,5,5,16.82900573333333
2020-05-16 11:45:00,8862.228084409091,866.964935059091,3037.0,4135001,HmiyD2TTLFNqkNe,29.8473918,47.0438902,0.62278731,11,5,5,17.1964984
2020-05-16 12:00:00,9018.992694818182,882.2447240227273,3272.375,4135001,HmiyD2TTLFNqkNe,30.089862066666665,50.091819333333326,0.6620043019999999,12,5,5,20.00195726666666
2020-05-16 12:15:00,7497.198051954546,733.9509740227272,3492.0,4135001,HmiyD2TTLFNqkNe,30.376898714285712,48.67528185714285,0.5404251285714285,12,5,5,18.298383142857137
2020-05-16 12:30:00,10394.434253136364,1015.9577921772728,3724.75,4135001,HmiyD2TTLFNqkNe,30.8864686,50.44957046666666,0.76711941,12,5,5,19.563101866666656
2020-05-16 12:45:00,11154.736201363638,1088.891558409091,4001.714286,4135001,HmiyD2TTLFNqkNe,31.2210448,54.23274553333334,0.8122406413333334,12,5,5,23.011700733333342
2020-05-16 13:00:00,8699.341720772727,850.9735389636364,4252.125,4135001,HmiyD2TTLFNqkNe,31.31397713333333,52.8518024,0.636164586,13,5,5,21.537825266666665
2020-05-16 13:15:00,10626.508117272728,1038.3491883636364,4497.0,4135001,HmiyD2TTLFNqkNe,31.66299653333333,52.0534832,0.7332435986666667,13,5,5,20.39048666666667
2020-05-16 13:30:00,8436.219967409092,825.3967532454545,4725.142857,4135001,HmiyD2TTLFNqkNe,31.617256666666663,49.747872,0.5838647386666667,13,5,5,18.13061533333334
2020-05-16 13:45:00,7061.811688318182,691.4637987,4919.0,4135001,HmiyD2TTLFNqkNe,31.3661072,47.2997298,0.5023924839999999,13,5,5,15.933622600000003
2020-05-16 14:00:00,6286.546266272728,615.8634740181818,5082.428571,4135001,HmiyD2TTLFNqkNe,31.423628733333334,46.57489593333333,0.435684946,14,5,5,15.151267199999996
2020-05-16 14:15:00,8538.385552,835.4613636363637,5246.571429,4135001,HmiyD2TTLFNqkNe,31.98976833333333,47.82889013333333,0.5959771373333332,14,5,5,15.839121800000001
2020-05-16 14:30:00,7449.915584454546,729.3870941545455,5461.375,4135001,HmiyD2TTLFNqkNe,32.24326421428572,48.35548621428571,0.5345009864285714,14,5,5,16.11222199999999
2020-05-16 14:45:00,7294.942370136364,714.2929383136363,5645.857143,4135001,HmiyD2TTLFNqkNe,32.3501976,46.20359726666666,0.5149644066666667,14,5,5,13.853399666666661
2020-05-16 15:00:00,7170.9569805,702.2090097363636,5825.0,4135001,HmiyD2TTLFNqkNe,32.436879733333335,45.77020906666667,0.5036263826666665,15,5,5,13.333329333333339
2020-05-16 15:15:00,5935.646103909091,581.6065746772728,5992.285714,4135001,HmiyD2TTLFNqkNe,32.52414946666667,45.840537533333325,0.419735824,15,5,5,13.316388066666654
2020-05-16 15:30:00,5062.1314935909095,496.3133116954545,6128.0,4135001,HmiyD2TTLFNqkNe,32.328025399999994,43.170092666666655,0.349962358,15,5,5,10.84206726666666
2020-05-16 15:45:00,3857.9756493181817,379.1113636409091,6239.0,4135001,HmiyD2TTLFNqkNe,32.103391466666665,39.814438866666656,0.261408532,15,5,5,7.711047399999991
2020-05-16 16:00:00,3376.764610454545,331.9610389545455,6329.0,4135001,HmiyD2TTLFNqkNe,32.029101733333334,37.712012,0.2276812526666666,16,5,5,5.682910266666667
2020-05-16 16:15:00,2849.6574674545454,279.56842532727273,6408.142857,4135001,HmiyD2TTLFNqkNe,31.9597596,36.301157466666666,0.191869824,16,5,5,4.341397866666664
2020-05-16 16:30:00,2599.6534091363637,254.94342533181816,6477.75,4135001,HmiyD2TTLFNqkNe,31.90710457142857,35.77269607142857,0.1755969835714285,16,5,5,3.8655915000000007
2020-05-16 16:45:00,2213.9886364090908,217.07094155454544,6536.857143,4135001,HmiyD2TTLFNqkNe,31.88745533333333,34.781236066666665,0.150128168,16,5,5,2.893780733333333
2020-05-16 17:00:00,1966.2077921818184,192.7408279272727,6589.375,4135001,HmiyD2TTLFNqkNe,31.747082466666665,33.73915806666666,0.1337432077333333,17,5,5,1.9920755999999962
2020-05-16 17:15:00,1602.2800325454546,156.73051947727274,6634.0,4135001,HmiyD2TTLFNqkNe,31.540801866666666,32.74589640000001,0.109053603,17,5,5,1.205094533333341
2020-05-16 17:30:00,1176.4448052272728,114.39797077727272,6668.0,4135001,HmiyD2TTLFNqkNe,31.300166866666668,31.599767866666667,0.0795873111333333,17,5,5,0.2996009999999991
2020-05-16 17:45:00,751.5413961090909,72.86826298681818,6691.857143,4135001,HmiyD2TTLFNqkNe,31.0485982,30.124161733333327,0.0504507636666666,17,5,5,-0.9244364666666733
2020-05-16 18:00:00,392.1063311636363,37.901298701818185,6705.285714,4135001,HmiyD2TTLFNqkNe,30.311684133333333,28.36227433333333,0.0262128633333333,18,5,5,-1.949409800000005
2020-05-16 18:15:00,125.92126622272727,12.15113636409091,6712.125,4135001,HmiyD2TTLFNqkNe,29.54822573333333,26.94033806666667,0.0088122812133333,18,5,5,-2.6078876666666595
2020-05-16 18:30:00,0.0,0.0,6714.0,4135001,HmiyD2TTLFNqkNe,28.97306333333333,25.9079486,0.00035944967324,18,5,5,-3.0651147333333277
2020-05-16 18:45:00,0.0,0.0,6714.0,4135001,HmiyD2TTLFNqkNe,28.6859842,25.503218533333328,0.0,18,5,5,-3.182765666666672
2020-05-16 19:00:00,0.0,0.0,6714.0,4135001,HmiyD2TTLFNqkNe,28.310195785714285,25.379072142857144,0.0,19,5,5,-2.931123642857141
2020-05-16 19:15:00,0.0,0.0,6714.0,4135001,HmiyD2TTLFNqkNe,27.9578898,25.1996236,0.0,19,5,5,-2.7582662000000013
2020-05-16 19:30:00,0.0,0.0,6714.0,4135001,HmiyD2TTLFNqkNe,27.57085773333333,25.1651774,0.0,19,5,5,-2.405680333333329
2020-05-16 19:45:00,0.0,0.0,6714.0,4135001,HmiyD2TTLFNqkNe,27.256431,24.9509702,0.0,19,5,5,-2.3054607999999988
2020-05-16 20:00:00,0.0,0.0,6714.0,4135001,HmiyD2TTLFNqkNe,26.941198600000003,24.4972452,0.0,20,5,5,-2.443953400000005
2020-05-16 20:15:00,0.0,0.0,6714.0,4135001,HmiyD2TTLFNqkNe,26.701993733333328,24.079714066666664,0.0,20,5,5,-2.622279666666664
2020-05-16 20:30:00,0.0,0.0,6714.0,4135001,HmiyD2TTLFNqkNe,26.483793,23.827305133333336,0.0,20,5,5,-2.6564878666666623
2020-05-16 20:45:00,0.0,0.0,6714.0,4135001,HmiyD2TTLFNqkNe,26.312024857142855,23.62220114285714,0.0,20,5,5,-2.6898237142857155
2020-05-16 21:00:00,0.0,0.0,6714.0,4135001,HmiyD2TTLFNqkNe,26.0082478,23.321525066666663,0.0,21,5,5,-2.6867227333333368
2020-05-16 21:15:00,0.0,0.0,6714.0,4135001,HmiyD2TTLFNqkNe,25.61655473333333,22.952588,0.0,21,5,5,-2.663966733333332
2020-05-16 21:30:00,0.0,0.0,6714.0,4135001,HmiyD2TTLFNqkNe,25.28644193333333,22.64899693333333,0.0,21,5,5,-2.6374449999999996
2020-05-16 21:45:00,0.0,0.0,6714.0,4135001,HmiyD2TTLFNqkNe,25.1239094,22.43270273333333,0.0,21,5,5,-2.6912066666666696
2020-05-16 22:00:00,0.0,0.0,6714.0,4135001,HmiyD2TTLFNqkNe,25.0534728,22.2860412,0.0,22,5,5,-2.767431600000002
2020-05-16 22:15:00,0.0,0.0,6714.0,4135001,HmiyD2TTLFNqkNe,24.8400106,22.0829142,0.0,22,5,5,-2.7570963999999982
2020-05-16 22:30:00,0.0,0.0,6714.0,4135001,HmiyD2TTLFNqkNe,24.612066533333333,21.97715853333333,0.0,22,5,5,-2.634908000000003
2020-05-16 22:45:00,0.0,0.0,6714.0,4135001,HmiyD2TTLFNqkNe,24.492980857142857,22.052697285714284,0.0,22,5,5,-2.440283571428573
2020-05-16 23:00:00,0.0,0.0,6714.0,4135001,HmiyD2TTLFNqkNe,24.461625066666663,22.18635246666667,0.0,23,5,5,-2.275272599999994
2020-05-16 23:15:00,0.0,0.0,6714.0,4135001,HmiyD2TTLFNqkNe,24.39256806666667,22.2029236,0.0,23,5,5,-2.189644466666671
2020-05-16 23:30:00,0.0,0.0,6714.0,4135001,HmiyD2TTLFNqkNe,24.3780212,22.112622066666667,0.0,23,5,5,-2.2653991333333323
2020-05-16 23:45:00,0.0,0.0,6714.0,4135001,HmiyD2TTLFNqkNe,24.2493468,21.814211066666665,0.0,23,5,5,-2.435135733333336
2020-05-17 00:00:00,0.0,0.0,839.25,4135001,HmiyD2TTLFNqkNe,24.170165933333333,21.63149,0.0,0,5,6,-2.5386759333333337
2020-05-17 00:15:00,0.0,0.0,0.0,4135001,HmiyD2TTLFNqkNe,24.011531466666668,21.6482788,0.0,0,5,6,-2.363252666666668
2020-05-17 00:30:00,0.0,0.0,0.0,4135001,HmiyD2TTLFNqkNe,23.8949484,21.48822633333333,0.0,0,5,6,-2.4067220666666707
2020-05-17 00:45:00,0.0,0.0,0.0,4135001,HmiyD2TTLFNqkNe,23.936809,21.515644642857144,0.0,0,5,6,-2.4211643571428567
2020-05-17 01:00:00,0.0,0.0,0.0,4135001,HmiyD2TTLFNqkNe,23.879315066666667,21.539557066666667,0.0,1,5,6,-2.339758
2020-05-17 01:15:00,0.0,0.0,0.0,4135001,HmiyD2TTLFNqkNe,23.75795086666667,21.39526566666667,0.0,1,5,6,-2.362685199999998
2020-05-17 01:30:00,0.0,0.0,0.0,4135001,HmiyD2TTLFNqkNe,23.732131937500004,21.8714694375,0.0,1,5,6,-1.8606625000000037
2020-05-17 01:45:00,0.0,0.0,0.0,4135001,HmiyD2TTLFNqkNe,23.726536066666668,21.646289066666665,0.0,1,5,6,-2.0802470000000035
2020-05-17 02:00:00,0.0,0.0,0.0,4135001,HmiyD2TTLFNqkNe,23.5248778,21.337225266666668,0.0,2,5,6,-2.187652533333331
2020-05-17 02:15:00,0.0,0.0,0.0,4135001,HmiyD2TTLFNqkNe,23.45815413333333,21.357688333333336,0.0,2,5,6,-2.100465799999995
2020-05-17 02:30:00,0.0,0.0,0.0,4135001,HmiyD2TTLFNqkNe,23.3887412,21.382649866666668,0.0,2,5,6,-2.0060913333333303
2020-05-17 02:45:00,0.0,0.0,0.0,4135001,HmiyD2TTLFNqkNe,23.265284928571425,21.255172642857147,0.0,2,5,6,-2.0101122857142784
2020-05-17 03:00:00,0.0,0.0,0.0,4135001,HmiyD2TTLFNqkNe,23.317295400000003,21.500791266666663,0.0,3,5,6,-1.8165041333333392
2020-05-17 03:15:00,0.0,0.0,0.0,4135001,HmiyD2TTLFNqkNe,23.213891600000004,21.4639018,0.0,3,5,6,-1.7499898000000051
2020-05-17 03:30:00,0.0,0.0,0.0,4135001,HmiyD2TTLFNqkNe,22.9518738,20.877089466666664,0.0,3,5,6,-2.074784333333337
2020-05-17 03:45:00,0.0,0.0,0.0,4135001,HmiyD2TTLFNqkNe,22.941931,20.8091066,0.0,3,5,6,-2.1328244000000005
2020-05-17 04:00:00,0.0,0.0,0.0,4135001,HmiyD2TTLFNqkNe,22.86391193333333,20.755200200000004,0.0,4,5,6,-2.108711733333326
2020-05-17 04:15:00,0.0,0.0,0.0,4135001,HmiyD2TTLFNqkNe,22.822157866666668,20.885530466666665,0.0,4,5,6,-1.9366274000000026
2020-05-17 04:30:00,0.0,0.0,0.0,4135001,HmiyD2TTLFNqkNe,22.8671814,21.154836066666668,0.0,4,5,6,-1.7123453333333316
2020-05-17 04:45:00,0.0,0.0,0.0,4135001,HmiyD2TTLFNqkNe,22.746960466666668,21.0750916,0.0,4,5,6,-1.6718688666666672
2020-05-17 05:00:00,0.0,0.0,0.0,4135001,HmiyD2TTLFNqkNe,22.567999266666664,20.847640066666667,0.0,5,5,6,-1.7203591999999972
2020-05-17 05:15:00,0.0,0.0,0.0,4135001,HmiyD2TTLFNqkNe,22.572514071428568,20.91312521428572,0.0,5,5,6,-1.6593888571428472
2020-05-17 05:30:00,0.0,0.0,0.0,4135001,HmiyD2TTLFNqkNe,22.549147400000003,21.070228933333333,0.0,5,5,6,-1.47891846666667
2020-05-17 05:45:00,0.0,0.0,0.0,4135001,HmiyD2TTLFNqkNe,22.5879394,21.22639153333333,0.000333454882,5,5,6,-1.361547866666669
2020-05-17 06:00:00,1.5397727272727273,0.14829545454545456,0.125,4135001,HmiyD2TTLFNqkNe,22.69311313333333,21.416339066666666,0.00478462602,6,5,6,-1.2767740666666647
2020-05-17 06:15:00,122.10551948181819,11.77987013,2.571428571,4135001,HmiyD2TTLFNqkNe,22.79481626666667,21.689546733333334,0.0123497075333333,6,5,6,-1.1052695333333347
2020-05-17 06:30:00,452.8344155818182,43.79155844227272,9.75,4135001,HmiyD2TTLFNqkNe,22.685673066666663,21.89033826666667,0.0341808814,6,5,6,-0.795334799999992
2020-05-17 06:45:00,881.7370129818181,85.59293831227272,26.28571429,4135001,HmiyD2TTLFNqkNe,22.94856573333333,22.59763193333333,0.0679046076,6,5,6,-0.35093379999999996
2020-05-17 07:00:00,1413.137987090909,137.9211039,56.5,4135001,HmiyD2TTLFNqkNe,23.29249893333333,23.8324564,0.1069960559333333,7,5,6,0.5399574666666709
2020-05-17 07:15:00,2454.8985389545455,240.7471590909091,108.8571429,4135001,HmiyD2TTLFNqkNe,23.61099233333333,25.83404733333333,0.1964333966666666,7,5,6,2.2230550000000022
2020-05-17 07:30:00,2849.270292181818,279.75998377727274,172.1428571,4135001,HmiyD2TTLFNqkNe,23.908458142857143,27.4991695,0.2219224921428571,7,5,6,3.590711357142858
2020-05-17 07:45:00,4290.577922045454,421.1623376590909,270.125,4135001,HmiyD2TTLFNqkNe,24.331876666666663,30.97835493333333,0.3224647546666666,7,5,6,6.646478266666666
2020-05-17 08:00:00,5066.830357136364,496.80900975000003,400.8571429,4135001,HmiyD2TTLFNqkNe,25.0617614,34.63271466666667,0.3787024119999999,8,5,6,9.57095326666667
2020-05-17 08:15:00,5163.099025909091,506.14975649545454,534.75,4135001,HmiyD2TTLFNqkNe,25.646803733333336,37.81797673333334,0.3835502693333333,8,5,6,12.171173000000003
2020-05-17 08:30:00,5591.540584409091,548.0823051909091,669.7142857,4135001,HmiyD2TTLFNqkNe,26.14622593333333,40.326182133333326,0.4169753466666666,8,5,6,14.179956199999996
2020-05-17 08:45:00,7490.961850681819,733.4054383090909,838.625,4135001,HmiyD2TTLFNqkNe,27.030932600000003,44.45619293333334,0.561811632,8,5,6,17.425260333333338
2020-05-17 09:00:00,7705.835227272727,754.3619318136364,1044.285714,4135001,HmiyD2TTLFNqkNe,27.683191,48.176432,0.5760844593333334,9,5,6,20.493240999999998
2020-05-17 09:15:00,6493.112824681818,635.9616071409091,1210.0,4135001,HmiyD2TTLFNqkNe,27.985940285714285,45.11740971428571,0.4417064292857143,9,5,6,17.13146942857142
2020-05-17 09:30:00,8345.037337636364,816.6050324681819,1417.0,4135001,HmiyD2TTLFNqkNe,28.59910273333333,46.90497853333333,0.626964662,9,5,6,18.3058758
2020-05-17 09:45:00,10331.799513181819,1009.9195617318182,1649.625,4135001,HmiyD2TTLFNqkNe,29.23562,49.9406148,0.7723580713333332,9,5,6,20.704994799999998
2020-05-17 10:00:00,9834.280031909091,961.3631493545454,1929.0,4135001,HmiyD2TTLFNqkNe,30.091312666666663,52.08946933333333,0.7535374446666667,10,5,6,21.998156666666663
2020-05-17 10:15:00,9696.743506681818,948.2525974045456,2167.875,4135001,HmiyD2TTLFNqkNe,30.02618813333333,48.932501133333325,0.7175451686666666,10,5,6,18.906312999999994
2020-05-17 10:30:00,10234.565747272727,999.5868506727273,2429.571429,4135001,HmiyD2TTLFNqkNe,30.158901066666665,50.718400200000005,0.685881602,10,5,6,20.55949913333334
2020-05-17 10:45:00,11477.605519545456,1119.7467533181818,2727.375,4135001,HmiyD2TTLFNqkNe,31.06742553333333,55.4462772,0.8551090753333334,10,5,6,24.378851666666666
2020-05-17 11:00:00,11050.217532272727,1078.1582791818182,2993.0,4135001,HmiyD2TTLFNqkNe,31.16485806666667,55.28936173333333,0.8123890526666666,11,5,6,24.12450366666666
2020-05-17 11:15:00,12601.997565,1228.846915518182,3310.125,4135001,HmiyD2TTLFNqkNe,31.53113,60.208569533333325,0.997903636,11,5,6,28.677439533333324
2020-05-17 11:30:00,12219.946428636364,1192.0028409545455,3629.714286,4135001,HmiyD2TTLFNqkNe,32.317808071428566,63.145581571428565,0.97745754,11,5,6,30.8277735
2020-05-17 11:45:00,10746.393668454546,1048.8400703227273,3890.428571,4135001,HmiyD2TTLFNqkNe,32.5278644,61.80199160000001,0.869908956,11,5,6,29.27412720000001
2020-05-17 12:00:00,8163.697240136364,798.6218344227273,4146.75,4135001,HmiyD2TTLFNqkNe,32.495967666666665,56.101076266666674,0.635450962,12,5,6,23.60510860000001
2020-05-17 12:15:00,10569.367694954546,1032.1840097363636,4397.714286,4135001,HmiyD2TTLFNqkNe,32.98554906666667,55.0942282,0.7835893886666667,12,5,6,22.108679133333332
2020-05-17 12:30:00,8347.828733772727,815.9969967409091,4622.25,4135001,HmiyD2TTLFNqkNe,33.10833713333334,56.4158632,0.6696705126666667,12,5,6,23.307526066666654
2020-05-17 12:45:00,10475.902597454546,1022.6280843818182,4859.0,4135001,HmiyD2TTLFNqkNe,33.64918780000001,56.556677533333335,0.8371243526666667,12,5,6,22.90748973333333
2020-05-17 13:00:00,5873.676948045454,575.3819805136363,5105.125,4135001,HmiyD2TTLFNqkNe,33.88692626666666,53.80755813333333,0.4224988753333333,13,5,6,19.920631866666668
2020-05-17 13:15:00,6453.4683442272735,631.3867694818182,5230.857143,4135001,HmiyD2TTLFNqkNe,33.053440333333334,43.3909484,0.4517712339999999,13,5,6,10.337508066666665
2020-05-17 13:30:00,10238.913149272727,999.6965097,5472.25,4135001,HmiyD2TTLFNqkNe,33.727413,54.2896504,0.7428897426666667,13,5,6,20.5622374
2020-05-17 13:45:00,8495.29788959091,830.3125,5682.285714,4135001,HmiyD2TTLFNqkNe,34.05229864285714,52.027917142857135,0.6250849942857142,13,5,6,17.975618499999996
2020-05-17 14:00:00,8882.9667205,867.9072240181818,5915.375,4135001,HmiyD2TTLFNqkNe,34.48483913333333,55.32990506666666,0.6977725753333333,14,5,6,20.84506593333333
2020-05-17 14:15:00,5776.753246772728,565.9157467545455,6064.571429,4135001,HmiyD2TTLFNqkNe,34.304164533333335,47.853904533333335,0.4311784306666666,14,5,6,13.54974
2020-05-17 14:30:00,3975.769480545455,390.00576297727275,6211.75,4135001,HmiyD2TTLFNqkNe,34.02411533333334,44.905969266666666,0.3150899026666667,14,5,6,10.881853933333325
2020-05-17 14:45:00,9535.489448,932.1926948136363,6381.0,4135001,HmiyD2TTLFNqkNe,34.147082733333335,47.63582766666666,0.6598271179999999,14,5,6,13.488744933333322
2020-05-17 15:00:00,9263.620941409092,906.0277597454547,6631.5,4135001,HmiyD2TTLFNqkNe,35.109771733333325,54.05481966666666,0.6836362013333332,15,5,6,18.945047933333335
2020-05-17 15:15:00,7155.797889545454,700.6484577863637,6843.142857,4135001,HmiyD2TTLFNqkNe,35.25248613333334,49.98867166666666,0.5102416726666666,15,5,6,14.73618553333332
2020-05-17 15:30:00,7921.360389636364,775.1569805181819,7028.0,4135001,HmiyD2TTLFNqkNe,34.98165257142857,49.41860521428572,0.5909004857142856,15,5,6,14.43695264285715
2020-05-17 15:45:00,4205.392045409091,412.73230519545456,7161.285714,4135001,HmiyD2TTLFNqkNe,34.6127872,43.38971593333332,0.289312882,15,5,6,8.776928733333321
2020-05-17 16:00:00,6369.599025954545,623.8436688318181,7296.857143,4135001,HmiyD2TTLFNqkNe,34.73750799999999,44.045326466666666,0.4533658826666666,16,5,6,9.307818466666674
2020-05-17 16:15:00,4677.661255454545,458.84954005,7433.25,4135001,HmiyD2TTLFNqkNe,31.03193885714285,39.526938357142846,0.3384331157142856,16,5,6,8.494999499999995
2020-05-17 16:30:00,4232.735389636364,415.27930194545456,7558.0,4135001,HmiyD2TTLFNqkNe,29.56562293333333,36.276623400000005,0.2913128866666666,16,5,6,6.711000466666675
2020-05-17 16:45:00,3722.8303571818183,365.69813311818183,7662.25,4135001,HmiyD2TTLFNqkNe,29.363769533333336,35.604502399999994,0.257869254,16,5,6,6.240732866666658
2020-05-17 17:00:00,2037.9910714999999,199.8004058409091,7733.0,4135001,HmiyD2TTLFNqkNe,28.750748666666663,32.94330453333333,0.1410015502666666,17,5,6,4.19255586666667
2020-05-17 17:15:00,1669.1063311818182,163.52865258636365,7777.875,4135001,HmiyD2TTLFNqkNe,28.2966472,30.6336732,0.1170341706666666,17,5,6,2.3370260000000016
2020-05-17 17:30:00,1370.2175325,133.36469155909091,7816.428571,4135001,HmiyD2TTLFNqkNe,27.601739071428568,29.47836742857143,0.0945128417142857,17,5,6,1.876628357142863
2020-05-17 17:45:00,874.469155840909,84.87922077909091,7845.375,4135001,HmiyD2TTLFNqkNe,26.728900000000003,27.917517000000004,0.0617229363333333,17,5,6,1.1886170000000007
2020-05-17 18:00:00,317.42126623181815,30.671834415454544,7860.142857,4135001,HmiyD2TTLFNqkNe,26.354187066666668,26.4137554,0.0236255477666666,18,5,6,0.059568333333331225
2020-05-17 18:15:00,130.89529221363637,12.62946428590909,7865.5,4135001,HmiyD2TTLFNqkNe,26.136122600000004,25.373767200000003,0.0103677880266666,18,5,6,-0.7623554000000006
2020-05-17 18:30:00,0.0,0.0,7867.0,4135001,HmiyD2TTLFNqkNe,26.141086733333328,25.04768066666667,0.0008371204092466,18,5,6,-1.0934060666666596
2020-05-17 18:45:00,0.0,0.0,7867.0,4135001,HmiyD2TTLFNqkNe,25.99661440000001,24.617095866666663,0.0,18,5,6,-1.3795185333333464
2020-05-17 19:00:00,0.0,0.0,7867.0,4135001,HmiyD2TTLFNqkNe,25.8602378,24.0412028,0.0,19,5,6,-1.8190349999999995
2020-05-17 19:15:00,0.0,0.0,7867.0,4135001,HmiyD2TTLFNqkNe,25.983874333333333,24.02473346666667,0.0,19,5,6,-1.9591408666666617
2020-05-17 19:30:00,0.0,0.0,7867.0,4135001,HmiyD2TTLFNqkNe,25.908121666666663,24.077667266666676,0.0,19,5,6,-1.8304543999999865
2020-05-17 19:45:00,0.0,0.0,7867.0,4135001,HmiyD2TTLFNqkNe,25.816386571428573,24.16028707142857,0.0,19,5,6,-1.6560995000000034
2020-05-17 20:00:00,0.0,0.0,7867.0,4135001,HmiyD2TTLFNqkNe,25.671177266666668,24.322601266666663,0.0,20,5,6,-1.3485760000000049
2020-05-17 20:15:00,0.0,0.0,7867.0,4135001,HmiyD2TTLFNqkNe,25.501432266666665,23.832798466666663,0.0,20,5,6,-1.668633800000002
2020-05-17 20:30:00,0.0,0.0,7867.0,4135001,HmiyD2TTLFNqkNe,25.29024046666667,23.789335066666663,0.0,20,5,6,-1.5009054000000077
2020-05-17 20:45:00,0.0,0.0,7867.0,4135001,HmiyD2TTLFNqkNe,25.28608,24.130078200000003,0.0,20,5,6,-1.156001799999995
2020-05-17 21:00:00,0.0,0.0,7867.0,4135001,HmiyD2TTLFNqkNe,25.382098400000004,24.566923,0.0,21,5,6,-0.8151754000000047
2020-05-17 21:15:00,0.0,0.0,7867.0,4135001,HmiyD2TTLFNqkNe,22.50401006666667,21.093290266666667,0.0,21,5,6,-1.4107198000000025
2020-05-17 21:30:00,0.0,0.0,7867.0,4135001,HmiyD2TTLFNqkNe,21.507785933333327,20.427958,0.0,21,5,6,-1.079827933333327
2020-05-17 21:45:00,0.0,0.0,7867.0,4135001,HmiyD2TTLFNqkNe,21.294806357142853,20.37712092857143,0.0,21,5,6,-0.9176854285714242
2020-05-17 22:00:00,0.0,0.0,7867.0,4135001,HmiyD2TTLFNqkNe,21.237546733333332,20.449766,0.0,22,5,6,-0.7877807333333315
2020-05-17 22:15:00,0.0,0.0,7867.0,4135001,HmiyD2TTLFNqkNe,21.260813466666665,20.511558,0.0,22,5,6,-0.7492554666666642
2020-05-17 22:30:00,0.0,0.0,7867.0,4135001,HmiyD2TTLFNqkNe,21.314433,20.633658733333327,0.0,22,5,6,-0.6807742666666741
2020-05-17 22:45:00,0.0,0.0,7867.0,4135001,HmiyD2TTLFNqkNe,21.31589153333333,20.690883266666667,0.0,22,5,6,-0.6250082666666614
2020-05-17 23:00:00,0.0,0.0,7867.0,4135001,HmiyD2TTLFNqkNe,21.2205322,20.590588399999994,0.0,23,5,6,-0.6299438000000066
2020-05-17 23:15:00,0.0,0.0,7867.0,4135001,HmiyD2TTLFNqkNe,21.216575066666667,20.6353922,0.0,23,5,6,-0.5811828666666692
2020-05-17 23:30:00,0.0,0.0,7867.0,4135001,HmiyD2TTLFNqkNe,21.273112,20.632493266666668,0.0,23,5,6,-0.6406187333333335
2020-05-17 23:45:00,0.0,0.0,7867.0,4135001,HmiyD2TTLFNqkNe,21.209418285714285,20.563114714285717,0.0,23,5,6,-0.6463035714285681
2020-05-18 00:00:00,0.0,0.0,1929.25,4135001,HmiyD2TTLFNqkNe,21.1556906,20.599399733333332,0.0,0,5,0,-0.5562908666666679
2020-05-18 00:15:00,0.0,0.0,0.0,4135001,HmiyD2TTLFNqkNe,21.0414368,20.475962266666667,0.0,0,5,0,-0.5654745333333331
2020-05-18 00:30:00,0.0,0.0,0.0,4135001,HmiyD2TTLFNqkNe,21.14206753333333,20.531305,0.0,0,5,0,-0.6107625333333289
2020-05-18 00:45:00,0.0,0.0,0.0,4135001,HmiyD2TTLFNqkNe,21.13725773333333,20.533317066666665,0.0,0,5,0,-0.6039406666666629
2020-05-18 01:00:00,0.0,0.0,0.0,4135001,HmiyD2TTLFNqkNe,21.070792666666662,20.480647866666665,0.0,1,5,0,-0.5901447999999974
2020-05-18 01:15:00,0.0,0.0,0.0,4135001,HmiyD2TTLFNqkNe,20.989664666666663,20.38562406666667,0.0,1,5,0,-0.604040599999994
2020-05-18 01:30:00,0.0,0.0,0.0,4135001,HmiyD2TTLFNqkNe,20.983842,20.376831,0.0,1,5,0,-0.607011
2020-05-18 01:45:00,0.0,0.0,0.0,4135001,HmiyD2TTLFNqkNe,21.027005866666663,20.393176200000003,0.0,1,5,0,-0.6338296666666601
2020-05-18 02:00:00,0.0,0.0,0.0,4135001,HmiyD2TTLFNqkNe,20.969343142857145,20.333884,0.0,2,5,0,-0.6354591428571439
2020-05-18 02:15:00,0.0,0.0,0.0,4135001,HmiyD2TTLFNqkNe,21.007230733333337,20.224764,0.0,2,5,0,-0.7824667333333366
2020-05-18 02:30:00,0.0,0.0,0.0,4135001,HmiyD2TTLFNqkNe,21.13065793333333,20.224632,0.0,2,5,0,-0.906025933333332
2020-05-18 02:45:00,0.0,0.0,0.0,4135001,HmiyD2TTLFNqkNe,21.211199999999995,20.258032333333333,0.0,2,5,0,-0.953167666666662
2020-05-18 03:00:00,0.0,0.0,0.0,4135001,HmiyD2TTLFNqkNe,21.25834353333333,20.346830266666668,0.0,3,5,0,-0.9115132666666632
2020-05-18 03:15:00,0.0,0.0,0.0,4135001,HmiyD2TTLFNqkNe,21.351094533333328,20.8456686,0.0,3,5,0,-0.5054259333333277
2020-05-18 03:30:00,0.0,0.0,0.0,4135001,HmiyD2TTLFNqkNe,21.370375666666664,21.00739133333333,0.0,3,5,0,-0.36298433333333335
2020-05-18 03:45:00,0.0,0.0,0.0,4135001,HmiyD2TTLFNqkNe,21.3891804,20.86159873333333,0.0,3,5,0,-0.52758166666667
2020-05-18 04:00:00,0.0,0.0,0.0,4135001,HmiyD2TTLFNqkNe,21.4589906,20.88282673333333,0.0,4,5,0,-0.5761638666666684
2020-05-18 04:15:00,0.0,0.0,0.0,4135001,HmiyD2TTLFNqkNe,21.187731933333332,20.365230333333333,0.0,4,5,0,-0.822501599999999
2020-05-18 04:30:00,0.0,0.0,0.0,4135001,HmiyD2TTLFNqkNe,21.036965428571428,19.75568707142857,0.0,4,5,0,-1.281278357142856
2020-05-18 04:45:00,0.0,0.0,0.0,4135001,HmiyD2TTLFNqkNe,20.961525466666664,19.47753106666667,0.0,4,5,0,-1.4839943999999932
2020-05-18 05:00:00,0.0,0.0,0.0,4135001,HmiyD2TTLFNqkNe,21.00024833333333,19.778517666666666,0.0,5,5,0,-1.2217306666666659
2020-05-18 05:15:00,0.0,0.0,0.0,4135001,HmiyD2TTLFNqkNe,21.127661266666664,20.065865,0.0,5,5,0,-1.061796266666665
2020-05-18 05:30:00,0.0,0.0,0.0,4135001,HmiyD2TTLFNqkNe,21.194393066666667,20.01042266666667,0.0,5,5,0,-1.1839703999999962
2020-05-18 05:45:00,0.0,0.0,0.0,4135001,HmiyD2TTLFNqkNe,21.265387133333327,19.97623313333333,0.0005199656633333,5,5,0,-1.2891539999999964
2020-05-18 06:00:00,72.33685064999999,6.97857142859091,0.857142857,4135001,HmiyD2TTLFNqkNe,21.30836173333333,20.28832386666667,0.00859414896,6,5,0,-1.0200378666666623
2020-05-18 06:15:00,383.19074675454544,37.040016234545455,6.75,4135001,HmiyD2TTLFNqkNe,21.431498266666665,20.859558,0.0283668289333333,6,5,0,-0.5719402666666653
2020-05-18 06:30:00,746.9228896045454,72.42727272681817,20.57142857,4135001,HmiyD2TTLFNqkNe,21.610323285714287,21.56044657142857,0.0539561357142857,6,5,0,-0.04987671428571616
2020-05-18 06:45:00,1145.5689935454545,111.37767857727272,44.25,4135001,HmiyD2TTLFNqkNe,21.672629800000003,22.11884373333333,0.0805502275333333,6,5,0,0.4462139333333255
2020-05-18 07:00:00,1685.794642818182,164.96907467727272,78.875,4135001,HmiyD2TTLFNqkNe,21.834507400000003,23.14069626666667,0.1175455726666666,7,5,0,1.3061888666666661
2020-05-18 07:15:00,2666.3441558636364,261.5725649363636,134.75,4135001,HmiyD2TTLFNqkNe,22.19873053333333,25.319020466666665,0.187030046,7,5,0,3.1202899333333356
2020-05-18 07:30:00,3450.7329545000002,338.9842532545454,217.625,4135001,HmiyD2TTLFNqkNe,22.696124266666665,28.3609558,0.2446230293333333,7,5,0,5.664831533333334
2020-05-18 07:45:00,1773.1858766363637,173.5789772727273,285.4285714,4135001,HmiyD2TTLFNqkNe,23.109639466666664,29.0602518,0.119259876,7,5,0,5.950612333333336
2020-05-18 08:00:00,1270.1233766363637,123.55633116818181,322.25,4135001,HmiyD2TTLFNqkNe,23.232289466666664,26.9630168,0.0829558039333333,8,5,0,3.730727333333334
2020-05-18 08:15:00,1380.8433441363636,134.49797078181817,354.2857143,4135001,HmiyD2TTLFNqkNe,23.337219066666663,26.20634773333333,0.0897481783333333,8,5,0,2.8691286666666684
2020-05-18 08:30:00,1822.0308440909093,178.5814935090909,395.25,4135001,HmiyD2TTLFNqkNe,23.50864866666667,26.8290996,0.1180922946666666,8,5,0,3.32045093333333
2020-05-18 08:45:00,1924.3246752727273,188.6325487,443.1428571,4135001,HmiyD2TTLFNqkNe,23.5459355,27.599182000000003,0.1246440646428571,8,5,0,4.053246500000004
2020-05-18 09:00:00,1772.4115259999999,173.7047889590909,490.875,4135001,HmiyD2TTLFNqkNe,23.7412598,27.860758533333332,0.1154349828,9,5,0,4.11949873333333
2020-05-18 09:15:00,1718.5048701363637,168.42004870454545,533.4285714,4135001,HmiyD2TTLFNqkNe,23.763322,27.507177666666667,0.1104082978666666,9,5,0,3.7438556666666685
2020-05-18 09:30:00,1492.9423700909092,145.60779220454546,572.4285714,4135001,HmiyD2TTLFNqkNe,23.76201373333333,27.197131266666663,0.0963806904,9,5,0,3.435117533333333
2020-05-18 09:45:00,1528.0884739545456,149.2775162272727,610.5,4135001,HmiyD2TTLFNqkNe,23.76213573333333,26.630550000000003,0.0992951618,9,5,0,2.8684142666666723
2020-05-18 10:00:00,1750.7142856818182,171.59318181818182,652.5714286,4135001,HmiyD2TTLFNqkNe,23.8746256,26.81340946666667,0.112813087,10,5,0,2.938783866666668
2020-05-18 10:15:00,2213.3019480454545,217.0037337681818,700.25,4135001,HmiyD2TTLFNqkNe,23.838385,27.240083733333336,0.1422467350666666,10,5,0,3.401698733333337
2020-05-18 10:30:00,3205.2248376363636,314.8661526,769.8571429,4135001,HmiyD2TTLFNqkNe,24.006947666666665,28.83434853333333,0.20888875,10,5,0,4.827400866666665
2020-05-18 10:45:00,5642.720779227273,553.0703733727273,880.875,4135001,HmiyD2TTLFNqkNe,24.324541357142856,32.964675928571424,0.374390925,10,5,0,8.640134571428568
2020-05-18 11:00:00,6419.141233772727,628.8469967590909,1039.428571,4135001,HmiyD2TTLFNqkNe,24.86980793333333,37.53728039999999,0.4349046853333333,11,5,0,12.667472466666663
2020-05-18 11:15:00,7111.844967545455,696.4186688318182,1207.5,4135001,HmiyD2TTLFNqkNe,25.1295838,39.552423133333335,0.4847505873333333,11,5,0,14.422839333333336
2020-05-18 11:30:00,5214.324675318182,511.1603084363636,1366.714286,4135001,HmiyD2TTLFNqkNe,25.289666666666665,38.92812506666666,0.3514650546666666,11,5,0,13.638458399999994
2020-05-18 11:45:00,6184.514610545454,605.9228896181818,1506.875,4135001,HmiyD2TTLFNqkNe,25.215167266666665,37.6112162,0.4148831933333333,11,5,0,12.396048933333336
2020-05-18 12:00:00,8178.600649363637,800.3711850636363,1683.714286,4135001,HmiyD2TTLFNqkNe,25.70663053333333,41.3690166,0.5623129906666666,12,5,0,15.662386066666674
2020-05-18 12:15:00,8587.079545454546,840.2355519545454,1903.5,4135001,HmiyD2TTLFNqkNe,26.310502066666665,46.148805933333335,0.6032151686666668,12,5,0,19.83830386666667
2020-05-18 12:30:00,8478.637175272726,829.6818181772727,2119.285714,4135001,HmiyD2TTLFNqkNe,26.840596666666663,45.97044666666666,0.5932437233333331,12,5,0,19.129849999999998
2020-05-18 12:45:00,7947.814123409091,777.8951298681818,2328.625,4135001,HmiyD2TTLFNqkNe,26.93235466666667,44.0610454,0.5511298453333334,12,5,0,17.12869073333333
2020-05-18 13:00:00,8062.039772727273,789.03125,2546.142857,4135001,HmiyD2TTLFNqkNe,27.019004333333328,45.002500266666665,0.5673698246666667,13,5,0,17.983495933333337
2020-05-18 13:15:00,9827.182630090909,960.2958603863636,2749.5,4135001,HmiyD2TTLFNqkNe,27.123125214285714,43.86432764285714,0.7228268242857143,13,5,0,16.741202428571427
2020-05-18 13:30:00,11325.84659090909,1105.4585227272728,3026.0,4135001,HmiyD2TTLFNqkNe,27.371872999999997,49.5876018,0.8068469279999999,13,5,0,22.215728800000004
2020-05-18 13:45:00,12866.295454545454,1254.6327110454547,3333.875,4135001,HmiyD2TTLFNqkNe,27.86127913333333,52.84501126666667,0.97148052,13,5,0,24.983732133333337
2020-05-18 14:00:00,9592.102272454546,937.1541395863637,3631.571429,4135001,HmiyD2TTLFNqkNe,28.367100066666666,53.9367392,0.7235532206666667,14,5,0,25.569639133333332
2020-05-18 14:15:00,4958.750000045455,486.2873376636364,3777.571429,4135001,HmiyD2TTLFNqkNe,27.717987066666662,42.515350533333326,0.344136892,14,5,0,14.797363466666663
2020-05-18 14:30:00,6587.916396090909,645.3005681818181,3926.75,4135001,HmiyD2TTLFNqkNe,27.390254733333336,39.45489506666667,0.453461884,14,5,0,12.064640333333337
2020-05-18 14:45:00,6337.343344090908,620.8094967545454,4082.0,4135001,HmiyD2TTLFNqkNe,27.21775093333333,38.819875,0.4386813753333332,14,5,0,11.602124066666672
2020-05-18 15:00:00,7808.653409090909,764.3875811681818,4270.25,4135001,HmiyD2TTLFNqkNe,27.2929586,41.94669766666666,0.5478691779999999,15,5,0,14.65373906666666
2020-05-18 15:15:00,7936.571428545454,776.8561688272727,4463.0,4135001,HmiyD2TTLFNqkNe,27.22515273333333,42.82454406666666,0.555787044,15,5,0,15.59939133333333
2020-05-18 15:30:00,7528.644480545455,737.0730519590909,4659.375,4135001,HmiyD2TTLFNqkNe,27.56823728571429,43.82351471428571,0.52508064,15,5,0,16.255277428571418
2020-05-18 15:45:00,7028.981331136363,688.3544642863636,4840.857143,4135001,HmiyD2TTLFNqkNe,27.814182533333334,43.054219466666666,0.496169466,15,5,0,15.240036933333332
2020-05-18 16:00:00,5918.975649409091,580.0053571363636,4998.375,4135001,HmiyD2TTLFNqkNe,27.823516666666663,40.7451396,0.4127974533333334,16,5,0,12.921622933333339
2020-05-18 16:15:00,4247.786525954545,417.11948052272726,5128.142857,4135001,HmiyD2TTLFNqkNe,27.479427066666663,37.63392773333333,0.299364092,16,5,0,10.154500666666667
2020-05-18 16:30:00,3704.896103818182,364.10795455,5225.625,4135001,HmiyD2TTLFNqkNe,27.230830933333333,34.6317082,0.2568065713333334,16,5,0,7.400877266666665
2020-05-18 16:45:00,2896.9261363636365,284.27467532727275,5309.857143,4135001,HmiyD2TTLFNqkNe,27.048868933333328,32.782216333333324,0.1971915986666666,16,5,0,5.733347399999996
2020-05-18 17:00:00,2221.5503246363637,217.8156655818182,5373.125,4135001,HmiyD2TTLFNqkNe,26.624064000000004,30.85439253333333,0.1492800746666666,17,5,0,4.230328533333324
2020-05-18 17:15:00,1661.1266233636363,162.54626623181818,5422.571429,4135001,HmiyD2TTLFNqkNe,26.434037266666667,29.21453033333333,0.1109690122,17,5,0,2.7804930666666614
2020-05-18 17:30:00,1146.2930194545454,111.45592532727272,5458.0,4135001,HmiyD2TTLFNqkNe,26.11982735714286,27.814555357142854,0.0775804512142857,17,5,0,1.6947279999999942
2020-05-18 17:45:00,735.1120129818181,71.26420454545455,5482.0,4135001,HmiyD2TTLFNqkNe,25.6725036,26.492338066666665,0.0509663638,17,5,0,0.8198344666666664
2020-05-18 18:00:00,425.45129869545457,41.137337662727276,5496.25,4135001,HmiyD2TTLFNqkNe,25.250388666666662,25.3468934,0.0307901562666666,18,5,0,0.09650473333333665
2020-05-18 18:15:00,165.6834415590909,15.994724025454547,5504.285714,4135001,HmiyD2TTLFNqkNe,24.9734254,24.41195066666667,0.0139073641466666,18,5,0,-0.5614747333333305
2020-05-18 18:30:00,0.8125,0.07840909090909091,5506.0,4135001,HmiyD2TTLFNqkNe,24.746293133333328,23.71588746666667,0.0019180998580666,18,5,0,-1.0304056666666597
2020-05-18 18:45:00,0.0,0.0,5506.0,4135001,HmiyD2TTLFNqkNe,24.62904473333333,23.3245056,0.0,18,5,0,-1.304539133333332
2020-05-18 19:00:00,0.0,0.0,5506.0,4135001,HmiyD2TTLFNqkNe,24.541290266666667,23.18553866666667,0.0,19,5,0,-1.3557515999999978
2020-05-18 19:15:00,0.0,0.0,5506.0,4135001,HmiyD2TTLFNqkNe,24.498402866666662,23.097552533333328,0.0,19,5,0,-1.4008503333333344
2020-05-18 19:30:00,0.0,0.0,5506.0,4135001,HmiyD2TTLFNqkNe,24.466125533333333,23.028159666666667,0.0,19,5,0,-1.4379658666666657
2020-05-18 19:45:00,0.0,0.0,5506.0,4135001,HmiyD2TTLFNqkNe,24.412616,22.996329666666664,0.0,19,5,0,-1.4162863333333355
2020-05-18 20:00:00,0.0,0.0,5506.0,4135001,HmiyD2TTLFNqkNe,24.3377575,22.61223907142857,0.0,20,5,0,-1.72551842857143
2020-05-18 20:15:00,0.0,0.0,5506.0,4135001,HmiyD2TTLFNqkNe,24.169771333333333,21.926884066666663,0.0,20,5,0,-2.2428872666666706
2020-05-18 20:30:00,0.0,0.0,5506.0,4135001,HmiyD2TTLFNqkNe,24.051348733333334,21.943363466666668,0.0,20,5,0,-2.1079852666666667
2020-05-18 20:45:00,0.0,0.0,5506.0,4135001,HmiyD2TTLFNqkNe,23.8982564,21.728692533333327,0.0,20,5,0,-2.1695638666666746
2020-05-18 21:00:00,0.0,0.0,5506.0,4135001,HmiyD2TTLFNqkNe,23.72655033333333,21.563179466666668,0.0,21,5,0,-2.1633708666666607
2020-05-18 21:15:00,0.0,0.0,5506.0,4135001,HmiyD2TTLFNqkNe,23.632824666666664,21.526403933333327,0.0,21,5,0,-2.106420733333337
2020-05-18 21:30:00,0.0,0.0,5506.0,4135001,HmiyD2TTLFNqkNe,23.644559666666662,21.496999066666667,0.0,21,5,0,-2.147560599999995
2020-05-18 21:45:00,0.0,0.0,5506.0,4135001,HmiyD2TTLFNqkNe,23.303951066666663,21.161399333333332,0.0,21,5,0,-2.142551733333331
2020-05-18 22:00:00,0.0,0.0,5506.0,4135001,HmiyD2TTLFNqkNe,23.088842866666667,20.913444,0.0,22,5,0,-2.1753988666666686
2020-05-18 22:15:00,0.0,0.0,5506.0,4135001,HmiyD2TTLFNqkNe,22.913321142857136,20.759881142857136,0.0,22,5,0,-2.15344
2020-05-18 22:30:00,0.0,0.0,5506.0,4135001,HmiyD2TTLFNqkNe,22.8502136,20.73205366666667,0.0,22,5,0,-2.118159933333331
2020-05-18 22:45:00,0.0,0.0,5506.0,4135001,HmiyD2TTLFNqkNe,22.8157798,20.72792366666667,0.0,22,5,0,-2.0878561333333323
2020-05-18 23:00:00,0.0,0.0,5506.0,4135001,HmiyD2TTLFNqkNe,22.787469466666668,20.8693136,0.0,23,5,0,-1.918155866666666
2020-05-18 23:15:00,0.0,0.0,5506.0,4135001,HmiyD2TTLFNqkNe,22.8566712,21.085955733333336,0.0,23,5,0,-1.7707154666666653
2020-05-18 23:30:00,0.0,0.0,5506.0,4135001,HmiyD2TTLFNqkNe,22.750575866666665,20.816385866666668,0.0,23,5,0,-1.9341899999999974
2020-05-18 23:45:00,0.0,0.0,5506.0,4135001,HmiyD2TTLFNqkNe,22.621004266666663,20.6383708,0.0,23,5,0,-1.9826334666666625
2020-05-19 00:00:00,0.0,0.0,779.5714286,4135001,HmiyD2TTLFNqkNe,22.6109822,20.609905933333334,0.0,0,5,1,-2.001076266666665
2020-05-19 00:15:00,0.0,0.0,0.0,4135001,HmiyD2TTLFNqkNe,22.54899814285714,20.52987657142857,0.0,0,5,1,-2.0191215714285704
2020-05-19 00:30:00,0.0,0.0,0.0,4135001,HmiyD2TTLFNqkNe,22.553049733333328,20.4879678,0.0,0,5,1,-2.065081933333328
2020-05-19 00:45:00,0.0,0.0,0.0,4135001,HmiyD2TTLFNqkNe,22.56621713333333,20.4848938,0.0,0,5,1,-2.08132333333333
2020-05-19 01:00:00,0.0,0.0,0.0,4135001,HmiyD2TTLFNqkNe,22.6252198,20.58671073333333,0.0,1,5,1,-2.03850906666667
2020-05-19 01:15:00,0.0,0.0,0.0,4135001,HmiyD2TTLFNqkNe,22.595463066666667,20.627077333333336,0.0,1,5,1,-1.9683857333333314
2020-05-19 01:30:00,0.0,0.0,0.0,4135001,HmiyD2TTLFNqkNe,22.5935506,20.697031866666663,0.0,1,5,1,-1.8965187333333375
2020-05-19 01:45:00,0.0,0.0,0.0,4135001,HmiyD2TTLFNqkNe,22.701711000000003,20.7254476,0.0,1,5,1,-1.9762634000000041
2020-05-19 02:00:00,0.0,0.0,0.0,4135001,HmiyD2TTLFNqkNe,22.759263,20.750472,0.0,2,5,1,-2.008791000000002
2020-05-19 02:15:00,0.0,0.0,0.0,4135001,HmiyD2TTLFNqkNe,22.814073785714285,20.771355785714285,0.0,2,5,1,-2.0427180000000007
2020-05-19 02:30:00,0.0,0.0,0.0,4135001,HmiyD2TTLFNqkNe,22.8776184,20.811470600000003,0.0,2,5,1,-2.066147799999996
2020-05-19 02:45:00,0.0,0.0,0.0,4135001,HmiyD2TTLFNqkNe,22.93003146666667,20.8492228,0.0,2,5,1,-2.0808086666666696
2020-05-19 03:00:00,0.0,0.0,0.0,4135001,HmiyD2TTLFNqkNe,22.953436333333336,20.8419148,0.0,3,5,1,-2.1115215333333346
2020-05-19 03:15:00,0.0,0.0,0.0,4135001,HmiyD2TTLFNqkNe,23.002309133333327,20.79196993333333,0.0,3,5,1,-2.2103391999999964
2020-05-19 03:30:00,0.0,0.0,0.0,4135001,HmiyD2TTLFNqkNe,23.0468344,20.812300666666665,0.0,3,5,1,-2.234533733333336
2020-05-19 03:45:00,0.0,0.0,0.0,4135001,HmiyD2TTLFNqkNe,23.070223,20.8081972,0.0,3,5,1,-2.2620258
2020-05-19 04:00:00,0.0,0.0,0.0,4135001,HmiyD2TTLFNqkNe,23.082743266666665,20.7709128,0.0,4,5,1,-2.311830466666663
2020-05-19 04:15:00,0.0,0.0,0.0,4135001,HmiyD2TTLFNqkNe,23.19221278571429,20.853243214285712,0.0,4,5,1,-2.338969571428578
2020-05-19 04:30:00,0.0,0.0,0.0,4135001,HmiyD2TTLFNqkNe,23.218198666666662,20.8823874,0.0,4,5,1,-2.3358112666666635
2020-05-19 04:45:00,0.0,0.0,0.0,4135001,HmiyD2TTLFNqkNe,23.269362399999995,20.983366000000004,0.0,4,5,1,-2.2859963999999913
2020-05-19 05:00:00,0.0,0.0,0.0,4135001,HmiyD2TTLFNqkNe,23.351676466666664,21.251873733333333,0.0,5,5,1,-2.0998027333333305
2020-05-19 05:15:00,0.0,0.0,0.0,4135001,HmiyD2TTLFNqkNe,23.34258833333333,21.2198508,0.0,5,5,1,-2.122737533333332
2020-05-19 05:30:00,0.0,0.0,0.0,4135001,HmiyD2TTLFNqkNe,23.19291173333333,20.93427533333333,0.0,5,5,1,-2.2586364000000003
2020-05-19 05:45:00,0.0,0.0,0.0,4135001,HmiyD2TTLFNqkNe,23.147200466666668,21.20465293333333,0.0003183178168666,5,5,1,-1.9425475333333395
2020-05-19 06:00:00,0.0,0.0,0.0,4135001,HmiyD2TTLFNqkNe,23.281386399999995,21.919765266666666,0.00431375216,6,5,1,-1.3616211333333297
2020-05-19 06:15:00,96.12175324181818,9.275162337954546,1.75,4135001,HmiyD2TTLFNqkNe,23.344480214285717,22.342457428571432,0.0096971220999999,6,5,1,-1.002022785714285
2020-05-19 06:30:00,174.47646103636365,16.835876624090908,5.285714286,4135001,HmiyD2TTLFNqkNe,23.42726453333333,22.553234866666664,0.0126500733333333,6,5,1,-0.8740296666666652
2020-05-19 06:45:00,724.66314935,70.41282467545454,13.75,4135001,HmiyD2TTLFNqkNe,23.587766400000003,22.965578200000003,0.0467522423333333,6,5,1,-0.6221882000000001
2020-05-19 07:00:00,2461.207792227273,241.37256493636366,55.71428571,4135001,HmiyD2TTLFNqkNe,24.034554,24.97640393333333,0.1720124636666667,7,5,1,0.9418499333333301
2020-05-19 07:15:00,2644.900974045455,259.4632305227273,124.25,4135001,HmiyD2TTLFNqkNe,24.505352933333327,27.033671066666663,0.1875066193333333,7,5,1,2.528318133333336
2020-05-19 07:30:00,2662.374188318182,261.1850649409091,189.7142857,4135001,HmiyD2TTLFNqkNe,24.80741786666666,29.581636466666662,0.1886549799999999,7,5,1,4.774218600000001
2020-05-19 07:45:00,3271.018668863637,321.09626623181816,263.5714286,4135001,HmiyD2TTLFNqkNe,25.04675513333333,31.106146266666663,0.2351156386666667,7,5,1,6.059391133333332
2020-05-19 08:00:00,1853.1615260454544,181.46396103636363,337.25,4135001,HmiyD2TTLFNqkNe,25.179372266666665,30.782277533333332,0.1312115527333333,8,5,1,5.602905266666667
2020-05-19 08:15:00,2700.4399350454546,264.9637175363636,389.8571429,4135001,HmiyD2TTLFNqkNe,25.188796928571428,30.107465642857143,0.1940915442857143,8,5,1,4.918668714285715
2020-05-19 08:30:00,4228.942370136364,415.14050324545457,478.5714286,4135001,HmiyD2TTLFNqkNe,25.61507166666667,33.972491733333335,0.2977888,8,5,1,8.357420066666666
2020-05-19 08:45:00,3980.3725649545454,390.7872564954545,577.25,4135001,HmiyD2TTLFNqkNe,25.79166053333333,34.815734666666664,0.2735150473333333,8,5,1,9.024074133333333
2020-05-19 09:00:00,5572.865259772728,546.1676948045455,699.25,4135001,HmiyD2TTLFNqkNe,26.1215332,36.85808506666665,0.386892012,9,5,1,10.736551866666655
2020-05-19 09:15:00,6166.187499954545,604.1396103818182,841.8571429,4135001,HmiyD2TTLFNqkNe,26.495521866666664,39.636977133333325,0.4241181026666666,9,5,1,13.14145526666666
2020-05-19 09:30:00,8350.838474,817.0405032454546,1043.5,4135001,HmiyD2TTLFNqkNe,27.322759933333337,45.7407144,0.6465474886666664,9,5,1,18.417954466666664
2020-05-19 09:45:00,6995.4074675,684.9421266272727,1239.285714,4135001,HmiyD2TTLFNqkNe,27.51964326666667,46.130108666666665,0.5261106153333333,9,5,1,18.610465399999995
2020-05-19 10:00:00,6470.139610409091,633.6889610363637,1399.125,4135001,HmiyD2TTLFNqkNe,27.60525313333333,43.148862666666666,0.4921659633333334,10,5,1,15.543609533333335
2020-05-19 10:15:00,7833.419642863636,766.3422077863637,1582.5,4135001,HmiyD2TTLFNqkNe,27.712921,43.051186571428566,0.5924935807142857,10,5,1,15.338265571428565
2020-05-19 10:30:00,6980.865259727273,683.1077922090909,1778.142857,4135001,HmiyD2TTLFNqkNe,27.89099326666667,44.39553446666666,0.5110362213333333,10,5,1,16.50454119999999
2020-05-19 10:45:00,8343.083603954547,815.7851461090909,1978.5,4135001,HmiyD2TTLFNqkNe,27.81567373333333,43.86323240000001,0.601559176,10,5,1,16.047558666666678
2020-05-19 11:00:00,10357.2751625,1011.3056006272727,2241.428571,4135001,HmiyD2TTLFNqkNe,28.1994974,48.014198666666665,0.813000858,11,5,1,19.814701266666667
2020-05-19 11:15:00,7223.749188318182,706.7740259772728,2470.5,4135001,HmiyD2TTLFNqkNe,28.478570533333333,47.685272,0.4994732739999999,11,5,1,19.206701466666665
2020-05-19 11:30:00,4050.738636409091,397.9651515090909,2566.0,4135001,HmiyD2TTLFNqkNe,28.08173375,40.725124125,0.283390025,11,5,1,12.643390375
2020-05-19 12:30:00,9859.196969681818,963.9530303,3616.0,4135001,HmiyD2TTLFNqkNe,29.644663666666663,49.07784,0.73832813,12,5,1,19.43317633333334
2020-05-19 12:45:00,11456.5,1118.3431818181818,3827.75,4135001,HmiyD2TTLFNqkNe,29.9514374,51.408309800000005,0.835832152,12,5,1,21.456872400000005
2020-05-19 13:00:00,9810.20129959091,958.8525974090909,4046.714286,4135001,HmiyD2TTLFNqkNe,30.105845400000003,51.84774173333333,0.7019433013333334,13,5,1,21.741896333333326
2020-05-19 13:15:00,7709.25,754.6136363636364,4271.0,4135001,HmiyD2TTLFNqkNe,29.9082072,49.460659,0.5473548466666667,13,5,1,19.5524518
2020-05-19 13:30:00,7617.370129863636,745.7012987045455,4450.714286,4135001,HmiyD2TTLFNqkNe,29.60315553333333,44.5125144,0.5306936493333334,13,5,1,14.909358866666672
2020-05-19 13:45:00,10068.704545454546,984.4607954545455,4683.625,4135001,HmiyD2TTLFNqkNe,29.98547573333333,48.13686326666668,0.7212584940000001,13,5,1,18.15138753333335
2020-05-19 14:00:00,9034.461038954545,883.7870129818183,4924.142857,4135001,HmiyD2TTLFNqkNe,29.9116638,49.188905600000005,0.6448023653333332,14,5,1,19.277241800000006
2020-05-19 14:15:00,9533.34659090909,932.1806818181817,5155.75,4135001,HmiyD2TTLFNqkNe,30.111476357142852,49.456279,0.6824211164285713,14,5,1,19.34480264285715
2020-05-19 14:30:00,10154.233765772728,992.7538960727271,5396.142857,4135001,HmiyD2TTLFNqkNe,30.299320466666668,50.359466600000005,0.730578768,14,5,1,20.060146133333337
2020-05-19 14:45:00,9674.7069805,946.1112013000001,5650.75,4135001,HmiyD2TTLFNqkNe,30.368632,50.099892,0.702796554,14,5,1,19.731259999999995
2020-05-19 15:00:00,7372.40746759091,721.775892859091,5874.142857,4135001,HmiyD2TTLFNqkNe,30.22064013333333,46.65866706666667,0.5274703919999999,15,5,1,16.438026933333344
2020-05-19 15:15:00,6047.593344136363,592.6120129863637,6048.5,4135001,HmiyD2TTLFNqkNe,30.035451333333327,43.3170714,0.4324710653333333,15,5,1,13.281620066666676
2020-05-19 15:30:00,6519.1306819090905,638.6125000000001,6195.142857,4135001,HmiyD2TTLFNqkNe,29.785141866666667,40.8995442,0.4500676046666667,15,5,1,11.114402333333334
2020-05-19 15:45:00,5438.1866882272725,533.1085227272728,6346.875,4135001,HmiyD2TTLFNqkNe,29.76168613333333,40.82955953333333,0.3798659046666666,15,5,1,11.0678734
2020-05-19 16:00:00,6502.359577909091,636.9655844136364,6491.285714,4135001,HmiyD2TTLFNqkNe,29.7693278,40.701816533333336,0.4615756146666666,16,5,1,10.932488733333336
2020-05-19 16:15:00,5291.752435045454,518.7721590909091,6639.875,4135001,HmiyD2TTLFNqkNe,29.911296071428573,41.1940265,0.3904150371428571,16,5,1,11.282730428571426
2020-05-19 16:30:00,4605.604166666667,451.9840277777778,6696.75,4135001,HmiyD2TTLFNqkNe,29.6577312,39.18270073333333,0.3286678413333333,16,5,1,9.524969533333326
2020-05-19 16:45:00,3720.468253833333,365.6492063555555,6804.142857,4135001,HmiyD2TTLFNqkNe,29.373718266666668,36.96112066666667,0.2639367406666666,16,5,1,7.5874024000000055
2020-05-19 17:00:00,2668.375,261.8548611111111,6886.0,4135001,HmiyD2TTLFNqkNe,29.096531133333336,34.4538818,0.1892608939999999,17,5,1,5.357350666666662
2020-05-19 17:15:00,1822.1190476666666,178.56984126666669,6940.857143,4135001,HmiyD2TTLFNqkNe,28.59915553333333,31.82115473333333,0.1278067490666667,17,5,1,3.221999199999999
2020-05-19 17:30:00,1250.423611111111,121.63055555555555,6978.625,4135001,HmiyD2TTLFNqkNe,28.11065073333333,29.98121346666667,0.08722808,17,5,1,1.8705627333333403
2020-05-19 17:45:00,535.26190475,51.85873016055555,7002.285714,4135001,HmiyD2TTLFNqkNe,27.6489196,28.5470478,0.0377508244,17,5,1,0.8981282000000022
2020-05-19 18:00:00,1.0,0.09652777777777777,7007.0,4135001,HmiyD2TTLFNqkNe,25.0463766,25.426198266666667,0.0015752938426666,18,5,1,0.3798216666666683
2020-05-19 18:15:00,0.0,0.0,7007.0,4135001,HmiyD2TTLFNqkNe,23.2004924,22.072212666666665,0.0003286336506666,18,5,1,-1.1282797333333363
2020-05-19 18:30:00,0.0,0.0,7007.0,4135001,HmiyD2TTLFNqkNe,22.543171428571423,20.736243071428568,0.0,18,5,1,-1.806928357142855
2020-05-19 18:45:00,0.0,0.0,7007.0,4135001,HmiyD2TTLFNqkNe,22.475012133333333,20.737575266666667,1.5969891733333336e-05,18,5,1,-1.7374368666666662
2020-05-19 19:00:00,0.0,0.0,7007.0,4135001,HmiyD2TTLFNqkNe,22.450284866666667,20.74547933333333,0.0,19,5,1,-1.7048055333333387
2020-05-19 19:15:00,0.0,0.0,7007.0,4135001,HmiyD2TTLFNqkNe,22.510243666666668,20.685723933333332,0.0,19,5,1,-1.8245197333333358
2020-05-19 19:30:00,0.0,0.0,7007.0,4135001,HmiyD2TTLFNqkNe,22.54768473333333,20.47412926666667,0.0,19,5,1,-2.0735554666666616
2020-05-19 19:45:00,0.0,0.0,7007.0,4135001,HmiyD2TTLFNqkNe,22.490025066666668,20.333485733333337,0.0,19,5,1,-2.156539333333331
2020-05-19 20:00:00,0.0,0.0,7007.0,4135001,HmiyD2TTLFNqkNe,22.388783866666664,20.06214393333333,0.0,20,5,1,-2.3266399333333325
2020-05-19 20:15:00,0.0,0.0,7007.0,4135001,HmiyD2TTLFNqkNe,22.85917553333333,20.228641866666667,0.0,20,5,1,-2.6305336666666648
2020-05-19 20:30:00,0.0,0.0,7007.0,4135001,HmiyD2TTLFNqkNe,23.404880666666664,20.62076813333333,0.0,20,5,1,-2.784112533333335
2020-05-19 20:45:00,0.0,0.0,7007.0,4135001,HmiyD2TTLFNqkNe,23.8672628,21.101176,0.0,20,5,1,-2.7660868
2020-05-19 21:00:00,0.0,0.0,7007.0,4135001,HmiyD2TTLFNqkNe,24.02257421428571,21.449929357142853,0.0,21,5,1,-2.5726448571428584
2020-05-19 21:15:00,0.0,0.0,7007.0,4135001,HmiyD2TTLFNqkNe,24.0037862,21.4630168,0.0,21,5,1,-2.540769400000002
2020-05-19 21:30:00,0.0,0.0,7007.0,4135001,HmiyD2TTLFNqkNe,23.942895466666663,21.38899133333333,0.0,21,5,1,-2.553904133333333
2020-05-19 21:45:00,0.0,0.0,7007.0,4135001,HmiyD2TTLFNqkNe,23.8231872,21.24833566666667,0.0,21,5,1,-2.57485153333333
2020-05-19 22:00:00,0.0,0.0,7007.0,4135001,HmiyD2TTLFNqkNe,23.6713298,21.18211053333333,0.0,22,5,1,-2.4892192666666695
2020-05-19 22:15:00,0.0,0.0,7007.0,4135001,HmiyD2TTLFNqkNe,23.7010498,21.558252,0.0,22,5,1,-2.1427978000000003
2020-05-19 22:30:00,0.0,0.0,7007.0,4135001,HmiyD2TTLFNqkNe,23.560729933333327,21.31796673333333,0.0,22,5,1,-2.242763199999999
2020-05-19 22:45:00,0.0,0.0,7007.0,4135001,HmiyD2TTLFNqkNe,23.3931456,21.10627453333333,0.0,22,5,1,-2.28687106666667
2020-05-19 23:00:00,0.0,0.0,7007.0,4135001,HmiyD2TTLFNqkNe,23.23081673333333,20.72144773333333,0.0,23,5,1,-2.5093689999999995
2020-05-19 23:15:00,0.0,0.0,7007.0,4135001,HmiyD2TTLFNqkNe,22.916650214285717,20.368068142857144,0.0,23,5,1,-2.548582071428573
2020-05-19 23:30:00,0.0,0.0,7007.0,4135001,HmiyD2TTLFNqkNe,22.787917200000003,20.3267742,0.0,23,5,1,-2.4611430000000034
2020-05-19 23:45:00,0.0,0.0,6997.0,4135001,HmiyD2TTLFNqkNe,22.638492866666663,20.2964478,0.0,23,5,1,-2.342045066666664
2020-05-20 00:00:00,0.0,0.0,1747.0,4135001,HmiyD2TTLFNqkNe,22.46528513333333,20.111122666666663,0.0,0,5,2,-2.3541624666666685
2020-05-20 00:15:00,0.0,0.0,0.0,4135001,HmiyD2TTLFNqkNe,22.2552064,20.1101744,0.0,0,5,2,-2.1450320000000005
2020-05-20 00:30:00,0.0,0.0,0.0,4135001,HmiyD2TTLFNqkNe,22.217138666666667,20.21119186666667,0.0,0,5,2,-2.0059467999999967
2020-05-20 00:45:00,0.0,0.0,0.0,4135001,HmiyD2TTLFNqkNe,22.22257086666667,20.012646533333328,0.0,0,5,2,-2.2099243333333405
2020-05-20 01:00:00,0.0,0.0,0.0,4135001,HmiyD2TTLFNqkNe,22.19119053333333,20.036071733333333,0.0,1,5,2,-2.155118799999997
2020-05-20 01:15:00,0.0,0.0,0.0,4135001,HmiyD2TTLFNqkNe,22.181749642857145,19.998057785714288,0.0,1,5,2,-2.1836918571428576
2020-05-20 01:30:00,0.0,0.0,0.0,4135001,HmiyD2TTLFNqkNe,22.11587533333333,19.7206116,0.0,1,5,2,-2.39526373333333
2020-05-20 01:45:00,0.0,0.0,0.0,4135001,HmiyD2TTLFNqkNe,22.155918266666664,19.795170133333333,0.0,1,5,2,-2.360748133333331
2020-05-20 02:00:00,0.0,0.0,0.0,4135001,HmiyD2TTLFNqkNe,22.175140333333335,19.728521666666666,0.0,2,5,2,-2.4466186666666694
2020-05-20 02:15:00,0.0,0.0,0.0,4135001,HmiyD2TTLFNqkNe,21.9675416,19.439959666666667,0.0,2,5,2,-2.527581933333334
2020-05-20 02:30:00,0.0,0.0,0.0,4135001,HmiyD2TTLFNqkNe,21.960974199999995,19.382358533333328,0.0,2,5,2,-2.5786156666666677
2020-05-20 02:45:00,0.0,0.0,0.0,4135001,HmiyD2TTLFNqkNe,21.9418578,19.304392400000005,0.0,2,5,2,-2.6374653999999964
2020-05-20 03:00:00,0.0,0.0,0.0,4135001,HmiyD2TTLFNqkNe,21.921218,19.330312066666668,0.0,3,5,2,-2.5909059333333317
2020-05-20 03:15:00,0.0,0.0,0.0,4135001,HmiyD2TTLFNqkNe,22.009416857142856,19.45787921428571,0.0,3,5,2,-2.551537642857145
2020-05-20 03:30:00,0.0,0.0,0.0,4135001,HmiyD2TTLFNqkNe,22.009790133333333,19.52385046666667,0.0,3,5,2,-2.4859396666666633
2020-05-20 03:45:00,0.0,0.0,0.0,4135001,HmiyD2TTLFNqkNe,22.108852,19.497703,0.0,3,5,2,-2.6111489999999975
2020-05-20 04:00:00,0.0,0.0,0.0,4135001,HmiyD2TTLFNqkNe,22.133602066666665,19.5210266,0.0,4,5,2,-2.612575466666666
2020-05-20 04:15:00,0.0,0.0,0.0,4135001,HmiyD2TTLFNqkNe,22.156953933333337,19.550769066666668,0.0,4,5,2,-2.60618486666667
2020-05-20 04:30:00,0.0,0.0,0.0,4135001,HmiyD2TTLFNqkNe,22.119610666666667,19.46474613333333,0.0,4,5,2,-2.6548645333333383
2020-05-20 04:45:00,0.0,0.0,0.0,4135001,HmiyD2TTLFNqkNe,22.078857466666665,19.3471294,0.0,4,5,2,-2.7317280666666655
2020-05-20 05:00:00,0.0,0.0,0.0,4135001,HmiyD2TTLFNqkNe,21.985909,19.168965533333328,0.0,5,5,2,-2.8169434666666717
2020-05-20 05:15:00,0.0,0.0,0.0,4135001,HmiyD2TTLFNqkNe,22.009881600000003,19.145835333333327,0.0,5,5,2,-2.8640462666666764
2020-05-20 05:30:00,0.0,0.0,0.0,4135001,HmiyD2TTLFNqkNe,21.883616928571428,18.824543357142858,0.0,5,5,2,-3.05907357142857
2020-05-20 05:45:00,0.0,0.0,0.0,4135001,HmiyD2TTLFNqkNe,21.506819666666665,18.492340066666667,1.4736836000000004e-05,5,5,2,-3.014479599999998
2020-05-20 06:00:00,101.17532467318182,9.769480519363636,1.0,4135001,HmiyD2TTLFNqkNe,21.3480144,18.811700333333327,0.0090117260933333,6,5,2,-2.536314066666673
2020-05-20 06:15:00,431.38879869545457,41.721022727272725,8.25,4135001,HmiyD2TTLFNqkNe,21.70994886666666,19.537300666666667,0.0321055547333333,6,5,2,-2.172648199999994
2020-05-20 06:30:00,708.5819805181818,68.65389610363637,22.875,4135001,HmiyD2TTLFNqkNe,21.996521066666663,20.094380866666672,0.0510381027333333,6,5,2,-1.902140199999991
2020-05-20 06:45:00,966.4707792272728,93.88879870454547,45.0,4135001,HmiyD2TTLFNqkNe,22.1559958,20.62310193333333,0.0713916354666666,6,5,2,-1.5328938666666687
2020-05-20 07:00:00,1623.7045455909092,158.76339286363637,79.125,4135001,HmiyD2TTLFNqkNe,22.4990804,21.7430604,0.1320388563333333,7,5,2,-0.7560199999999995
2020-05-20 07:15:00,2510.8003246818184,246.2469155818182,135.1428571,4135001,HmiyD2TTLFNqkNe,22.93633213333333,23.896433466666668,0.1989128933333333,7,5,2,0.9601013333333377
2020-05-20 07:30:00,3430.7532467272727,337.20844155454546,209.5714286,4135001,HmiyD2TTLFNqkNe,23.434548428571432,26.33118107142857,0.2640124178571428,7,5,2,2.8966326428571385
2020-05-20 07:45:00,4296.755681818182,421.9237824727272,312.25,4135001,HmiyD2TTLFNqkNe,23.921140466666664,28.769305600000003,0.325195026,7,5,2,4.848165133333339
2020-05-20 08:00:00,5220.185876636364,511.74521104545454,435.5714286,4135001,HmiyD2TTLFNqkNe,24.471148666666664,31.939571,0.3905848053333332,8,5,2,7.468422333333336
2020-05-20 08:15:00,5907.392045500001,578.8700487,582.5,4135001,HmiyD2TTLFNqkNe,25.124652066666663,35.99217126666667,0.4379202793333333,8,5,2,10.867519200000011
2020-05-20 08:30:00,6783.0689935,664.3705357181818,750.5714286,4135001,HmiyD2TTLFNqkNe,25.56246340000001,38.252356133333336,0.498367802,8,5,2,12.689892733333327
2020-05-20 08:45:00,6986.187500045455,684.1922889681819,933.25,4135001,HmiyD2TTLFNqkNe,26.212556866666667,40.39654946666667,0.5104697813333334,8,5,2,14.183992600000003
2020-05-20 09:00:00,7867.512987,770.129707790909,1122.285714,4135001,HmiyD2TTLFNqkNe,26.4731404,41.65764953333333,0.5750738046666666,9,5,2,15.184509133333329
2020-05-20 09:15:00,8409.2199675,822.9281655818181,1336.75,4135001,HmiyD2TTLFNqkNe,26.9201314,43.72293526666667,0.6102461506666667,9,5,2,16.802803866666668
2020-05-20 09:30:00,8722.646915590909,853.4607142863636,1553.428571,4135001,HmiyD2TTLFNqkNe,27.20111693333333,44.107206266666665,0.6374122793333333,9,5,2,16.906089333333334
2020-05-20 09:45:00,9555.745129954546,934.5536526045454,1787.625,4135001,HmiyD2TTLFNqkNe,27.843497142857142,46.54200971428571,0.7001427807142858,9,5,2,18.69851257142857
2020-05-20 10:00:00,10199.77191590909,997.2060876681818,2042.571429,4135001,HmiyD2TTLFNqkNe,28.077587800000003,48.34034806666667,0.7516814453333333,10,5,2,20.262760266666668
2020-05-20 10:15:00,10977.985389545454,1072.5883117272726,2310.375,4135001,HmiyD2TTLFNqkNe,28.2830628,49.19147753333333,0.8096695786666664,10,5,2,20.908414733333327
2020-05-20 10:30:00,10932.834415454547,1068.3629058181818,2594.714286,4135001,HmiyD2TTLFNqkNe,28.752504466666664,51.54958113333333,0.8091504293333334,10,5,2,22.797076666666662
2020-05-20 10:45:00,11030.018668181818,1077.6416396090908,2878.0,4135001,HmiyD2TTLFNqkNe,28.985984333333327,51.476499200000006,0.8148198200000001,10,5,2,22.49051486666668
2020-05-20 11:00:00,11505.613636363636,1122.9137986818182,3163.857143,4135001,HmiyD2TTLFNqkNe,29.315938266666667,52.12607433333333,0.8488509206666665,11,5,2,22.81013606666666
2020-05-20 11:15:00,12085.382305454545,1178.5751623181818,3462.125,4135001,HmiyD2TTLFNqkNe,29.735261933333334,53.64847206666667,0.9000696606666667,11,5,2,23.913210133333337
2020-05-20 11:30:00,12541.90097409091,1222.9443181818183,3772.428571,4135001,HmiyD2TTLFNqkNe,29.882983266666667,54.3455892,0.93859401,11,5,2,24.462605933333332
2020-05-20 11:45:00,12231.507304545456,1193.0308442272728,4071.142857,4135001,HmiyD2TTLFNqkNe,30.19451906666667,56.65431326666666,0.9129294213333332,11,5,2,26.459794199999994
2020-05-20 12:00:00,12655.98376681818,1234.3177759545454,4377.0,4135001,HmiyD2TTLFNqkNe,30.521348066666665,56.80053313333334,0.9661854566666668,12,5,2,26.279185066666674
2020-05-20 12:15:00,12827.308440909092,1250.6844156363636,4699.571429,4135001,HmiyD2TTLFNqkNe,30.929116214285717,58.69564164285714,0.9751613035714286,12,5,2,27.766525428571423
2020-05-20 12:30:00,12765.62905818182,1244.6835226818182,5021.5,4135001,HmiyD2TTLFNqkNe,31.299159800000005,59.367140466666655,0.9678900893333334,12,5,2,28.06798066666665
2020-05-20 12:45:00,12703.375,1238.6594967272727,5345.714286,4135001,HmiyD2TTLFNqkNe,31.34249066666667,58.68839280000001,0.9669222093333332,12,5,2,27.34590213333334
2020-05-20 13:00:00,11560.978895454546,1128.0000811818181,5651.75,4135001,HmiyD2TTLFNqkNe,31.393697066666668,56.83325393333334,0.8978028199999998,13,5,2,25.43955686666667
2020-05-20 13:15:00,12166.998484545453,1186.634393909091,5912.0,4135001,HmiyD2TTLFNqkNe,31.52517981818181,56.276514181818186,0.9024616809090908,13,5,2,24.751334363636374
2020-05-20 17:30:00,1848.8636363636363,181.22727272727272,9029.0,4135001,HmiyD2TTLFNqkNe,29.3095095,31.839508,0.136164155,17,5,2,2.529998499999998
2020-05-20 17:45:00,1550.2694804999999,151.54618506363636,9051.285714,4135001,HmiyD2TTLFNqkNe,28.99113573333333,31.0937296,0.1119324913333333,17,5,2,2.1025938666666697
2020-05-20 18:00:00,828.1785714272727,80.35965909090909,9081.25,4135001,HmiyD2TTLFNqkNe,28.524298066666667,29.694879200000003,0.0601320612666666,18,5,2,1.1705811333333358
2020-05-20 18:15:00,359.7727272681818,34.771672078181815,9096.428571,4135001,HmiyD2TTLFNqkNe,27.9674928,27.485015733333334,0.0263529064666666,18,5,2,-0.48247706666666446
2020-05-20 18:30:00,50.844967532272726,4.906737013,9101.625,4135001,HmiyD2TTLFNqkNe,27.510428933333333,25.833406533333328,0.0047339318343333,18,5,2,-1.6770224000000056
2020-05-20 18:45:00,0.0,0.0,9102.0,4135001,HmiyD2TTLFNqkNe,27.112099785714285,24.68879464285714,9.920095742857139e-05,18,5,2,-2.4233051428571457
2020-05-20 19:00:00,0.0,0.0,9102.0,4135001,HmiyD2TTLFNqkNe,26.715222,24.047064133333333,0.0,19,5,2,-2.668157866666668
2020-05-20 19:15:00,0.0,0.0,9102.0,4135001,HmiyD2TTLFNqkNe,26.32090453333333,23.766420599999996,0.0,19,5,2,-2.5544839333333336
2020-05-20 19:30:00,0.0,0.0,9102.0,4135001,HmiyD2TTLFNqkNe,26.058491933333336,23.3778504,0.0,19,5,2,-2.680641533333336
2020-05-20 19:45:00,0.0,0.0,9102.0,4135001,HmiyD2TTLFNqkNe,25.84102366666667,23.00669146666667,0.0,19,5,2,-2.8343321999999986
2020-05-20 20:00:00,0.0,0.0,9102.0,4135001,HmiyD2TTLFNqkNe,25.68150633333333,22.6908204,0.0,20,5,2,-2.9906859333333315
2020-05-20 20:15:00,0.0,0.0,9102.0,4135001,HmiyD2TTLFNqkNe,25.51622313333333,22.429024266666666,0.0,20,5,2,-3.0871988666666645
2020-05-20 20:30:00,0.0,0.0,9102.0,4135001,HmiyD2TTLFNqkNe,25.282519466666667,22.43654993333333,0.0,20,5,2,-2.8459695333333386
2020-05-20 20:45:00,0.0,0.0,9102.0,4135001,HmiyD2TTLFNqkNe,25.09930633333333,22.31530366666667,0.0,20,5,2,-2.7840026666666624
2020-05-20 21:00:00,0.0,0.0,9102.0,4135001,HmiyD2TTLFNqkNe,24.91609842857143,22.040122,0.0,21,5,2,-2.8759764285714304
2020-05-20 21:15:00,0.0,0.0,9102.0,4135001,HmiyD2TTLFNqkNe,24.820863733333333,22.009299599999995,0.0,21,5,2,-2.811564133333338
2020-05-20 21:30:00,0.0,0.0,9102.0,4135001,HmiyD2TTLFNqkNe,24.700486200000004,21.877602133333337,0.0,21,5,2,-2.822884066666667
2020-05-20 21:45:00,0.0,0.0,9102.0,4135001,HmiyD2TTLFNqkNe,24.499195642857146,21.57032992857143,0.0,21,5,2,-2.928865714285717
2020-05-20 22:00:00,0.0,0.0,9102.0,4135001,HmiyD2TTLFNqkNe,24.3762818,21.520674666666668,0.0,22,5,2,-2.855607133333333
2020-05-20 22:15:00,0.0,0.0,9102.0,4135001,HmiyD2TTLFNqkNe,24.23611046666667,21.519643,0.0,22,5,2,-2.7164674666666713
2020-05-20 22:30:00,0.0,0.0,9102.0,4135001,HmiyD2TTLFNqkNe,24.145490357142855,21.462666,0.0,22,5,2,-2.682824357142856
2020-05-20 22:45:00,0.0,0.0,9102.0,4135001,HmiyD2TTLFNqkNe,24.003129,21.269993266666663,0.0,22,5,2,-2.733135733333338
2020-05-21 07:45:00,3468.084090909091,340.67727272727274,349.2,4135001,HmiyD2TTLFNqkNe,23.530553636363635,30.40324263636364,0.3223960490909091,7,5,3,6.872689000000005
2020-05-21 08:00:00,4288.2651515,420.4771212136364,416.6,4135001,HmiyD2TTLFNqkNe,23.96825553333333,33.11916906666667,0.3646781813333333,8,5,3,9.150913533333341
2020-05-21 08:15:00,5700.759740272727,558.6881493545454,540.875,4135001,HmiyD2TTLFNqkNe,24.447705066666664,36.010386000000004,0.396035358,8,5,3,11.56268093333334
2020-05-21 08:30:00,6480.607142772728,634.8415584454546,706.1428571,4135001,HmiyD2TTLFNqkNe,25.058563266666663,39.48617746666665,0.4540012586666666,8,5,3,14.42761419999999
2020-05-21 08:45:00,7508.518668863637,735.1316287909091,891.5,4135001,HmiyD2TTLFNqkNe,25.4833456,42.19290773333333,0.5583109086666667,8,5,3,16.70956213333333
2020-05-21 09:00:00,8183.823863681819,800.9505681818181,1095.428571,4135001,HmiyD2TTLFNqkNe,26.186218200000003,45.974644000000005,0.6302828366666666,9,5,3,19.788425800000002
2020-05-21 09:15:00,8749.870129818182,856.0393668818182,1303.25,4135001,HmiyD2TTLFNqkNe,26.82428842857143,48.745747214285714,0.6764482221428572,9,5,3,21.921458785714286
2020-05-21 09:30:00,9826.65178590909,960.9120130090909,1541.571429,4135001,HmiyD2TTLFNqkNe,27.489748066666667,49.733946,0.7325971326666667,9,5,3,22.244197933333336
2020-05-21 09:45:00,10002.65665540909,977.7521915318182,1781.285714,4135001,HmiyD2TTLFNqkNe,27.690804,51.029305,0.7722379753333333,9,5,3,23.338501
2020-05-21 10:00:00,6089.877489181818,595.1774025909091,1708.285714,4135001,HmiyD2TTLFNqkNe,28.20780033333333,53.51720186666666,0.70056636,10,5,3,25.30940153333333
2020-05-21 10:15:00,7100.5941557727265,694.5844155909091,2133.428571,4135001,HmiyD2TTLFNqkNe,28.129876866666663,46.86501033333333,0.5043223273333332,10,5,3,18.735133466666667
2020-05-21 10:30:00,9626.180194636363,940.1276785727273,2365.875,4135001,HmiyD2TTLFNqkNe,28.657090266666668,51.68042806666666,0.8154269713333333,10,5,3,23.02333779999999
2020-05-21 10:45:00,10557.09009759091,1030.709821359091,2613.285714,4135001,HmiyD2TTLFNqkNe,28.85416453333333,51.79728806666666,0.754716712,10,5,3,22.94312353333333
2020-05-21 11:00:00,10341.064934636363,1009.8138798,2889.75,4135001,HmiyD2TTLFNqkNe,29.207837,53.292307533333336,0.7235343293333333,11,5,3,24.084470533333334
2020-05-21 11:15:00,12816.133928181818,1249.8761363636365,3209.285714,4135001,HmiyD2TTLFNqkNe,29.59773042857143,56.443897500000006,1.0389913628571428,11,5,3,26.846167071428575
2020-05-21 11:30:00,12490.76461,1218.2286525909092,3513.428571,4135001,HmiyD2TTLFNqkNe,30.12836306666667,61.4558144,1.033489496666667,11,5,3,31.327451333333332
2020-05-21 11:45:00,11869.444805,1158.0346590909091,3799.75,4135001,HmiyD2TTLFNqkNe,30.494291133333338,60.050757,0.8877618960000001,11,5,3,29.55646586666666
2020-05-21 12:00:00,10720.057629318182,1046.4735390045455,4081.571429,4135001,HmiyD2TTLFNqkNe,30.676135400000003,57.4164388,0.892777234,12,5,3,26.7403034
2020-05-21 12:15:00,11185.922078181817,1091.7108766363638,4362.125,4135001,HmiyD2TTLFNqkNe,30.804624466666667,58.6477848,0.8879575373333333,12,5,3,27.84316033333333
2020-05-21 12:30:00,7910.018669227273,773.7434253272727,4586.428571,4135001,HmiyD2TTLFNqkNe,30.550409,50.88379926666666,0.5801343633333333,12,5,3,20.333390266666658
2020-05-21 12:45:00,9993.295454545454,975.8513798727273,4798.875,4135001,HmiyD2TTLFNqkNe,30.864174466666668,51.88567106666667,0.7466439013333332,12,5,3,21.0214966
2020-05-21 13:00:00,10110.100487318183,987.200860390909,5047.857143,4135001,HmiyD2TTLFNqkNe,31.3942708,54.491442600000006,0.8004696066666667,13,5,3,23.097171800000005
2020-05-21 13:15:00,12853.285985,1253.3855519545455,5312.0,4135001,HmiyD2TTLFNqkNe,31.3498148,55.91095173333333,0.9618199573333333,13,5,3,24.561136933333326
2020-05-21 13:30:00,10637.89853909091,1038.2366070863636,5626.714286,4135001,HmiyD2TTLFNqkNe,31.723678357142855,57.42826607142857,0.7764669535714287,13,5,3,25.70458771428571
2020-05-21 13:45:00,10808.139609863636,1054.8196429045454,5888.5,4135001,HmiyD2TTLFNqkNe,31.688391,55.696510800000006,0.8612832686666666,13,5,3,24.008119800000006
2020-05-21 14:00:00,10041.225649681817,980.2405844681817,6145.857143,4135001,HmiyD2TTLFNqkNe,32.05471386666667,56.430047733333325,0.741254446,14,5,3,24.375333866666658
2020-05-21 14:15:00,8211.061688318181,802.3564935045455,6377.875,4135001,HmiyD2TTLFNqkNe,31.86826353333333,50.850927733333336,0.632901332,14,5,3,18.982664200000006
2020-05-21 14:30:00,7072.270292181818,692.0304383136364,6557.714286,4135001,HmiyD2TTLFNqkNe,31.819928,47.850404733333335,0.4585606919999999,14,5,3,16.030476733333334
2020-05-21 14:45:00,8287.074675363636,810.43944805,6731.125,4135001,HmiyD2TTLFNqkNe,31.724595200000003,46.1821414,0.613399808,14,5,3,14.457546199999996
2020-05-21 15:00:00,9987.32548690909,976.2261093272729,6974.375,4135001,HmiyD2TTLFNqkNe,32.33336766666667,52.991542466666665,0.7409205246666666,15,5,3,20.658174799999998
2020-05-21 15:15:00,5165.2708333636365,506.5166396181818,7162.285714,4135001,HmiyD2TTLFNqkNe,31.9338582,46.44251506666667,0.3559129373333332,15,5,3,14.508656866666673
2020-05-21 15:30:00,7443.254870090909,728.7133116863637,7317.375,4135001,HmiyD2TTLFNqkNe,32.07216542857143,46.25483692857144,0.563544357142857,15,5,3,14.182671500000012
2020-05-21 15:45:00,5330.6241882272725,522.6482954454546,7493.428571,4135001,HmiyD2TTLFNqkNe,32.14568913333334,45.14951980000001,0.3742929606666666,15,5,3,13.003830666666666
2020-05-21 16:00:00,3936.935876636364,386.80064934999996,7608.5,4135001,HmiyD2TTLFNqkNe,31.600370266666665,40.34497666666666,0.273557416,16,5,3,8.744606399999995
2020-05-21 16:15:00,3390.349837545454,333.2480519409091,7699.0,4135001,HmiyD2TTLFNqkNe,31.0340474,37.6285684,0.2396828633333333,16,5,3,6.594521
2020-05-21 16:30:00,4337.396103909091,425.8068993590909,7791.25,4135001,HmiyD2TTLFNqkNe,30.709979333333337,37.02485793333333,0.3015704806666667,16,5,3,6.314878599999993
2020-05-21 16:45:00,2467.9399349545456,242.10202922272728,7887.142857,4135001,HmiyD2TTLFNqkNe,30.436910066666663,36.399023133333344,0.1652971236,16,5,3,5.9621130666666815
2020-05-21 17:00:00,1065.3514610454547,103.54951298636364,7925.375,4135001,HmiyD2TTLFNqkNe,29.904103,31.909513214285717,0.0705414855,17,5,3,2.0054102142857175
2020-05-21 17:15:00,759.1030844045455,73.60681818227273,7947.428571,4135001,HmiyD2TTLFNqkNe,29.53365073333333,29.722025533333333,0.0500169534,17,5,3,0.18837480000000184
2020-05-21 17:30:00,589.1152597363636,57.016071428636366,7964.0,4135001,HmiyD2TTLFNqkNe,29.038175466666665,28.573687866666667,0.039089017,17,5,3,-0.4644875999999982
2020-05-21 17:45:00,436.00324674999996,42.151542208636364,7976.714286,4135001,HmiyD2TTLFNqkNe,28.658781133333328,27.826387666666665,0.0293719444666666,17,5,3,-0.8323934666666624
2020-05-21 18:00:00,309.31331169090913,29.881412337272728,7985.571429,4135001,HmiyD2TTLFNqkNe,27.727758666666663,26.892470266666667,0.0212870691999999,18,5,3,-0.835288399999996
2020-05-21 18:15:00,112.26674106875001,10.83236607125,7991.5,4135001,HmiyD2TTLFNqkNe,27.694161,26.27160233333333,0.01005088592,18,5,3,-1.4225586666666707
2020-05-21 18:30:00,0.0,0.0,7993.0,4135001,HmiyD2TTLFNqkNe,27.578023266666666,25.854665200000003,0.0015678459913333,18,5,3,-1.7233580666666626
2020-05-21 18:45:00,0.0,0.0,7993.0,4135001,HmiyD2TTLFNqkNe,27.19961753333333,25.1958414,0.0,18,5,3,-2.003776133333332
2020-05-21 19:00:00,0.0,0.0,7993.0,4135001,HmiyD2TTLFNqkNe,26.84853057142857,24.62852907142857,0.0,19,5,3,-2.2200014999999986
2020-05-21 19:15:00,0.0,0.0,7993.0,4135001,HmiyD2TTLFNqkNe,26.45617473333333,24.164711333333333,0.0,19,5,3,-2.291463399999998
2020-05-21 19:30:00,0.0,0.0,7993.0,4135001,HmiyD2TTLFNqkNe,26.023022466666667,23.832366933333336,0.0,19,5,3,-2.190655533333331
2020-05-21 19:45:00,0.0,0.0,7993.0,4135001,HmiyD2TTLFNqkNe,25.766520133333334,23.48216953333333,0.0,19,5,3,-2.2843506000000033
2020-05-21 20:00:00,0.0,0.0,7993.0,4135001,HmiyD2TTLFNqkNe,25.5864014,23.286395266666663,0.0,20,5,3,-2.300006133333337
2020-05-21 20:15:00,0.0,0.0,7993.0,4135001,HmiyD2TTLFNqkNe,25.35796506666667,23.092466200000004,0.0,20,5,3,-2.2654988666666647
2020-05-21 20:30:00,0.0,0.0,7993.0,4135001,HmiyD2TTLFNqkNe,25.098463733333336,22.87989926666667,0.0,20,5,3,-2.218564466666667
2020-05-21 20:45:00,0.0,0.0,7993.0,4135001,HmiyD2TTLFNqkNe,24.8719178,22.620530266666663,0.0,20,5,3,-2.251387533333336
2020-05-21 21:00:00,0.0,0.0,7993.0,4135001,HmiyD2TTLFNqkNe,24.680324266666663,22.335959933333328,0.0,21,5,3,-2.344364333333335
2020-05-21 21:15:00,0.0,0.0,7993.0,4135001,HmiyD2TTLFNqkNe,24.478779357142855,22.165891285714284,0.0,21,5,3,-2.3128880714285707
2020-05-21 21:30:00,0.0,0.0,7993.0,4135001,HmiyD2TTLFNqkNe,24.406392466666663,22.096169133333333,0.0,21,5,3,-2.3102233333333295
2020-05-21 21:45:00,0.0,0.0,7993.0,4135001,HmiyD2TTLFNqkNe,24.369700133333332,22.03935133333333,0.0,21,5,3,-2.330348800000003
2020-05-21 22:00:00,0.0,0.0,7993.0,4135001,HmiyD2TTLFNqkNe,24.26367993333333,21.819816066666665,0.0,22,5,3,-2.443863866666664
2020-05-21 22:15:00,0.0,0.0,7993.0,4135001,HmiyD2TTLFNqkNe,24.19905,21.67491866666667,0.0,22,5,3,-2.5241313333333295
2020-05-21 22:30:00,0.0,0.0,7993.0,4135001,HmiyD2TTLFNqkNe,24.08873486666667,21.486199866666663,0.0,22,5,3,-2.6025350000000067
2020-05-21 22:45:00,0.0,0.0,7993.0,4135001,HmiyD2TTLFNqkNe,24.00257386666667,21.370762266666667,0.0,22,5,3,-2.6318116000000025
2020-05-21 23:00:00,0.0,0.0,7993.0,4135001,HmiyD2TTLFNqkNe,23.978326266666667,21.3030558,0.0,23,5,3,-2.6752704666666673
2020-05-21 23:15:00,0.0,0.0,7993.0,4135001,HmiyD2TTLFNqkNe,23.922380642857146,21.196879785714284,0.0,23,5,3,-2.725500857142862
2020-05-21 23:30:00,0.0,0.0,7993.0,4135001,HmiyD2TTLFNqkNe,23.8922364,21.126922666666665,0.0,23,5,3,-2.765313733333336
2020-05-21 23:45:00,0.0,0.0,7944.0,4135001,HmiyD2TTLFNqkNe,23.856805466666664,21.1551208,0.0,23,5,3,-2.701684666666665
2020-05-22 00:00:00,0.0,0.0,985.75,4135001,HmiyD2TTLFNqkNe,23.760593466666663,21.23520506666667,0.0,0,5,4,-2.5253883999999935
2020-05-22 00:15:00,0.0,0.0,0.0,4135001,HmiyD2TTLFNqkNe,23.6751994,21.1929544,0.0,0,5,4,-2.482244999999999
2020-05-22 00:30:00,0.0,0.0,0.0,4135001,HmiyD2TTLFNqkNe,23.594093866666668,21.1975178,0.0,0,5,4,-2.3965760666666682
2020-05-22 00:45:00,0.0,0.0,0.0,4135001,HmiyD2TTLFNqkNe,23.48329066666667,21.23848886666666,0.0,0,5,4,-2.2448018000000083
2020-05-22 01:00:00,0.0,0.0,0.0,4135001,HmiyD2TTLFNqkNe,23.470836,21.835551714285717,0.0,1,5,4,-1.635284285714281
2020-05-22 01:15:00,0.0,0.0,0.0,4135001,HmiyD2TTLFNqkNe,23.52625706666667,22.2376994,0.0,1,5,4,-1.2885576666666694
2020-05-22 01:30:00,0.0,0.0,0.0,4135001,HmiyD2TTLFNqkNe,23.54151806666667,22.084086133333333,0.0,1,5,4,-1.4574319333333356
2020-05-22 01:45:00,0.0,0.0,0.0,4135001,HmiyD2TTLFNqkNe,23.4903992,22.2411336,0.0,1,5,4,-1.2492655999999975
2020-05-22 02:00:00,0.0,0.0,0.0,4135001,HmiyD2TTLFNqkNe,23.441861933333332,22.392478466666663,0.0,2,5,4,-1.0493834666666686
2020-05-22 02:15:00,0.0,0.0,0.0,4135001,HmiyD2TTLFNqkNe,23.4516622,22.4551962,0.0,2,5,4,-0.9964660000000016
2020-05-22 02:30:00,0.0,0.0,0.0,4135001,HmiyD2TTLFNqkNe,23.410870333333328,22.287416466666667,0.0,2,5,4,-1.1234538666666616
2020-05-22 02:45:00,0.0,0.0,0.0,4135001,HmiyD2TTLFNqkNe,23.41301192857143,22.12250857142857,0.0,2,5,4,-1.2905033571428604
2020-05-22 03:00:00,0.0,0.0,0.0,4135001,HmiyD2TTLFNqkNe,23.297208666666663,21.8402384,0.0,3,5,4,-1.4569702666666622
2020-05-22 03:15:00,0.0,0.0,0.0,4135001,HmiyD2TTLFNqkNe,23.0816204,21.3520304,0.0,3,5,4,-1.7295899999999982
2020-05-22 03:30:00,0.0,0.0,0.0,4135001,HmiyD2TTLFNqkNe,23.0801798,21.29458413333333,0.0,3,5,4,-1.7855956666666692
2020-05-22 03:45:00,0.0,0.0,0.0,4135001,HmiyD2TTLFNqkNe,23.0092528,21.33285306666667,0.0,3,5,4,-1.67639973333333
2020-05-22 04:00:00,0.0,0.0,0.0,4135001,HmiyD2TTLFNqkNe,22.94258413333333,21.267515133333337,0.0,4,5,4,-1.6750689999999935
2020-05-22 04:15:00,0.0,0.0,0.0,4135001,HmiyD2TTLFNqkNe,23.023907466666664,21.393129333333327,0.0,4,5,4,-1.6307781333333367
2020-05-22 04:30:00,0.0,0.0,0.0,4135001,HmiyD2TTLFNqkNe,22.980336533333336,21.45325513333333,0.0,4,5,4,-1.5270814000000072
2020-05-22 04:45:00,0.0,0.0,0.0,4135001,HmiyD2TTLFNqkNe,22.941425857142857,21.422938714285717,0.0,4,5,4,-1.5184871428571398
2020-05-22 05:00:00,0.0,0.0,0.0,4135001,HmiyD2TTLFNqkNe,22.9109844,21.4030904,0.0,5,5,4,-1.5078940000000003
2020-05-22 05:15:00,0.0,0.0,0.0,4135001,HmiyD2TTLFNqkNe,22.858017933333333,21.447070266666667,0.0,5,5,4,-1.4109476666666652
2020-05-22 05:30:00,0.0,0.0,0.0,4135001,HmiyD2TTLFNqkNe,22.8197834,21.408598,0.0,5,5,4,-1.4111853999999973
2020-05-22 05:45:00,0.0,0.0,0.0,4135001,HmiyD2TTLFNqkNe,22.802852266666665,21.3380066,0.0010673070493333,5,5,4,-1.4648456666666654
2020-05-22 06:00:00,220.74675324999998,21.32313311727273,1.75,4135001,HmiyD2TTLFNqkNe,22.815523266666663,21.6110514,0.0168548558266666,6,5,4,-1.2044718666666618
2020-05-22 06:15:00,569.8149350681819,55.14082792363636,12.0,4135001,HmiyD2TTLFNqkNe,22.981634533333327,22.203200133333333,0.0403607207333333,6,5,4,-0.7784343999999948
2020-05-22 06:30:00,895.7150974045454,86.97719155863636,30.125,4135001,HmiyD2TTLFNqkNe,23.218327,22.82350866666667,0.0646610821333333,6,5,4,-0.3948183333333297
2020-05-22 06:45:00,1188.1931817727273,115.54537338181818,57.14285714,4135001,HmiyD2TTLFNqkNe,23.366936642857144,23.907782357142853,0.0858986049285714,6,5,4,0.5408457142857088
2020-05-22 07:00:00,1604.8839285909091,156.75608766363638,91.875,4135001,HmiyD2TTLFNqkNe,23.4338724,24.7448954,0.1108917472,7,5,4,1.3110230000000023
2020-05-22 07:15:00,3536.9951298636365,347.4019480454545,155.8571429,4135001,HmiyD2TTLFNqkNe,23.82504073333333,28.026749666666667,0.2790037753333333,7,5,4,4.201708933333336
2020-05-22 07:30:00,4516.185064909091,443.3135551954545,270.625,4135001,HmiyD2TTLFNqkNe,24.3803284,32.1630228,0.3559949986666666,7,5,4,7.7826944000000005
2020-05-22 07:45:00,4377.246753363636,429.62207792272727,392.5714286,4135001,HmiyD2TTLFNqkNe,24.829638666666668,33.83913526666666,0.3454415426666666,7,5,4,9.009496599999991
2020-05-22 08:00:00,5028.978896090909,493.0648538909091,521.0,4135001,HmiyD2TTLFNqkNe,25.088962666666667,35.562813133333336,0.3929178906666667,8,5,4,10.473850466666669
2020-05-22 08:15:00,4710.570941545455,461.80551947727275,658.0,4135001,HmiyD2TTLFNqkNe,25.26090906666667,37.18839533333334,0.3585062726666666,8,5,4,11.92748626666667
2020-05-22 08:30:00,2612.8279220454547,256.24415584545454,738.8571429,4135001,HmiyD2TTLFNqkNe,25.14924185714285,32.83658064285714,0.1884618071428571,8,5,4,7.687338785714292
2020-05-22 08:45:00,3858.522186181818,379.02061687727274,816.5,4135001,HmiyD2TTLFNqkNe,25.312744200000004,32.38037546666667,0.2670940773333334,8,5,4,7.067631266666666
2020-05-22 09:00:00,5105.825974045454,500.6436526,931.2857143,4135001,HmiyD2TTLFNqkNe,25.96112293333333,35.6540122,0.3730011899999999,9,5,4,9.692889266666668
2020-05-22 09:15:00,5656.882305181818,554.3546266227272,1069.625,4135001,HmiyD2TTLFNqkNe,26.405902066666663,37.5282734,0.3860812566666666,9,5,4,11.12237133333334
2020-05-22 09:30:00,6423.271103909091,629.218344159091,1229.0,4135001,HmiyD2TTLFNqkNe,26.92924806666667,39.8739748,0.4385864393333333,9,5,4,12.94472673333333
2020-05-22 09:45:00,5382.80194809091,527.7184902590909,1370.0,4135001,HmiyD2TTLFNqkNe,27.16653653333333,39.336533733333326,0.3759219506666666,9,5,4,12.169997199999997
2020-05-22 10:00:00,6883.9683442272735,673.6366883045455,1532.142857,4135001,HmiyD2TTLFNqkNe,27.585662733333333,42.06701466666666,0.5426874133333333,10,5,4,14.481351933333325
2020-05-22 10:15:00,9434.128246227272,921.4205357090909,1722.375,4135001,HmiyD2TTLFNqkNe,27.87740473333333,42.96753940000001,0.63854485,10,5,4,15.090134666666678
2020-05-22 10:30:00,5697.754058454546,558.2634740227272,1942.428571,4135001,HmiyD2TTLFNqkNe,28.15413335714286,44.68885371428571,0.4156516442857142,10,5,4,16.534720357142852
2020-05-22 10:45:00,8433.871753227273,824.3022727318181,2093.75,4135001,HmiyD2TTLFNqkNe,28.069488466666662,42.7483944,0.7091465493333333,10,5,4,14.67890593333334
2020-05-22 11:00:00,8079.299513,789.786038959091,2318.428571,4135001,HmiyD2TTLFNqkNe,28.880098533333335,50.2482484,0.608488516,11,5,4,21.368149866666666
2020-05-22 11:15:00,7686.9094156363635,751.6039123363637,2489.5,4135001,HmiyD2TTLFNqkNe,28.860333333333333,44.390484533333336,0.553059376,11,5,4,15.530151200000002
2020-05-22 11:30:00,12725.863365454547,1241.280275909091,2760.142857,4135001,HmiyD2TTLFNqkNe,29.77494913333333,52.5911334,0.999309628,11,5,4,22.816184266666667
2020-05-22 11:45:00,12525.297889545454,1221.810389590909,3089.375,4135001,HmiyD2TTLFNqkNe,30.58406566666667,60.62906306666667,1.0477749826666665,11,5,4,30.044997399999996
2020-05-22 12:00:00,12901.210227272728,1258.0619317727273,3413.285714,4135001,HmiyD2TTLFNqkNe,30.824835714285715,62.21209042857143,1.0318606821428573,12,5,4,31.387254714285714
2020-05-22 12:15:00,10065.879058772727,983.4931818181817,3699.0,4135001,HmiyD2TTLFNqkNe,30.752172866666665,57.925577800000006,0.8117554566666667,12,5,4,27.17340493333334
2020-05-22 12:30:00,9444.735389318183,922.7448863727273,3941.428571,4135001,HmiyD2TTLFNqkNe,30.91771053333333,54.40039266666666,0.7624467326666666,12,5,4,23.48268213333333
2020-05-22 12:45:00,11311.303571545453,1103.7556818772728,4183.375,4135001,HmiyD2TTLFNqkNe,31.41328526666667,55.89338740000001,0.917253122,12,5,4,24.48010213333334
2020-05-22 13:00:00,10682.437229545454,1048.4758658454546,4435.0,4135001,HmiyD2TTLFNqkNe,31.3189554,54.85740986666666,0.8148439080000001,13,5,4,23.538454466666657
2020-05-22 13:15:00,11194.04789,1092.2657467727274,4734.571429,4135001,HmiyD2TTLFNqkNe,31.90281766666666,58.44529793333333,0.8256647073333334,13,5,4,26.54248026666667
2020-05-22 13:30:00,10945.021916363638,1068.1657467545456,5024.0,4135001,HmiyD2TTLFNqkNe,31.85407093333333,57.85922433333334,0.814901278,13,5,4,26.005153400000008
2020-05-22 13:45:00,9002.726461045455,879.2745941636364,5259.142857,4135001,HmiyD2TTLFNqkNe,31.63322353333333,53.52987266666667,0.6930570186666666,13,5,4,21.89664913333334
2020-05-22 14:00:00,9914.883928590909,967.8479707727273,5500.25,4135001,HmiyD2TTLFNqkNe,31.882248142857144,54.65764728571429,0.7605472914285714,14,5,4,22.775399142857147
2020-05-22 14:15:00,8400.640422045455,820.9568993500001,5748.571429,4135001,HmiyD2TTLFNqkNe,32.30898653333334,55.08829360000001,0.6065786866666667,14,5,4,22.779307066666668
2020-05-22 14:30:00,10839.490259999999,1058.8828733772727,5982.875,4135001,HmiyD2TTLFNqkNe,32.15423573333334,52.968100933333325,0.809865482,14,5,4,20.813865199999988
2020-05-22 14:45:00,10471.7410715,1023.6359577045455,6250.0,4135001,HmiyD2TTLFNqkNe,32.80111693333333,56.02008653333333,0.7798724033333334,14,5,4,23.218969599999994
2020-05-22 15:00:00,9590.370941545454,937.8781655818183,6502.25,4135001,HmiyD2TTLFNqkNe,33.00463246666666,55.63306693333334,0.7279374373333332,15,5,4,22.628434466666675
2020-05-22 15:15:00,6467.845779227273,633.5211850681818,6711.0,4135001,HmiyD2TTLFNqkNe,32.574084400000004,51.29624213333333,0.468398362,15,5,4,18.722157733333326
2020-05-22 15:30:00,4274.047889590909,419.33693182272725,6829.75,4135001,HmiyD2TTLFNqkNe,32.31323666666667,43.588924266666666,0.3465496533333333,15,5,4,11.275687599999998
2020-05-22 15:45:00,4551.7694805,446.6570616954545,6957.428571,4135001,HmiyD2TTLFNqkNe,32.0070125,43.13004007142857,0.3180874907142857,15,5,4,11.123027571428565
2020-05-22 16:00:00,3186.901785772727,313.2791396090909,7045.25,4135001,HmiyD2TTLFNqkNe,31.29693813333333,39.07873533333333,0.223404308,16,5,4,7.781797199999996
2020-05-22 16:15:00,2776.478896181818,272.3649350681818,7124.571429,4135001,HmiyD2TTLFNqkNe,30.797410133333333,37.0259216,0.1951342519999999,16,5,4,6.228511466666664
2020-05-22 16:30:00,2228.9943182272727,218.54261364090908,7187.5,4135001,HmiyD2TTLFNqkNe,30.2077474,34.96258519999999,0.1562854073333333,16,5,4,4.754837799999994
2020-05-22 16:45:00,1929.5470779090908,189.14504870454547,7240.857143,4135001,HmiyD2TTLFNqkNe,29.846667533333328,33.62270493333333,0.1358759986666666,16,5,4,3.7760374000000034
2020-05-22 17:00:00,1610.1826298636363,157.63060065,7282.142857,4135001,HmiyD2TTLFNqkNe,29.57108153333333,32.47774066666667,0.1132172194666666,17,5,4,2.9066591333333385
2020-05-22 17:15:00,1195.5073052272726,116.27524351363637,7318.875,4135001,HmiyD2TTLFNqkNe,29.301833066666667,31.3613768,0.0837732949333333,17,5,4,2.0595437333333315
2020-05-22 17:30:00,801.2435064909091,77.72873376636363,7344.428571,4135001,HmiyD2TTLFNqkNe,29.1003866,30.149263466666667,0.0560736594,17,5,4,1.0488768666666672
2020-05-22 17:45:00,512.242694809091,49.55633116909091,7361.375,4135001,HmiyD2TTLFNqkNe,28.826326714285717,29.096067142857144,0.0369035885714285,17,5,4,0.26974042857142777
2020-05-22 18:00:00,281.7150974,27.211120130454546,7371.428571,4135001,HmiyD2TTLFNqkNe,28.510609933333328,28.12322593333333,0.0214036318666666,18,5,4,-0.3873839999999973
2020-05-22 18:15:00,111.77597403136365,10.789691558318182,7376.625,4135001,HmiyD2TTLFNqkNe,28.18459053333333,27.252742533333333,0.0099927644066666,18,5,4,-0.9318479999999987
2020-05-22 18:30:00,0.0,0.0,7378.0,4135001,HmiyD2TTLFNqkNe,28.03802473333333,26.626117,0.0020025813973333,18,5,4,-1.4119077333333294
2020-05-22 18:45:00,0.0,0.0,7378.0,4135001,HmiyD2TTLFNqkNe,27.857527666666662,26.235675,2.7608272399999994e-05,18,5,4,-1.621852666666662
2020-05-22 19:00:00,0.0,0.0,7378.0,4135001,HmiyD2TTLFNqkNe,27.590226266666665,25.9145488,0.0,19,5,4,-1.6756774666666665
2020-05-22 19:15:00,0.0,0.0,7378.0,4135001,HmiyD2TTLFNqkNe,27.355753666666665,25.7008974,0.0,19,5,4,-1.6548562666666662
2020-05-22 19:30:00,0.0,0.0,7378.0,4135001,HmiyD2TTLFNqkNe,27.137475466666665,25.587719733333333,0.0,19,5,4,-1.5497557333333312
2020-05-22 19:45:00,0.0,0.0,7378.0,4135001,HmiyD2TTLFNqkNe,26.941038066666668,25.36680293333333,0.0,19,5,4,-1.5742351333333389
2020-05-22 20:00:00,0.0,0.0,7378.0,4135001,HmiyD2TTLFNqkNe,26.857729285714285,25.154514857142857,0.0,20,5,4,-1.7032144285714281
2020-05-22 20:15:00,0.0,0.0,7378.0,4135001,HmiyD2TTLFNqkNe,26.768762066666664,25.0066142,0.0,20,5,4,-1.7621478666666626
2020-05-22 20:30:00,0.0,0.0,7378.0,4135001,HmiyD2TTLFNqkNe,26.6451172,24.92873313333333,0.0,20,5,4,-1.71638406666667
2020-05-22 20:45:00,0.0,0.0,7378.0,4135001,HmiyD2TTLFNqkNe,26.527557466666664,24.90883806666666,0.0,20,5,4,-1.6187194000000034
2020-05-22 21:00:00,0.0,0.0,7378.0,4135001,HmiyD2TTLFNqkNe,26.475219733333333,24.957104533333336,0.0,21,5,4,-1.518115199999997
2020-05-22 21:15:00,0.0,0.0,7378.0,4135001,HmiyD2TTLFNqkNe,26.420656466666667,25.20817046666667,0.0,21,5,4,-1.2124859999999984
2020-05-22 21:30:00,0.0,0.0,7378.0,4135001,HmiyD2TTLFNqkNe,26.3497904,25.225801600000004,0.0,21,5,4,-1.1239887999999958
2020-05-22 21:45:00,0.0,0.0,7378.0,4135001,HmiyD2TTLFNqkNe,24.900354,24.77943313333333,0.0,21,5,4,-0.12092086666666901
2020-05-22 22:00:00,0.0,0.0,7378.0,4135001,HmiyD2TTLFNqkNe,23.9790038,23.404168866666662,0.0,22,5,4,-0.5748349333333387
2020-05-22 22:15:00,0.0,0.0,7378.0,4135001,HmiyD2TTLFNqkNe,23.55884221428571,22.71218,0.0,22,5,4,-0.8466622142857112
2020-05-22 22:30:00,0.0,0.0,7378.0,4135001,HmiyD2TTLFNqkNe,23.5472046,22.64883013333333,0.0,22,5,4,-0.8983744666666702
2020-05-22 22:45:00,0.0,0.0,7378.0,4135001,HmiyD2TTLFNqkNe,23.2145264,21.719091866666663,0.0,22,5,4,-1.4954345333333379
2020-05-22 23:00:00,0.0,0.0,7378.0,4135001,HmiyD2TTLFNqkNe,22.361055333333333,20.86307993333333,0.0,23,5,4,-1.4979754000000014
2020-05-22 23:15:00,0.0,0.0,7378.0,4135001,HmiyD2TTLFNqkNe,21.64112766666667,20.3276652,0.0,23,5,4,-1.313462466666671
2020-05-22 23:30:00,0.0,0.0,7378.0,4135001,HmiyD2TTLFNqkNe,21.5649028,20.2063374,0.0,23,5,4,-1.3585653999999998
2020-05-22 23:45:00,0.0,0.0,7378.0,4135001,HmiyD2TTLFNqkNe,21.6055196,20.350038666666663,0.0,23,5,4,-1.255480933333338
2020-05-23 00:00:00,0.0,0.0,1051.428571,4135001,HmiyD2TTLFNqkNe,21.7191894,20.4714396,0.0,0,5,5,-1.2477498000000011
2020-05-23 00:15:00,0.0,0.0,0.0,4135001,HmiyD2TTLFNqkNe,21.708895,20.602031142857147,0.0,0,5,5,-1.1068638571428515
2020-05-23 00:30:00,0.0,0.0,0.0,4135001,HmiyD2TTLFNqkNe,21.620870000000004,20.551786266666664,0.0,0,5,5,-1.0690837333333398
2020-05-23 00:45:00,0.0,0.0,0.0,4135001,HmiyD2TTLFNqkNe,21.575026533333336,20.511413666666662,0.0,0,5,5,-1.0636128666666735
2020-05-23 01:00:00,0.0,0.0,0.0,4135001,HmiyD2TTLFNqkNe,21.45861,20.4058044,0.0,1,5,5,-1.0528055999999992
2020-05-23 01:15:00,0.0,0.0,0.0,4135001,HmiyD2TTLFNqkNe,21.471038799999995,20.32331333333333,0.0,1,5,5,-1.1477254666666639
2020-05-23 01:30:00,0.0,0.0,0.0,4135001,HmiyD2TTLFNqkNe,21.5340616,20.320503666666664,0.0,1,5,5,-1.2135579333333375
2020-05-23 01:45:00,0.0,0.0,0.0,4135001,HmiyD2TTLFNqkNe,21.669055266666668,20.444116133333328,0.0,1,5,5,-1.22493913333334
2020-05-23 02:00:00,0.0,0.0,0.0,4135001,HmiyD2TTLFNqkNe,21.74084266666667,20.4955098,0.0,2,5,5,-1.2453328666666685
2020-05-23 02:15:00,0.0,0.0,0.0,4135001,HmiyD2TTLFNqkNe,21.769862571428572,20.55575542857143,0.0,2,5,5,-1.2141071428571415
2020-05-23 02:30:00,0.0,0.0,0.0,4135001,HmiyD2TTLFNqkNe,21.851713066666665,20.587019999999995,0.0,2,5,5,-1.2646930666666698
2020-05-23 02:45:00,0.0,0.0,0.0,4135001,HmiyD2TTLFNqkNe,21.8916116,20.52848733333333,0.0,2,5,5,-1.36312426666667
2020-05-23 03:00:00,0.0,0.0,0.0,4135001,HmiyD2TTLFNqkNe,21.884334266666663,20.389685066666665,0.0,3,5,5,-1.4946491999999978
2020-05-23 03:15:00,0.0,0.0,0.0,4135001,HmiyD2TTLFNqkNe,21.896366266666668,20.634684266666667,0.0,3,5,5,-1.2616820000000004
2020-05-23 03:30:00,0.0,0.0,0.0,4135001,HmiyD2TTLFNqkNe,21.963966933333328,20.9058836,0.0,3,5,5,-1.0580833333333288
2020-05-23 03:45:00,0.0,0.0,0.0,4135001,HmiyD2TTLFNqkNe,22.0309366,21.0314534,0.0,3,5,5,-0.9994832000000002
2020-05-23 04:00:00,0.0,0.0,0.0,4135001,HmiyD2TTLFNqkNe,22.128173866666668,21.08964233333333,0.0,4,5,5,-1.0385315333333374
2020-05-23 04:15:00,0.0,0.0,0.0,4135001,HmiyD2TTLFNqkNe,22.1400958,21.1670512,0.0,4,5,5,-0.9730446000000015
2020-05-23 04:30:00,0.0,0.0,0.0,4135001,HmiyD2TTLFNqkNe,22.049833,21.143541571428567,0.0,4,5,5,-0.9062914285714321
2020-05-23 04:45:00,0.0,0.0,0.0,4135001,HmiyD2TTLFNqkNe,21.974959266666666,21.07260333333333,0.0,4,5,5,-0.902355933333336
2020-05-23 05:00:00,0.0,0.0,0.0,4135001,HmiyD2TTLFNqkNe,21.92008673333333,21.012809266666665,0.0,5,5,5,-0.9072774666666668
2020-05-23 06:45:00,666.1681818227272,64.52242424181817,28.33333333,4135001,HmiyD2TTLFNqkNe,22.344629916666666,22.08666241666667,0.0454442841666666,6,5,5,-0.2579674999999959
2020-05-23 07:00:00,1016.706168859091,98.79131493636363,46.57142857,4135001,HmiyD2TTLFNqkNe,22.4054382,22.988533466666667,0.0697883706,7,5,5,0.5830952666666676
2020-05-23 07:15:00,2073.673701318182,203.1690746772727,84.625,4135001,HmiyD2TTLFNqkNe,22.7378764,24.8963014,0.14642804,7,5,5,2.1584249999999976
2020-05-23 07:30:00,3198.1704545454545,314.28116883636363,154.2857143,4135001,HmiyD2TTLFNqkNe,23.204709714285716,27.90720492857143,0.2291173557142857,7,5,5,4.702495214285715
2020-05-23 07:45:00,3728.382305272727,366.41761364545454,246.75,4135001,HmiyD2TTLFNqkNe,23.517870071428572,30.984898285714287,0.2691330578571429,7,5,5,7.467028214285715
2020-05-23 08:00:00,4425.679383136364,434.38863636363635,352.8571429,4135001,HmiyD2TTLFNqkNe,23.89814073333333,33.29091186666667,0.3245409046666666,8,5,5,9.392771133333337
2020-05-23 08:15:00,6644.621753227272,650.7798701272727,498.75,4135001,HmiyD2TTLFNqkNe,24.705782066666668,38.037754333333325,0.4945615926666666,8,5,5,13.331972266666657
2020-05-23 08:30:00,7849.901785727273,768.4260551954546,700.0,4135001,HmiyD2TTLFNqkNe,25.810009866666668,43.5907308,0.5895070206666666,8,5,5,17.780720933333335
2020-05-23 08:45:00,7656.704545454545,749.5895292272727,887.5714286,4135001,HmiyD2TTLFNqkNe,26.365627066666665,43.806378,0.569132588,8,5,5,17.440750933333337
2020-05-23 09:00:00,8212.416396090908,803.75194805,1091.875,4135001,HmiyD2TTLFNqkNe,26.8544944,44.581498066666654,0.6137954226666666,9,5,5,17.727003666666654
2020-05-23 09:15:00,8879.974025909092,868.7753246772728,1313.857143,4135001,HmiyD2TTLFNqkNe,27.272131400000003,46.693650133333335,0.6625689086666668,9,5,5,19.421518733333333
2020-05-23 09:30:00,8115.478084409091,794.1367694772727,1547.75,4135001,HmiyD2TTLFNqkNe,27.64303786666667,47.786619,0.6174629526666667,9,5,5,20.14358113333333
2020-05-23 09:45:00,9127.615259454546,892.2843344045455,1758.428571,4135001,HmiyD2TTLFNqkNe,27.703896500000003,45.23483278571429,0.710976275,9,5,5,17.530936285714287
2020-05-23 10:00:00,9034.304383136363,883.5528409090908,2009.125,4135001,HmiyD2TTLFNqkNe,28.074165800000003,48.958026200000006,0.6737647459999999,10,5,5,20.883860400000003
2020-05-23 10:15:00,8796.853084409091,860.4326298727273,2230.0,4135001,HmiyD2TTLFNqkNe,28.02329086666667,47.408421,0.6361480606666667,10,5,5,19.385130133333327
2020-05-23 10:30:00,8742.806818181818,854.9265422045454,2476.0,4135001,HmiyD2TTLFNqkNe,28.123655266666663,48.692805666666665,0.6136754333333333,10,5,5,20.5691504
2020-05-23 10:45:00,9821.48051940909,959.1354708,2680.142857,4135001,HmiyD2TTLFNqkNe,28.60254713333333,49.08473493333334,0.8168375646666667,10,5,5,20.482187800000005
2020-05-23 11:00:00,10463.211850318183,1021.4870941136363,2926.0,4135001,HmiyD2TTLFNqkNe,28.8662964,52.901754,0.8011747426666667,11,5,5,24.035457599999997
2020-05-23 11:15:00,12523.827109545453,1221.3012175909091,3216.714286,4135001,HmiyD2TTLFNqkNe,29.496158666666663,56.45879506666667,0.968808626,11,5,5,26.962636400000004
2020-05-23 11:30:00,12689.813311363636,1237.5037337272727,3536.125,4135001,HmiyD2TTLFNqkNe,30.03040366666667,59.877591933333335,0.9841918673333332,11,5,5,29.847188266666667
2020-05-23 11:45:00,12858.799513181817,1253.8672077727274,3864.428571,4135001,HmiyD2TTLFNqkNe,30.452372928571428,60.19193785714286,1.0037044035714286,11,5,5,29.739564928571433
2020-05-23 12:00:00,12569.467533181818,1225.7633116363636,4178.625,4135001,HmiyD2TTLFNqkNe,30.6108378,58.55042526666667,0.962423294,12,5,5,27.939587466666673
2020-05-23 12:15:00,13293.78814909091,1296.2228084545454,4506.428571,4135001,HmiyD2TTLFNqkNe,31.26550906666667,63.34182940000001,1.112296618,12,5,5,32.07632033333334
2020-05-23 12:30:00,11950.43344181818,1166.1923700454545,4840.5,4135001,HmiyD2TTLFNqkNe,31.12965493333333,65.54571366666664,0.954939324,12,5,5,34.416058733333315
2020-05-23 12:45:00,8989.431818227273,879.4284902636363,5107.857143,4135001,HmiyD2TTLFNqkNe,31.10980833333333,58.53033853333333,0.6678877380000001,12,5,5,27.420530199999998
2020-05-23 13:00:00,10771.456169545454,1052.1933441818182,5331.428571,4135001,HmiyD2TTLFNqkNe,31.304307266666665,55.53702406666668,0.7916552700000001,13,5,5,24.232716800000016
2020-05-23 13:15:00,11643.063311818181,1136.3574675,5620.375,4135001,HmiyD2TTLFNqkNe,32.26669699999999,58.0866006,0.8927997,13,5,5,25.819903600000004
2020-05-23 13:30:00,12035.331981363637,1173.822159090909,5911.142857,4135001,HmiyD2TTLFNqkNe,32.174080466666666,59.10431306666667,0.9360600806666666,13,5,5,26.930232600000004
2020-05-23 13:45:00,12520.44155818182,1220.9275162272727,6221.875,4135001,HmiyD2TTLFNqkNe,32.819391,62.57647933333334,0.9900849466666666,13,5,5,29.757088333333336
2020-05-23 14:00:00,10333.95698,1009.5266234181818,6530.0,4135001,HmiyD2TTLFNqkNe,33.13893985714286,60.39023078571429,0.7815910821428571,14,5,5,27.25129092857143
2020-05-23 14:15:00,8063.851461045455,789.2722402545455,6749.375,4135001,HmiyD2TTLFNqkNe,32.61264433333333,53.1639342,0.5945410246666665,14,5,5,20.55128986666667
2020-05-23 14:30:00,7522.6339284999995,736.5112013045455,6948.0,4135001,HmiyD2TTLFNqkNe,32.7458558,51.327437733333326,0.545487636,14,5,5,18.581581933333325
2020-05-23 14:45:00,7147.672077954546,699.9380681772727,7135.625,4135001,HmiyD2TTLFNqkNe,32.598390733333325,48.28102199999999,0.5062324326666667,14,5,5,15.682631266666668
2020-05-23 15:00:00,5925.718344136363,580.6081168863636,7293.142857,4135001,HmiyD2TTLFNqkNe,32.41062673333334,46.36569013333333,0.4040820713333333,15,5,5,13.955063399999993
2020-05-23 15:15:00,7587.416396090909,742.7007305227272,7475.5,4135001,HmiyD2TTLFNqkNe,32.6603392,46.35074433333333,0.485598238,15,5,5,13.690405133333329
2020-05-23 15:30:00,8933.726461045455,874.003003240909,7671.285714,4135001,HmiyD2TTLFNqkNe,33.28802473333333,49.761793999999995,0.6299917373333332,15,5,5,16.473769266666665
2020-05-23 15:45:00,7462.963474,730.6834415545454,7872.625,4135001,HmiyD2TTLFNqkNe,33.335693266666674,49.51272193333333,0.5362176506666668,15,5,5,16.177028666666658
2020-05-23 16:00:00,6499.3125,636.6567370181818,8050.0,4135001,HmiyD2TTLFNqkNe,33.424020071428565,48.9096767142857,0.49096055,16,5,5,15.485656642857137
2020-05-23 16:15:00,5868.397727272727,575.0921266318181,8202.375,4135001,HmiyD2TTLFNqkNe,32.66607666666668,47.123696133333326,0.4451593266666666,16,5,5,14.457619466666642
2020-05-23 16:30:00,5514.954545454545,540.5573863636364,8339.857143,4135001,HmiyD2TTLFNqkNe,32.16037606666667,43.64397813333333,0.3890966946666666,16,5,5,11.483602066666656
2020-05-23 16:45:00,4040.875811681818,396.97711039090905,8450.857143,4135001,HmiyD2TTLFNqkNe,31.88587833333333,41.18470279999999,0.2978837853333333,16,5,5,9.298824466666659
2020-05-23 17:00:00,3313.8644480454545,325.66850649545455,8539.875,4135001,HmiyD2TTLFNqkNe,31.265974933333336,37.7911072,0.246215918,17,5,5,6.525132266666663
2020-05-23 17:15:00,2802.4155843181816,274.9590909,8612.571429,4135001,HmiyD2TTLFNqkNe,30.808199066666667,35.76615826666667,0.2081180433333333,17,5,5,4.957959200000005
2020-05-23 17:30:00,2031.6923701363637,199.1768668818182,8672.0,4135001,HmiyD2TTLFNqkNe,30.171648933333334,33.8750304,0.1451273186666666,17,5,5,3.7033814666666665
2020-05-23 17:45:00,1568.487012909091,153.40462662272728,8715.714286,4135001,HmiyD2TTLFNqkNe,29.63169753333333,32.23251346666666,0.1122409709333333,17,5,5,2.6008159333333296
2020-05-23 18:00:00,1303.0949675454544,126.89456169090909,8752.0,4135001,HmiyD2TTLFNqkNe,29.4934264,31.516186533333336,0.0927983004,18,5,5,2.0227601333333354
2020-05-23 18:15:00,574.4115259590909,55.62751623454546,8776.142857,4135001,HmiyD2TTLFNqkNe,29.02422,29.90827521428572,0.0412472248571428,18,5,5,0.8840552142857199
2020-05-23 18:30:00,32.60551948,3.145048701318182,8782.875,4135001,HmiyD2TTLFNqkNe,28.4694946,27.9880758,0.0050579441066666,18,5,5,-0.48141880000000015
2020-05-23 18:45:00,0.0,0.0,8783.0,4135001,HmiyD2TTLFNqkNe,28.136104133333337,26.83467813333333,9.444856459999999e-05,18,5,5,-1.3014260000000064
2020-05-23 19:00:00,0.0,0.0,8783.0,4135001,HmiyD2TTLFNqkNe,27.82643613333333,26.21776333333333,0.0,19,5,5,-1.6086728000000008
2020-05-23 19:15:00,0.0,0.0,8783.0,4135001,HmiyD2TTLFNqkNe,27.58875313333333,25.794478133333328,0.0,19,5,5,-1.7942750000000025
2020-05-23 19:30:00,0.0,0.0,8783.0,4135001,HmiyD2TTLFNqkNe,27.35458573333333,25.633465600000005,0.0,19,5,5,-1.7211201333333257
2020-05-23 19:45:00,0.0,0.0,8783.0,4135001,HmiyD2TTLFNqkNe,27.17084366666667,25.592665600000004,0.0,19,5,5,-1.5781780666666663
2020-05-23 20:00:00,0.0,0.0,8783.0,4135001,HmiyD2TTLFNqkNe,26.9254904,25.399934866666666,0.0,20,5,5,-1.5255555333333355
2020-05-23 20:15:00,0.0,0.0,8783.0,4135001,HmiyD2TTLFNqkNe,26.74023646666667,25.1433514,0.0,20,5,5,-1.596885066666669
2020-05-23 20:30:00,0.0,0.0,8783.0,4135001,HmiyD2TTLFNqkNe,26.542622,24.715713500000003,0.0,20,5,5,-1.8269084999999983
2020-05-23 20:45:00,0.0,0.0,8783.0,4135001,HmiyD2TTLFNqkNe,26.3805358,24.4444234,0.0,20,5,5,-1.936112399999999
2020-05-23 21:00:00,0.0,0.0,8783.0,4135001,HmiyD2TTLFNqkNe,26.2500794,24.092059266666663,0.0,21,5,5,-2.1580201333333378
2020-05-23 21:15:00,0.0,0.0,8783.0,4135001,HmiyD2TTLFNqkNe,26.0939412,23.791683066666668,0.0,21,5,5,-2.302258133333332
2020-05-23 21:30:00,0.0,0.0,8783.0,4135001,HmiyD2TTLFNqkNe,26.035589666666667,24.022705066666667,0.0,21,5,5,-2.0128845999999996
2020-05-23 22:00:00,0.0,0.0,8783.0,4135001,HmiyD2TTLFNqkNe,25.7736,23.732849,0.0,22,5,5,-2.0407509999999967
2020-05-23 22:15:00,0.0,0.0,8783.0,4135001,HmiyD2TTLFNqkNe,25.654901066666667,23.449275533333328,0.0,22,5,5,-2.2056255333333397
2020-05-23 22:30:00,0.0,0.0,8783.0,4135001,HmiyD2TTLFNqkNe,25.488665666666662,23.103936733333327,0.0,22,5,5,-2.384728933333335
2020-05-23 22:45:00,0.0,0.0,8783.0,4135001,HmiyD2TTLFNqkNe,25.33885486666667,22.979264466666667,0.0,22,5,5,-2.359590400000002
2020-05-23 23:00:00,0.0,0.0,8783.0,4135001,HmiyD2TTLFNqkNe,25.1337626,22.6813252,0.0,23,5,5,-2.452437400000001
2020-05-23 23:15:00,0.0,0.0,8783.0,4135001,HmiyD2TTLFNqkNe,24.969698,22.494120266666663,0.0,23,5,5,-2.4755777333333384
2020-05-23 23:30:00,0.0,0.0,8783.0,4135001,HmiyD2TTLFNqkNe,24.838093428571423,22.509726357142856,0.0,23,5,5,-2.3283670714285662
2020-05-23 23:45:00,0.0,0.0,8783.0,4135001,HmiyD2TTLFNqkNe,24.81882946666667,22.467185466666667,0.0,23,5,5,-2.351644000000004
2020-05-24 00:00:00,0.0,0.0,2135.75,4135001,HmiyD2TTLFNqkNe,24.6906805,22.17558057142857,0.0,0,5,6,-2.5150999285714306
2020-05-24 00:15:00,0.0,0.0,0.0,4135001,HmiyD2TTLFNqkNe,24.538547666666663,21.8853208,0.0,0,5,6,-2.653226866666664
2020-05-24 00:30:00,0.0,0.0,0.0,4135001,HmiyD2TTLFNqkNe,24.327402866666667,21.633982266666667,0.0,0,5,6,-2.6934205999999996
2020-05-24 00:45:00,0.0,0.0,0.0,4135001,HmiyD2TTLFNqkNe,24.253961200000003,21.66131586666667,0.0,0,5,6,-2.5926453333333335
2020-05-24 01:00:00,0.0,0.0,0.0,4135001,HmiyD2TTLFNqkNe,24.2181986,21.775756733333328,0.0,1,5,6,-2.442441866666673
2020-05-24 01:15:00,0.0,0.0,0.0,4135001,HmiyD2TTLFNqkNe,24.211336266666667,21.765153,0.0,1,5,6,-2.446183266666665
2020-05-24 01:30:00,0.0,0.0,0.0,4135001,HmiyD2TTLFNqkNe,24.305967,22.219170642857147,0.0,1,5,6,-2.086796357142852
2020-05-24 01:45:00,0.0,0.0,0.0,4135001,HmiyD2TTLFNqkNe,24.47437553333333,22.922821066666668,0.0,1,5,6,-1.551554466666662
2020-05-24 02:00:00,0.0,0.0,0.0,4135001,HmiyD2TTLFNqkNe,24.566530333333333,23.147521933333334,0.0,2,5,6,-1.4190083999999992
2020-05-24 02:15:00,0.0,0.0,0.0,4135001,HmiyD2TTLFNqkNe,24.6126954,22.74956053333333,0.0,2,5,6,-1.8631348666666696
2020-05-24 02:30:00,0.0,0.0,0.0,4135001,HmiyD2TTLFNqkNe,24.401302066666663,22.162550733333337,0.0,2,5,6,-2.238751333333326
2020-05-24 02:45:00,0.0,0.0,0.0,4135001,HmiyD2TTLFNqkNe,24.0961324,21.322037666666663,0.0,2,5,6,-2.7740947333333352
2020-05-24 03:00:00,0.0,0.0,0.0,4135001,HmiyD2TTLFNqkNe,24.0066,21.193375733333337,0.0,3,5,6,-2.813224266666662
2020-05-24 03:15:00,0.0,0.0,0.0,4135001,HmiyD2TTLFNqkNe,23.984708733333328,21.2534078,0.0,3,5,6,-2.7313009333333262
2020-05-24 03:30:00,0.0,0.0,0.0,4135001,HmiyD2TTLFNqkNe,23.969868428571427,21.364536928571425,0.0,3,5,6,-2.605331500000002
2020-05-24 03:45:00,0.0,0.0,0.0,4135001,HmiyD2TTLFNqkNe,23.9593852,21.597076466666667,0.0,3,5,6,-2.3623087333333324
2020-05-24 04:00:00,0.0,0.0,0.0,4135001,HmiyD2TTLFNqkNe,23.917812133333328,21.46754153333333,0.0,4,5,6,-2.4502705999999996
2020-05-24 04:15:00,0.0,0.0,0.0,4135001,HmiyD2TTLFNqkNe,23.90087886666667,21.493794800000007,0.0,4,5,6,-2.4070840666666626
2020-05-24 04:30:00,0.0,0.0,0.0,4135001,HmiyD2TTLFNqkNe,23.7752706,21.237825333333333,0.0,4,5,6,-2.5374452666666656
2020-05-24 04:45:00,0.0,0.0,0.0,4135001,HmiyD2TTLFNqkNe,23.661442000000005,20.761668,0.0,4,5,6,-2.8997740000000043
2020-05-24 05:00:00,0.0,0.0,0.0,4135001,HmiyD2TTLFNqkNe,23.623785466666668,20.635243733333333,0.0,5,5,6,-2.988541733333335
2020-05-24 05:15:00,0.0,0.0,0.0,4135001,HmiyD2TTLFNqkNe,23.49081826666667,20.40563353333333,0.0,5,5,6,-3.085184733333339
2020-05-24 05:30:00,0.0,0.0,0.0,4135001,HmiyD2TTLFNqkNe,23.31950378571429,20.1904755,0.0,5,5,6,-3.1290282857142877
2020-05-24 05:45:00,0.0,0.0,0.0,4135001,HmiyD2TTLFNqkNe,23.2451844,20.093800666666667,0.0006199202026666,5,5,6,-3.1513837333333328
2020-05-24 06:00:00,108.08847402772727,10.433603896000001,1.5,4135001,HmiyD2TTLFNqkNe,23.151116866666666,20.113913933333333,0.00961781414,6,5,6,-3.037202933333333
2020-05-24 06:15:00,400.2654220818182,38.69366883136364,8.571428571,4135001,HmiyD2TTLFNqkNe,23.35637213333333,20.837968,0.0291135531333333,6,5,6,-2.5184041333333305
2020-05-24 06:30:00,743.8482142909091,72.117045455,22.57142857,4135001,HmiyD2TTLFNqkNe,23.665861,22.093613866666672,0.052356912,6,5,6,-1.5722471333333274
2020-05-24 06:45:00,1191.9610389545453,115.93782467727273,48.5,4135001,HmiyD2TTLFNqkNe,24.0184102,23.685199,0.086237195,6,5,6,-0.33321120000000093
2020-05-24 07:00:00,1765.1883117272728,172.8828733727273,88.42857143,4135001,HmiyD2TTLFNqkNe,24.416684866666667,25.753737399999995,0.1536853939999999,7,5,6,1.3370525333333276
2020-05-24 07:15:00,2435.5714285454546,238.84099025454546,145.5,4135001,HmiyD2TTLFNqkNe,24.857926333333328,28.002966266666665,0.2052391053333333,7,5,6,3.1450399333333365
2020-05-24 07:30:00,3208.8652596818183,315.2611201227273,221.4285714,4135001,HmiyD2TTLFNqkNe,25.389813333333336,30.644789666666664,0.26604703,7,5,6,5.254976333333328
2020-05-24 07:45:00,4002.2792208181822,393.1078733772727,314.375,4135001,HmiyD2TTLFNqkNe,25.920839642857143,33.56302542857142,0.323376125,7,5,6,7.642185785714279
2020-05-24 08:00:00,4804.956980590909,471.2207792136364,434.5714286,4135001,HmiyD2TTLFNqkNe,26.23174233333333,35.39754653333333,0.3727364353333333,8,5,6,9.165804200000004
2020-05-24 08:15:00,5228.188311636364,512.5006493454546,563.125,4135001,HmiyD2TTLFNqkNe,26.3079448,35.30504146666667,0.361205644,8,5,6,8.997096666666671
2020-05-24 08:30:00,6971.836850636363,682.7644480545455,733.8571429,4135001,HmiyD2TTLFNqkNe,26.682297799999997,38.64299933333333,0.5357404813333333,8,5,6,11.960701533333332
2020-05-24 08:45:00,5189.521103863636,508.8203733772727,882.75,4135001,HmiyD2TTLFNqkNe,26.76338493333333,39.07146406666667,0.3637049406666666,8,5,6,12.30807913333334
2020-05-24 09:00:00,7541.143668818182,738.1929383181819,1048.285714,4135001,HmiyD2TTLFNqkNe,27.152537133333336,40.39757686666666,0.5656625413333333,9,5,6,13.245039733333325
2020-05-24 09:15:00,6865.868506545455,672.3329545454545,1237.125,4135001,HmiyD2TTLFNqkNe,27.404044666666664,41.316923333333335,0.4188771033333333,9,5,6,13.912878666666671
2020-05-24 09:30:00,8179.335227227272,800.2708603954546,1447.571429,4135001,HmiyD2TTLFNqkNe,27.864129466666668,43.693817200000005,0.56387132,9,5,6,15.829687733333337
2020-05-24 09:45:00,6300.107142863636,617.0616883136364,1631.857143,4135001,HmiyD2TTLFNqkNe,27.86592971428571,42.949353714285714,0.51719428,9,5,6,15.083424000000004
2020-05-24 10:00:00,7257.3449674545445,710.2408279227274,1796.285714,4135001,HmiyD2TTLFNqkNe,28.242586266666667,43.05883393333334,0.5804646173333333,10,5,6,14.816247666666673
2020-05-24 10:15:00,8464.868506681818,827.400487009091,1982.375,4135001,HmiyD2TTLFNqkNe,28.488832533333333,43.78831386666667,0.585474618,10,5,6,15.299481333333336
2020-05-24 10:30:00,9347.205357318182,913.0534090909091,2243.428571,4135001,HmiyD2TTLFNqkNe,28.98237106666667,47.528133,0.7167022733333334,10,5,6,18.545761933333328
2020-05-24 10:45:00,11700.781655272727,1141.6145292409092,2537.25,4135001,HmiyD2TTLFNqkNe,29.528405733333337,52.172778066666666,0.8833871893333332,10,5,6,22.64437233333333
2020-05-24 11:00:00,10730.692369727272,1047.5873376318182,2835.0,4135001,HmiyD2TTLFNqkNe,29.893628,56.54914560000001,0.7758027066666667,11,5,6,26.65551760000001
2020-05-24 11:15:00,11173.237824545455,1090.3475649818183,3100.125,4135001,HmiyD2TTLFNqkNe,30.166768533333336,54.67960166666667,0.8679127513333332,11,5,6,24.512833133333334
2020-05-24 11:30:00,11599.211850454545,1131.7558441363637,3397.875,4135001,HmiyD2TTLFNqkNe,30.648152666666665,58.192274733333335,0.9587208273333332,11,5,6,27.54412206666667
2020-05-24 11:45:00,11600.585227727272,1131.7193993818182,3702.142857,4135001,HmiyD2TTLFNqkNe,31.08613807142857,57.58173707142858,0.856888655,11,5,6,26.495599000000006
2020-05-24 12:00:00,11908.801948636365,1161.7292207727273,3983.5,4135001,HmiyD2TTLFNqkNe,30.96598713333333,58.3223184,0.966907858,12,5,6,27.356331266666672
2020-05-24 12:15:00,12565.830357727273,1225.3452921363637,4301.714286,4135001,HmiyD2TTLFNqkNe,31.85976966666667,60.33080693333334,0.9758267626666666,12,5,6,28.471037266666674
2020-05-24 12:30:00,11646.58847409091,1136.3245941818182,4608.25,4135001,HmiyD2TTLFNqkNe,31.858768666666663,60.43083146666667,0.9489071126666666,12,5,6,28.572062800000005
2020-05-24 12:45:00,12053.913961363636,1175.7981331363635,4923.285714,4135001,HmiyD2TTLFNqkNe,32.268751599999995,61.34530853333335,0.9421417826666668,12,5,6,29.076556933333357
2020-05-24 13:00:00,12166.878246818182,1186.6218344545455,5233.75,4135001,HmiyD2TTLFNqkNe,32.5261004,61.743723933333335,0.9393533653333334,13,5,6,29.217623533333338
2020-05-24 13:15:00,11874.818181818182,1158.2559252272729,5536.714286,4135001,HmiyD2TTLFNqkNe,32.848590333333334,60.95937106666666,0.9193798739999998,13,5,6,28.11078073333333
2020-05-24 13:30:00,9526.004058363636,930.13035715,5823.25,4135001,HmiyD2TTLFNqkNe,33.08275935714286,61.57563135714286,0.7931582364285715,13,5,6,28.492872
2020-05-24 13:45:00,11704.06655818182,1141.7793831363635,6079.428571,4135001,HmiyD2TTLFNqkNe,33.321887266666664,57.5274762,0.847597544,13,5,6,24.20558893333334
2020-05-24 14:00:00,8953.835227181818,875.1249188409091,6341.75,4135001,HmiyD2TTLFNqkNe,33.68083073333334,59.173854533333326,0.833392598,14,5,6,25.49302379999999
2020-05-24 14:15:00,10864.355518636365,1060.9125811818183,6600.428571,4135001,HmiyD2TTLFNqkNe,33.551989866666666,58.270271933333326,0.8323255766666667,14,5,6,24.71828206666666
2020-05-24 14:30:00,8132.310876636364,795.1132305045455,6847.625,4135001,HmiyD2TTLFNqkNe,33.78651526666667,56.12368146666666,0.6665665693333332,14,5,6,22.33716619999999
2020-05-24 14:45:00,9281.560064727273,907.6568181954545,7048.142857,4135001,HmiyD2TTLFNqkNe,33.41605233333334,52.4764444,0.6782424946666668,14,5,6,19.060392066666658
2020-05-24 15:00:00,8751.084415545454,856.0930194909091,7266.875,4135001,HmiyD2TTLFNqkNe,33.76234939999999,52.985213,0.6847007353333333,15,5,6,19.22286360000001
2020-05-24 15:15:00,5958.073863681819,583.5797077909091,7473.0,4135001,HmiyD2TTLFNqkNe,33.761303733333335,54.00686426666665,0.476600342,15,5,6,20.245560533333318
2020-05-24 15:30:00,3876.8068181363637,380.4034090863636,7585.428571,4135001,HmiyD2TTLFNqkNe,33.279722071428566,45.374740642857134,0.238672855,15,5,6,12.095018571428568
2020-05-24 15:45:00,3060.6647727727277,300.2556818136364,7683.75,4135001,HmiyD2TTLFNqkNe,32.816959600000004,40.0954304,0.21446764,15,5,6,7.278470799999994
2020-05-24 16:00:00,4199.571428636364,411.6309253227273,7771.0,4135001,HmiyD2TTLFNqkNe,32.72800313333334,38.61097186666667,0.2873007813333333,16,5,6,5.882968733333328
2020-05-24 16:15:00,4004.3944804999996,392.5967532454546,7905.75,4135001,HmiyD2TTLFNqkNe,33.25120033333334,42.48199053333333,0.2895850273333333,16,5,6,9.230790199999994
2020-05-24 16:30:00,3494.6753247272723,342.7141233727273,8002.285714,4135001,HmiyD2TTLFNqkNe,32.82929440000001,40.124707066666666,0.2425447946666666,16,5,6,7.295412666666657
2020-05-24 16:45:00,4037.367694818182,396.2172077954546,8090.25,4135001,HmiyD2TTLFNqkNe,32.72574673333334,39.121545600000005,0.3035469626666667,16,5,6,6.3957988666666665
2020-05-24 17:00:00,4000.7954544545455,393.08904220909085,8189.285714,4135001,HmiyD2TTLFNqkNe,32.85508646666668,40.3697468,0.2947314606666666,17,5,6,7.514660333333325
2020-05-24 17:15:00,2630.4464285909094,258.0987824636364,8271.5,4135001,HmiyD2TTLFNqkNe,32.515638933333335,38.29546746666666,0.199998688,17,5,6,5.779828533333323
2020-05-24 17:30:00,1740.8482143181818,170.43563311363636,8323.0,4135001,HmiyD2TTLFNqkNe,31.9316625,35.02001971428571,0.1373132696428571,17,5,6,3.0883572142857076
2020-05-24 17:45:00,1091.0633116681818,106.06063311363637,8355.875,4135001,HmiyD2TTLFNqkNe,31.36695346666667,32.592636866666666,0.0881270817333333,17,5,6,1.2256833999999976
2020-05-24 18:00:00,611.9813311681818,59.25478896090909,8376.714286,4135001,HmiyD2TTLFNqkNe,30.75914113333333,30.545615666666663,0.0456077094,18,5,6,-0.21352546666666683
2020-05-24 18:15:00,372.99675325000004,36.04561688272727,8388.75,4135001,HmiyD2TTLFNqkNe,30.156077,29.0945292,0.0269941826,18,5,6,-1.0615477999999996
2020-05-24 18:30:00,149.94480519090908,14.473782467272729,8395.428571,4135001,HmiyD2TTLFNqkNe,29.691412400000004,28.060636333333328,0.0112836303666666,18,5,6,-1.6307760666666766
2020-05-24 18:45:00,0.0,0.0,8397.0,4135001,HmiyD2TTLFNqkNe,29.193908666666665,27.260127866666668,0.0012658659466666,18,5,6,-1.9337807999999974
2020-05-24 19:00:00,0.0,0.0,8397.0,4135001,HmiyD2TTLFNqkNe,28.8050252,26.64863686666667,0.0,19,5,6,-2.1563883333333287
2020-05-24 19:15:00,0.0,0.0,8397.0,4135001,HmiyD2TTLFNqkNe,28.41945813333333,26.3571066,0.0,19,5,6,-2.0623515333333273
2020-05-24 19:30:00,0.0,0.0,8397.0,4135001,HmiyD2TTLFNqkNe,28.041340357142857,26.15662057142857,0.0,19,5,6,-1.8847197857142888
2020-05-24 19:45:00,0.0,0.0,8397.0,4135001,HmiyD2TTLFNqkNe,27.721820066666663,25.952933733333335,0.0,19,5,6,-1.7688863333333273
2020-05-24 20:00:00,0.0,0.0,8397.0,4135001,HmiyD2TTLFNqkNe,27.463893733333336,26.059515466666667,0.0,20,5,6,-1.4043782666666687
2020-05-24 20:15:00,0.0,0.0,8397.0,4135001,HmiyD2TTLFNqkNe,27.12241393333333,25.596382866666666,0.0,20,5,6,-1.5260310666666648
2020-05-24 20:30:00,0.0,0.0,8397.0,4135001,HmiyD2TTLFNqkNe,26.938661666666665,25.4765034,0.0,20,5,6,-1.4621582666666662
2020-05-24 20:45:00,0.0,0.0,8397.0,4135001,HmiyD2TTLFNqkNe,26.813499,25.441148066666667,0.0,20,5,6,-1.3723509333333332
2020-05-24 21:00:00,0.0,0.0,8397.0,4135001,HmiyD2TTLFNqkNe,26.721419200000003,24.9726014,0.0,21,5,6,-1.7488178000000048
2020-05-24 21:15:00,0.0,0.0,8397.0,4135001,HmiyD2TTLFNqkNe,26.061617,23.810306800000003,0.0,21,5,6,-2.2513101999999954
2020-05-24 21:30:00,0.0,0.0,8397.0,4135001,HmiyD2TTLFNqkNe,25.324238285714287,23.218586714285717,0.0,21,5,6,-2.10565157142857
2020-05-24 21:45:00,0.0,0.0,8397.0,4135001,HmiyD2TTLFNqkNe,25.055564333333333,23.1519184,0.0,21,5,6,-1.9036459333333333
2020-05-24 22:00:00,0.0,0.0,8397.0,4135001,HmiyD2TTLFNqkNe,24.842502866666667,23.14363193333333,0.0,22,5,6,-1.6988709333333354
2020-05-24 22:15:00,0.0,0.0,8397.0,4135001,HmiyD2TTLFNqkNe,24.7625794,23.2487568,0.0,22,5,6,-1.513822600000001
2020-05-24 22:30:00,0.0,0.0,8397.0,4135001,HmiyD2TTLFNqkNe,24.650606400000004,23.19892173333333,0.0,22,5,6,-1.4516846666666758
2020-05-24 22:45:00,0.0,0.0,8397.0,4135001,HmiyD2TTLFNqkNe,24.4036906,23.266341066666666,0.0,22,5,6,-1.1373495333333352
2020-05-24 23:00:00,0.0,0.0,8397.0,4135001,HmiyD2TTLFNqkNe,24.308990466666668,23.166595600000004,0.0,23,5,6,-1.1423948666666632
2020-05-24 23:15:00,0.0,0.0,8397.0,4135001,HmiyD2TTLFNqkNe,24.17554313333333,22.930407733333336,0.0,23,5,6,-1.2451353999999952
2020-05-24 23:30:00,0.0,0.0,8397.0,4135001,HmiyD2TTLFNqkNe,24.169597214285712,22.926810357142852,0.0,23,5,6,-1.2427868571428604
2020-05-24 23:45:00,0.0,0.0,8397.0,4135001,HmiyD2TTLFNqkNe,23.777931866666663,22.760666866666668,0.0,23,5,6,-1.0172649999999948
2020-05-25 00:00:00,0.0,0.0,1168.571429,4135001,HmiyD2TTLFNqkNe,23.523980866666665,22.53725386666667,0.0,0,5,0,-0.9867269999999948
2020-05-25 00:15:00,0.0,0.0,0.0,4135001,HmiyD2TTLFNqkNe,23.576312266666665,22.5190776,0.0,0,5,0,-1.057234666666666
2020-05-25 00:30:00,0.0,0.0,0.0,4135001,HmiyD2TTLFNqkNe,23.793988066666667,22.6662274,0.0,0,5,0,-1.127760666666667
2020-05-25 00:45:00,0.0,0.0,0.0,4135001,HmiyD2TTLFNqkNe,23.82386273333333,22.74333293333333,0.0,0,5,0,-1.0805297999999972
2020-05-25 01:00:00,0.0,0.0,0.0,4135001,HmiyD2TTLFNqkNe,23.813157266666668,22.72366926666666,0.0,1,5,0,-1.0894880000000065
2020-05-25 01:15:00,0.0,0.0,0.0,4135001,HmiyD2TTLFNqkNe,23.8431722,22.72266246666667,0.0,1,5,0,-1.120509733333332
2020-05-25 01:30:00,0.0,0.0,0.0,4135001,HmiyD2TTLFNqkNe,23.7696665,22.556241714285715,0.0,1,5,0,-1.2134247857142846
2020-05-25 01:45:00,0.0,0.0,0.0,4135001,HmiyD2TTLFNqkNe,23.74944666666667,22.52036333333333,0.0,1,5,0,-1.2290833333333424
2020-05-25 02:00:00,0.0,0.0,0.0,4135001,HmiyD2TTLFNqkNe,23.74525333333333,22.562904666666668,0.0,2,5,0,-1.1823486666666625
2020-05-25 02:15:00,0.0,0.0,0.0,4135001,HmiyD2TTLFNqkNe,23.723101799999995,22.5175476,0.0,2,5,0,-1.2055541999999946
2020-05-25 02:30:00,0.0,0.0,0.0,4135001,HmiyD2TTLFNqkNe,23.660424866666663,22.528680466666668,0.0,2,5,0,-1.1317443999999952
2020-05-25 02:45:00,0.0,0.0,0.0,4135001,HmiyD2TTLFNqkNe,23.564792866666664,22.4498474,0.0,2,5,0,-1.114945466666665
2020-05-25 03:00:00,0.0,0.0,0.0,4135001,HmiyD2TTLFNqkNe,23.53508313333333,22.328715,0.0,3,5,0,-1.2063681333333314
2020-05-25 03:15:00,0.0,0.0,0.0,4135001,HmiyD2TTLFNqkNe,23.552939733333336,22.281717866666664,0.0,3,5,0,-1.2712218666666715
2020-05-25 03:30:00,0.0,0.0,0.0,4135001,HmiyD2TTLFNqkNe,23.5656494,22.254783333333336,0.0,3,5,0,-1.3108660666666658
2020-05-25 03:45:00,0.0,0.0,0.0,4135001,HmiyD2TTLFNqkNe,23.539119142857142,22.201566357142852,0.0,3,5,0,-1.3375527857142906
2020-05-25 04:00:00,0.0,0.0,0.0,4135001,HmiyD2TTLFNqkNe,23.4719544,22.1696574,0.0,4,5,0,-1.302297000000003
2020-05-25 04:15:00,0.0,0.0,0.0,4135001,HmiyD2TTLFNqkNe,23.386021,22.073919666666665,0.0,4,5,0,-1.3121013333333345
2020-05-25 04:30:00,0.0,0.0,0.0,4135001,HmiyD2TTLFNqkNe,23.424011199999995,22.17654226666667,0.0,4,5,0,-1.2474689333333266
2020-05-25 04:45:00,0.0,0.0,0.0,4135001,HmiyD2TTLFNqkNe,23.45262646666667,22.164961733333328,0.0,4,5,0,-1.2876647333333402
2020-05-25 05:00:00,0.0,0.0,0.0,4135001,HmiyD2TTLFNqkNe,23.358255866666667,21.58138833333333,0.0,5,5,0,-1.7768675333333377
2020-05-25 05:15:00,0.0,0.0,0.0,4135001,HmiyD2TTLFNqkNe,23.182582533333328,21.200907266666665,0.0,5,5,0,-1.981675266666663
2020-05-25 05:30:00,0.0,0.0,0.0,4135001,HmiyD2TTLFNqkNe,23.065572,20.990049333333328,0.0,5,5,0,-2.0755226666666715
2020-05-25 06:00:00,0.0,0.0,0.0,4135001,HmiyD2TTLFNqkNe,22.90438138461538,21.018923153846156,0.0142718304615384,6,5,0,-1.885458230769224
2020-05-25 06:15:00,409.94967532727276,39.642694805,3.714285714,4135001,HmiyD2TTLFNqkNe,23.016544857142858,21.453314571428567,0.0331407035,6,5,0,-1.5632302857142903
2020-05-25 06:30:00,722.3668831181818,70.02475649454546,19.125,4135001,HmiyD2TTLFNqkNe,23.312432866666672,22.078063866666664,0.050611544,6,5,0,-1.234369000000008
2020-05-25 06:45:00,1176.6201298181818,114.43352272272728,44.85714286,4135001,HmiyD2TTLFNqkNe,23.51573693333333,22.768512,0.0832185890666666,6,5,0,-0.7472249333333281
2020-05-25 07:00:00,1725.6314934545453,168.96826297727273,86.25,4135001,HmiyD2TTLFNqkNe,23.788940466666663,23.575608266666663,0.1486546339999999,7,5,0,-0.21333219999999997
2020-05-25 07:15:00,2440.3262987272724,239.32694805,144.1428571,4135001,HmiyD2TTLFNqkNe,24.0009094,25.62175893333333,0.2036339493333333,7,5,0,1.6208495333333275
2020-05-25 07:30:00,2747.0454545454545,269.60000000454545,213.2857143,4135001,HmiyD2TTLFNqkNe,24.3116068,28.332320066666668,0.2028929653333333,7,5,0,4.020713266666668
2020-05-25 07:45:00,3617.005681818182,355.10909090909087,291.5,4135001,HmiyD2TTLFNqkNe,24.44554646666667,30.010496,0.2812749706666666,7,5,0,5.56494953333333
2020-05-25 08:00:00,3484.292207772727,341.89090909090913,387.0,4135001,HmiyD2TTLFNqkNe,24.688751333333336,31.77211313333333,0.2420931633333333,8,5,0,7.083361799999995
2020-05-25 08:15:00,5902.4375,578.3863636363636,516.125,4135001,HmiyD2TTLFNqkNe,24.931500133333333,34.9920044,0.4445730093333333,8,5,0,10.060504266666666
2020-05-25 08:30:00,6674.694805318181,653.7863636409091,676.8571429,4135001,HmiyD2TTLFNqkNe,25.73379057142857,40.25765564285714,0.5047311078571429,8,5,0,14.523865071428567
2020-05-25 08:45:00,7423.767045454545,726.8630681818181,862.25,4135001,HmiyD2TTLFNqkNe,26.3876404,43.30431733333333,0.5570171753333333,8,5,0,16.91667693333333
2020-05-25 09:00:00,8257.363636272727,808.1292207818183,1071.428571,4135001,HmiyD2TTLFNqkNe,26.970560666666664,45.55024,0.6182257626666666,9,5,0,18.57967933333334
2020-05-25 09:15:00,8921.3125,872.80625,1297.0,4135001,HmiyD2TTLFNqkNe,27.714882333333332,48.363682,0.6704487179999999,9,5,0,20.648799666666665
2020-05-25 09:30:00,9510.824675181819,930.1902597363637,1535.714286,4135001,HmiyD2TTLFNqkNe,28.173484266666676,49.310594,0.7147616046666667,9,5,0,21.137109733333325
2020-05-25 09:45:00,10094.311688136364,986.9493506636364,1790.375,4135001,HmiyD2TTLFNqkNe,28.5507568,51.14308473333334,0.7630363573333334,9,5,0,22.59232793333334
2020-05-25 10:00:00,10496.366072272727,1026.00194815,2056.571429,4135001,HmiyD2TTLFNqkNe,28.6851826,52.74471266666666,0.8024272126666667,10,5,0,24.059530066666657
2020-05-25 10:15:00,10494.237013636362,1025.46233765,2333.125,4135001,HmiyD2TTLFNqkNe,29.217750933333328,53.50141380000001,0.8341566393333333,10,5,0,24.28366286666668
2020-05-25 10:30:00,11178.575487727272,1091.5312499090908,2618.0,4135001,HmiyD2TTLFNqkNe,29.567946466666665,55.37232273333334,0.8627664733333335,10,5,0,25.804376266666676
2020-05-25 10:45:00,11630.766234545456,1134.7417208181816,2911.125,4135001,HmiyD2TTLFNqkNe,29.84079428571429,58.03428871428572,0.8917315042857143,10,5,0,28.193494428571434
2020-05-25 11:00:00,11877.939935,1158.5385551363636,3210.0,4135001,HmiyD2TTLFNqkNe,30.38230993333333,59.35841486666666,0.9131820933333334,11,5,0,28.976104933333325
2020-05-25 11:15:00,12062.884740000001,1176.4366071363636,3523.5,4135001,HmiyD2TTLFNqkNe,30.986580466666663,60.1309834,0.9288445293333332,11,5,0,29.144402933333335
2020-05-25 11:30:00,12276.344155454544,1197.1215909090909,3833.142857,4135001,HmiyD2TTLFNqkNe,31.036269066666662,60.58494866666666,0.947984686,11,5,0,29.5486796
2020-05-25 11:45:00,12483.780030909089,1217.2510552727274,4126.428571,4135001,HmiyD2TTLFNqkNe,31.56218266666667,58.13640526666666,0.9587958633333332,11,5,0,26.574222599999988
2020-05-25 12:00:00,12499.33847409091,1218.7556818181818,4443.0,4135001,HmiyD2TTLFNqkNe,31.597302133333333,58.96815806666666,0.9652258986666667,12,5,0,27.370855933333328
2020-05-25 12:15:00,12592.084415000001,1227.7870130454546,4759.571429,4135001,HmiyD2TTLFNqkNe,32.02379753333333,58.25814226666666,0.970586436,12,5,0,26.23434473333333
2020-05-25 12:30:00,12564.84659090909,1225.134090909091,5077.5,4135001,HmiyD2TTLFNqkNe,32.30198566666667,58.666117466666655,0.9666168293333331,12,5,0,26.36413179999999
2020-05-25 12:45:00,12447.590908636363,1213.744155909091,5392.857143,4135001,HmiyD2TTLFNqkNe,32.36792450000001,60.75254,0.9600062992857142,12,5,0,28.384615499999995
2020-05-25 13:00:00,12292.227272727272,1198.6789772727273,5705.125,4135001,HmiyD2TTLFNqkNe,32.788692133333335,60.102559266666674,0.9453285046666666,13,5,0,27.31386713333334
2020-05-25 13:15:00,11928.033549545455,1163.2939393636364,6015.666667,4135001,HmiyD2TTLFNqkNe,33.254821857142865,60.86849728571429,0.9130500964285714,13,5,0,27.613675428571426
2020-05-25 13:30:00,11401.594155909092,1113.1058441363637,6312.0,4135001,HmiyD2TTLFNqkNe,33.4319154,60.258821466666674,0.8658357226666666,13,5,0,26.826906066666673
2020-05-25 13:45:00,11634.655031818182,1135.1206169545455,6600.857143,4135001,HmiyD2TTLFNqkNe,33.4819584,59.38402526666668,0.879347218,13,5,0,25.90206686666668
2020-05-25 14:00:00,11383.250811818181,1111.184821409091,6887.75,4135001,HmiyD2TTLFNqkNe,33.32365333333333,58.80879913333334,0.8607233646666665,14,5,0,25.485145800000005
2020-05-25 14:15:00,10534.777596818181,1029.7519480136364,7161.857143,4135001,HmiyD2TTLFNqkNe,33.540535600000005,59.177929600000006,0.7999019353333332,14,5,0,25.637394
2020-05-25 14:30:00,10121.731330954544,989.5306006454546,7426.375,4135001,HmiyD2TTLFNqkNe,33.7554728,56.660072933333325,0.7431429239999999,14,5,0,22.904600133333325
2020-05-25 14:45:00,9376.719155818182,916.9702921681819,7686.0,4135001,HmiyD2TTLFNqkNe,34.09684771428572,54.98997742857143,0.760303092142857,14,5,0,20.893129714285706
2020-05-25 15:00:00,10099.922078318183,987.4981331363637,7920.25,4135001,HmiyD2TTLFNqkNe,34.382596666666664,57.54735093333333,0.7549121526666667,15,5,0,23.164754266666662
2020-05-25 15:15:00,8880.358766227273,868.7804383136364,8157.857143,4135001,HmiyD2TTLFNqkNe,34.232936733333325,54.871441666666655,0.6773567373333333,15,5,0,20.63850493333333
2020-05-25 15:30:00,7893.991071409091,772.6325486999999,8362.125,4135001,HmiyD2TTLFNqkNe,34.278066,49.945772133333335,0.5049492813333333,15,5,0,15.667706133333333
2020-05-25 15:45:00,8508.4959415,832.5851461045455,8577.714286,4135001,HmiyD2TTLFNqkNe,34.629477933333334,50.88533153333333,0.6294453433333332,15,5,0,16.255853599999995
2020-05-25 16:00:00,7667.707792272728,750.6129870045454,8772.142857,4135001,HmiyD2TTLFNqkNe,34.7056704,51.99498913333333,0.5514050859999999,16,5,0,17.289318733333324
2020-05-25 16:15:00,4323.130681818182,424.42272727272723,8918.75,4135001,HmiyD2TTLFNqkNe,34.31009746666667,46.1497108,0.306095652,16,5,0,11.839613333333332
2020-05-25 16:30:00,1975.7467532727271,193.58051947727273,9004.857143,4135001,HmiyD2TTLFNqkNe,33.7051188,39.0915042,0.1337362736666667,16,5,0,5.386385400000002
2020-05-25 16:45:00,1327.090909090909,129.13522727272726,9044.125,4135001,HmiyD2TTLFNqkNe,32.85124421428571,34.75786921428571,0.0878115582857142,16,5,0,1.9066250000000053
2020-05-25 17:00:00,1132.0519481363635,110.05519480454545,9075.0,4135001,HmiyD2TTLFNqkNe,32.63336773333333,33.21449166666667,0.0755440882,17,5,0,0.5811239333333376
2020-05-25 17:15:00,973.4772727272727,94.56931818181819,9102.25,4135001,HmiyD2TTLFNqkNe,32.45497006666667,32.520924533333336,0.0674540515333333,17,5,0,0.0659544666666676
2020-05-25 17:30:00,698.3571428590909,67.66688311636364,9123.714286,4135001,HmiyD2TTLFNqkNe,32.222483600000004,31.912021933333328,0.0506183510666666,17,5,0,-0.31046166666667574
2020-05-25 17:45:00,487.43425324545456,47.143425325,9138.75,4135001,HmiyD2TTLFNqkNe,30.906561266666667,30.832251133333333,0.0367549387333333,17,5,0,-0.07431013333333425
2020-05-25 18:00:00,430.88879872272724,41.65673701409091,9151.0,4135001,HmiyD2TTLFNqkNe,29.405578533333337,28.884993533333336,0.0324079431333333,18,5,0,-0.5205850000000005
2020-05-25 18:15:00,225.6152597409091,21.783198051818182,9159.25,4135001,HmiyD2TTLFNqkNe,28.77471533333333,27.363647333333333,0.0165713633,18,5,0,-1.4110679999999967
2020-05-25 18:30:00,33.907467532727274,3.271103896136364,9162.857143,4135001,HmiyD2TTLFNqkNe,27.8907064,26.16618666666667,0.0038019427373333,18,5,0,-1.7245197333333309
2020-05-25 18:45:00,0.0,0.0,9163.0,4135001,HmiyD2TTLFNqkNe,27.1471252,25.1309936,4.9854124400000006e-05,18,5,0,-2.0161316000000014
2020-05-25 19:00:00,0.0,0.0,9163.0,4135001,HmiyD2TTLFNqkNe,26.844663285714287,24.81299035714285,0.0,19,5,0,-2.031672928571435
2020-05-25 19:15:00,0.0,0.0,9163.0,4135001,HmiyD2TTLFNqkNe,26.803802466666667,24.558612066666665,0.0,19,5,0,-2.245190400000002
2020-05-25 19:30:00,0.0,0.0,9163.0,4135001,HmiyD2TTLFNqkNe,26.529679400000006,23.8296754,0.0,19,5,0,-2.700004000000007
2020-05-25 19:45:00,0.0,0.0,9163.0,4135001,HmiyD2TTLFNqkNe,26.13919673333333,23.174355066666667,0.0,19,5,0,-2.9648416666666613
2020-05-25 20:00:00,0.0,0.0,9163.0,4135001,HmiyD2TTLFNqkNe,25.98317053333333,22.6132344,0.0,20,5,0,-3.3699361333333293
2020-05-25 20:15:00,0.0,0.0,9163.0,4135001,HmiyD2TTLFNqkNe,25.92591346666667,22.996138533333333,0.0,20,5,0,-2.929774933333338
2020-05-25 20:30:00,0.0,0.0,9163.0,4135001,HmiyD2TTLFNqkNe,26.3512246,24.133376066666667,0.0,20,5,0,-2.2178485333333313
2020-05-25 20:45:00,0.0,0.0,9163.0,4135001,HmiyD2TTLFNqkNe,26.67003993333333,25.027766933333336,0.0,20,5,0,-1.6422729999999959
2020-05-25 21:00:00,0.0,0.0,9163.0,4135001,HmiyD2TTLFNqkNe,26.74988007142857,25.323394642857146,0.0,21,5,0,-1.426485428571425
2020-05-25 21:15:00,0.0,0.0,9163.0,4135001,HmiyD2TTLFNqkNe,26.743371466666662,25.456490066666667,0.0,21,5,0,-1.286881399999995
2020-05-25 21:30:00,0.0,0.0,9163.0,4135001,HmiyD2TTLFNqkNe,25.059989266666665,25.027827933333327,0.0,21,5,0,-0.03216133333333815
2020-05-25 21:45:00,0.0,0.0,9163.0,4135001,HmiyD2TTLFNqkNe,23.2322306,23.09873853333333,0.0,21,5,0,-0.13349206666667257
2020-05-25 22:00:00,0.0,0.0,9163.0,4135001,HmiyD2TTLFNqkNe,22.50070593333333,21.93613866666667,0.0,22,5,0,-0.5645672666666606
2020-05-25 22:15:00,0.0,0.0,9163.0,4135001,HmiyD2TTLFNqkNe,22.444230133333328,21.5962768,0.0,22,5,0,-0.8479533333333293
2020-05-25 22:30:00,0.0,0.0,9163.0,4135001,HmiyD2TTLFNqkNe,22.482853266666663,21.490083933333327,0.0,22,5,0,-0.9927693333333352
2020-05-25 22:45:00,0.0,0.0,9163.0,4135001,HmiyD2TTLFNqkNe,22.546732533333333,21.027425333333337,0.0,22,5,0,-1.5193071999999965
2020-05-25 23:00:00,0.0,0.0,9163.0,4135001,HmiyD2TTLFNqkNe,22.538633333333337,20.3957946,0.0,23,5,0,-2.1428387333333383
2020-05-25 23:15:00,0.0,0.0,9163.0,4135001,HmiyD2TTLFNqkNe,22.499492000000004,20.065861428571427,0.0,23,5,0,-2.4336305714285764
2020-05-25 23:30:00,0.0,0.0,9163.0,4135001,HmiyD2TTLFNqkNe,22.470717400000005,19.818194466666668,0.0,23,5,0,-2.652522933333337
2020-05-25 23:45:00,0.0,0.0,9163.0,4135001,HmiyD2TTLFNqkNe,22.384967,19.720330800000003,0.0,23,5,0,-2.664636199999997
2020-05-26 00:00:00,0.0,0.0,1295.428571,4135001,HmiyD2TTLFNqkNe,22.329964133333338,19.769138533333333,0.0,0,5,1,-2.5608256000000047
2020-05-26 00:15:00,0.0,0.0,0.0,4135001,HmiyD2TTLFNqkNe,22.266125533333334,19.9242026,0.0,0,5,1,-2.3419229333333327
2020-05-26 00:30:00,0.0,0.0,0.0,4135001,HmiyD2TTLFNqkNe,22.277128066666663,19.96756606666667,0.0,0,5,1,-2.3095619999999926
2020-05-26 00:45:00,0.0,0.0,0.0,4135001,HmiyD2TTLFNqkNe,22.151906400000005,19.948490333333336,0.0,0,5,1,-2.2034160666666693
2020-05-26 01:00:00,0.0,0.0,0.0,4135001,HmiyD2TTLFNqkNe,22.209784,19.795607666666665,0.0,1,5,1,-2.4141763333333337
2020-05-26 01:15:00,0.0,0.0,0.0,4135001,HmiyD2TTLFNqkNe,22.266959666666665,19.688240466666667,0.0,1,5,1,-2.5787191999999983
2020-05-26 01:30:00,0.0,0.0,0.0,4135001,HmiyD2TTLFNqkNe,22.238921999999995,19.587624571428574,0.0,1,5,1,-2.6512974285714215
2020-05-26 01:45:00,0.0,0.0,0.0,4135001,HmiyD2TTLFNqkNe,22.17399293333333,19.648162866666667,0.0,1,5,1,-2.525830066666664
2020-05-26 02:00:00,0.0,0.0,0.0,4135001,HmiyD2TTLFNqkNe,22.08363446666667,19.61325486666667,0.0,2,5,1,-2.470379600000001
2020-05-26 02:15:00,0.0,0.0,0.0,4135001,HmiyD2TTLFNqkNe,21.980529733333327,19.47120353333333,0.0,2,5,1,-2.5093261999999967
2020-05-26 02:30:00,0.0,0.0,0.0,4135001,HmiyD2TTLFNqkNe,21.735559066666667,19.13982333333333,0.0,2,5,1,-2.5957357333333384
2020-05-26 02:45:00,0.0,0.0,0.0,4135001,HmiyD2TTLFNqkNe,21.402293,18.911025,0.0,2,5,1,-2.4912680000000016
2020-05-26 03:00:00,0.0,0.0,0.0,4135001,HmiyD2TTLFNqkNe,21.34014086666667,18.893041933333333,0.0,3,5,1,-2.4470989333333364
2020-05-26 03:15:00,0.0,0.0,0.0,4135001,HmiyD2TTLFNqkNe,21.357849266666665,19.0029684,0.0,3,5,1,-2.354880866666665
2020-05-26 03:30:00,0.0,0.0,0.0,4135001,HmiyD2TTLFNqkNe,21.37924393333333,19.249369266666665,0.0,3,5,1,-2.129874666666666
2020-05-26 03:45:00,0.0,0.0,0.0,4135001,HmiyD2TTLFNqkNe,21.381364,19.323044733333333,0.0,3,5,1,-2.0583192666666683
2020-05-26 04:00:00,0.0,0.0,0.0,4135001,HmiyD2TTLFNqkNe,21.259425642857135,19.017571500000003,0.0,4,5,1,-2.2418541428571324
2020-05-26 04:15:00,0.0,0.0,0.0,4135001,HmiyD2TTLFNqkNe,21.066817333333333,18.7768678,0.0,4,5,1,-2.2899495333333313
2020-05-26 04:30:00,0.0,0.0,0.0,4135001,HmiyD2TTLFNqkNe,21.374348866666665,18.972381733333336,0.0,4,5,1,-2.4019671333333292
2020-05-26 04:45:00,0.0,0.0,0.0,4135001,HmiyD2TTLFNqkNe,21.55023393333333,19.259316,0.0,4,5,1,-2.2909179333333327
2020-05-26 05:00:00,0.0,0.0,0.0,4135001,HmiyD2TTLFNqkNe,21.640612933333333,19.093664466666667,0.0,5,5,1,-2.5469484666666666
2020-05-26 05:15:00,0.0,0.0,0.0,4135001,HmiyD2TTLFNqkNe,21.899794533333328,19.312314866666664,0.0,5,5,1,-2.5874796666666633
2020-05-26 05:30:00,0.0,0.0,0.0,4135001,HmiyD2TTLFNqkNe,22.3387368,19.757601,0.0,5,5,1,-2.5811357999999984
2020-05-26 05:45:00,0.0,0.0,0.0,4135001,HmiyD2TTLFNqkNe,22.401477000000003,19.994679733333328,0.0008254361254,5,5,1,-2.4067972666666755
2020-05-26 06:00:00,125.26217532727273,12.087337662545453,1.625,4135001,HmiyD2TTLFNqkNe,22.495716785714286,20.229721071428568,0.0105634890714285,6,5,1,-2.2659957142857188
2020-05-26 06:15:00,392.6038961136364,37.95608766272727,8.142857143,4135001,HmiyD2TTLFNqkNe,22.62713006666667,20.668404133333333,0.0287589122,6,5,1,-1.958725933333337
2020-05-26 06:30:00,751.0308441545454,72.82370129863637,23.25,4135001,HmiyD2TTLFNqkNe,22.841064466666666,21.282033466666665,0.0506818596,6,5,1,-1.559031000000001
2020-05-26 06:45:00,1212.0137986818181,117.92077922727272,49.71428571,4135001,HmiyD2TTLFNqkNe,23.171523066666666,22.294864933333333,0.084808915,6,5,1,-0.8766581333333328
2020-05-26 07:00:00,1825.080357181818,178.7857954590909,91.375,4135001,HmiyD2TTLFNqkNe,23.54695426666667,23.866823333333336,0.1582885586666666,7,5,1,0.3198690666666657
2020-05-26 07:15:00,2558.066558409091,250.89780843636365,151.0,4135001,HmiyD2TTLFNqkNe,23.946079466666667,26.170033866666667,0.21528912,7,5,1,2.2239544
2020-05-26 07:30:00,3334.3076298181822,327.66144479999997,233.375,4135001,HmiyD2TTLFNqkNe,24.416178333333328,29.170227,0.2717468766666666,7,5,1,4.754048666666673
2020-05-26 07:45:00,4187.4699675,411.2866071454546,336.4285714,4135001,HmiyD2TTLFNqkNe,24.91252433333333,32.155680466666674,0.330588588,7,5,1,7.243156133333343
2020-05-26 08:00:00,5066.689935136364,496.7504870045455,460.75,4135001,HmiyD2TTLFNqkNe,25.354199066666663,35.498592200000004,0.3957623673333333,8,5,1,10.144393133333342
2020-05-26 08:15:00,5900.523538909091,578.1975649363636,606.2857143,4135001,HmiyD2TTLFNqkNe,26.096950071428576,39.086399571428565,0.4513733507142856,8,5,1,12.989449499999989
2020-05-26 08:30:00,6720.329545500001,658.2469967636364,773.625,4135001,HmiyD2TTLFNqkNe,26.6344054,41.77922546666666,0.5080059100000001,8,5,1,15.14482006666666
2020-05-26 08:45:00,7486.838474,733.0197240272727,959.0,4135001,HmiyD2TTLFNqkNe,26.999525933333327,43.4644392,0.5608459200000001,8,5,1,16.464913266666674
2020-05-26 09:00:00,8209.039772681817,803.430194809091,1164.0,4135001,HmiyD2TTLFNqkNe,27.205737133333333,45.212386133333325,0.6152906573333333,9,5,1,18.006648999999992
2020-05-26 09:15:00,8844.0454545,865.2843344181819,1384.285714,4135001,HmiyD2TTLFNqkNe,27.668807,48.98255793333334,0.666398724,9,5,1,21.31375093333334
2020-05-26 09:30:00,9493.81412340909,928.535551959091,1604.714286,4135001,HmiyD2TTLFNqkNe,27.95082393333333,51.054569666666666,0.7201458673333331,9,5,1,23.103745733333337
2020-05-26 09:45:00,9802.453733909091,958.49699675,1860.75,4135001,HmiyD2TTLFNqkNe,28.3790078,53.2701114,0.7660080266666666,9,5,1,24.891103599999997
2020-05-26 10:00:00,10658.201298636362,1041.639610418182,2123.0,4135001,HmiyD2TTLFNqkNe,28.9688944,54.075234266666655,0.8155462639999999,10,5,1,25.106339866666655
2020-05-26 10:15:00,9828.50487,959.8534090727272,2390.375,4135001,HmiyD2TTLFNqkNe,29.61952421428572,55.34798971428572,0.719329505,10,5,1,25.7284655
2020-05-26 10:30:00,11773.074675863636,1148.6567370772727,2667.285714,4135001,HmiyD2TTLFNqkNe,29.580118799999997,57.320168,0.9841090573333332,10,5,1,27.740049200000005
2020-05-26 10:45:00,11205.875000454545,1093.5967533318183,2949.0,4135001,HmiyD2TTLFNqkNe,29.96776533333333,59.424285733333335,0.8521106573333334,10,5,1,29.456520400000006
2020-05-26 11:00:00,12184.900162272726,1188.5826299090909,3246.0,4135001,HmiyD2TTLFNqkNe,30.10053313333333,56.94452306666666,0.988618098666667,11,5,1,26.843989933333333
2020-05-26 11:15:00,7738.422889500001,756.6794642818182,3506.0,4135001,HmiyD2TTLFNqkNe,30.313747133333337,55.357067933333326,0.580431214,11,5,1,25.04332079999999
2020-05-26 11:30:00,10956.132305,1069.2625811363635,3740.285714,4135001,HmiyD2TTLFNqkNe,30.505511533333333,57.031303066666666,0.838770058,11,5,1,26.525791533333333
2020-05-26 11:45:00,9781.157467227273,955.33384735,4034.375,4135001,HmiyD2TTLFNqkNe,30.716996333333327,52.6329488,0.7052639533333332,11,5,1,21.915952466666674
2020-05-26 12:00:00,10535.692370136363,1028.2960227136364,4292.428571,4135001,HmiyD2TTLFNqkNe,30.900615071428568,53.412794,0.6880905792857142,12,5,1,22.51217892857143
2020-05-26 12:15:00,12661.975648636364,1234.712986909091,4612.75,4135001,HmiyD2TTLFNqkNe,31.35813793333333,59.133262,1.0541559813333337,12,5,1,27.77512406666667
2020-05-26 12:30:00,7823.551947863636,764.6808441545454,4815.428571,4135001,HmiyD2TTLFNqkNe,31.578393466666665,54.042319733333336,0.5448555493333334,12,5,1,22.46392626666667
2020-05-26 12:45:00,12214.117694999999,1191.4231330454545,5096.25,4135001,HmiyD2TTLFNqkNe,32.030253133333325,59.7176536,1.008637932,12,5,1,27.687400466666674
2020-05-26 13:00:00,8184.294642909092,799.8362013000001,5369.285714,4135001,HmiyD2TTLFNqkNe,32.626951000000005,60.1761166,0.6823728553333333,13,5,1,27.549165599999995
2020-05-26 13:15:00,8602.203733954546,840.3673701272728,5556.75,4135001,HmiyD2TTLFNqkNe,32.06863799999999,50.04413893333333,0.5918467893333333,13,5,1,17.975500933333336
2020-05-26 13:30:00,10767.794642954545,1051.0099025954546,5844.0,4135001,HmiyD2TTLFNqkNe,32.80097026666667,58.15341173333333,0.818109888,13,5,1,25.35244146666666
2020-05-26 13:45:00,12305.055194999999,1200.0326298636364,6084.714286,4135001,HmiyD2TTLFNqkNe,33.185274066666665,61.56432686666666,0.9566406293333332,13,5,1,28.379052799999997
2020-05-26 14:00:00,8291.579545454546,810.3777597409091,6333.5,4135001,HmiyD2TTLFNqkNe,33.488021,59.663859200000005,0.7188153760000001,14,5,1,26.1758382
2020-05-26 14:15:00,3446.111201363636,338.5143668772727,6450.857143,4135001,HmiyD2TTLFNqkNe,32.707593357142855,48.42773878571429,0.24348246,14,5,1,15.720145428571435
2020-05-26 14:30:00,7185.931818181818,703.0487012909091,6618.0,4135001,HmiyD2TTLFNqkNe,32.27215373333334,44.45963126666666,0.445260018,14,5,1,12.187477533333322
2020-05-26 14:45:00,4549.213474045455,446.5530032409091,6782.857143,4135001,HmiyD2TTLFNqkNe,32.34491993333334,43.7751686,0.302484416,14,5,1,11.430248666666664
2020-05-26 15:00:00,4511.257305181818,442.7146915590909,6905.125,4135001,HmiyD2TTLFNqkNe,32.281588,41.69365866666666,0.327377192,15,5,1,9.412070666666658
2020-05-26 15:15:00,4246.613636409092,416.7090097454546,7017.428571,4135001,HmiyD2TTLFNqkNe,32.39553246666666,42.82737193333334,0.319140978,15,5,1,10.43183946666668
2020-05-26 15:30:00,8066.490259772728,789.4199675318182,7166.375,4135001,HmiyD2TTLFNqkNe,32.8598512,46.55671166666666,0.5361376973333333,15,5,1,13.696860466666656
2020-05-26 15:45:00,7549.481331136363,739.0995941590909,7373.571429,4135001,HmiyD2TTLFNqkNe,33.26259353333333,48.231889,0.5286599566666667,15,5,1,14.969295466666672
2020-05-26 16:00:00,5116.414772727273,501.5745129818182,7548.625,4135001,HmiyD2TTLFNqkNe,33.40587706666668,46.34387413333334,0.37085346,16,5,1,12.937997066666654
2020-05-26 16:15:00,6321.650974045455,619.3318181772728,7699.714286,4135001,HmiyD2TTLFNqkNe,33.265648642857144,44.920237928571424,0.4515764164285714,16,5,1,11.65458928571428
2020-05-26 16:30:00,5362.9099026818185,525.6936688272727,7844.625,4135001,HmiyD2TTLFNqkNe,33.16755933333334,43.82860906666667,0.3930785846666666,16,5,1,10.661049733333336
2020-05-26 16:45:00,5954.226461045455,583.4457792227272,7980.142857,4135001,HmiyD2TTLFNqkNe,33.059299933333335,42.801250933333336,0.4251206693333333,16,5,1,9.741951
2020-05-26 17:00:00,4229.358766181818,414.7876623363636,8113.75,4135001,HmiyD2TTLFNqkNe,33.04103613333332,42.6021344,0.3109964793333333,17,5,1,9.561098266666676
2020-05-26 17:15:00,1011.8027597454546,98.40048701272727,8172.0,4135001,HmiyD2TTLFNqkNe,32.083526600000006,36.04578060000001,0.0699064925333333,17,5,1,3.9622540000000015
2020-05-26 17:30:00,646.9318181863637,62.63173701318181,8191.25,4135001,HmiyD2TTLFNqkNe,31.256394333333333,31.672898466666663,0.0440678129333333,17,5,1,0.4165041333333299
2020-05-26 17:45:00,503.2686688272727,48.68141233681818,8206.285714,4135001,HmiyD2TTLFNqkNe,30.519482466666663,30.251395666666667,0.0352655896,17,5,1,-0.2680867999999954
2020-05-26 18:00:00,369.4569805181818,35.70073051909091,8216.571429,4135001,HmiyD2TTLFNqkNe,29.59416113333333,29.093566866666663,0.0265550992666666,18,5,1,-0.500594266666667
2020-05-26 18:15:00,97.57894736842105,9.426315789473684,8222.0,4135001,HmiyD2TTLFNqkNe,29.093019666666667,28.168933133333333,0.0245060392,18,5,1,-0.9240865333333339
2020-05-26 18:30:00,0.0,0.0,0.0,4135001,HmiyD2TTLFNqkNe,28.737601,27.428604214285716,0.0123415255071428,18,5,1,-1.3089967857142852
2020-05-26 18:45:00,0.0,0.0,0.0,4135001,HmiyD2TTLFNqkNe,28.444854666666668,26.5186422,0.0006909272933333,18,5,1,-1.9262124666666693
2020-05-26 19:00:00,0.0,0.0,0.0,4135001,HmiyD2TTLFNqkNe,28.23783153333333,26.154162666666664,0.0,19,5,1,-2.0836688666666667
2020-05-26 19:15:00,0.0,0.0,0.0,4135001,HmiyD2TTLFNqkNe,28.0495422,25.89157706666667,0.0,19,5,1,-2.157965133333331
2020-05-26 19:30:00,0.0,0.0,0.0,4135001,HmiyD2TTLFNqkNe,27.280301933333337,25.3176128,0.0,19,5,1,-1.9626891333333383
2020-05-26 19:45:00,0.0,0.0,0.0,4135001,HmiyD2TTLFNqkNe,26.344228133333328,24.456264266666665,0.0,19,5,1,-1.887963866666663
2020-05-26 20:00:00,0.0,0.0,0.0,4135001,HmiyD2TTLFNqkNe,25.804827866666667,23.43174233333333,0.0,20,5,1,-2.373085533333338
2020-05-26 20:15:00,0.0,0.0,0.0,4135001,HmiyD2TTLFNqkNe,25.6798888,22.87546186666667,0.0,20,5,1,-2.804426933333332
2020-05-26 20:30:00,0.0,0.0,0.0,4135001,HmiyD2TTLFNqkNe,26.317622866666667,23.06435553333333,0.0,20,5,1,-3.253267333333337
2020-05-26 20:45:00,0.0,0.0,0.0,4135001,HmiyD2TTLFNqkNe,26.737034357142857,23.771536714285716,0.0,20,5,1,-2.965497642857141
2020-05-26 21:00:00,0.0,0.0,0.0,4135001,HmiyD2TTLFNqkNe,26.739679,24.4989238,0.0,21,5,1,-2.240755199999999
2020-05-26 21:15:00,0.0,0.0,0.0,4135001,HmiyD2TTLFNqkNe,26.860953933333334,25.53957726666667,0.0,21,5,1,-1.3213766666666658
2020-05-26 21:30:00,0.0,0.0,0.0,4135001,HmiyD2TTLFNqkNe,26.75190226666667,25.910893000000005,0.0,21,5,1,-0.8410092666666635
2020-05-26 21:45:00,0.0,0.0,0.0,4135001,HmiyD2TTLFNqkNe,25.950315533333335,24.791290333333336,0.0,21,5,1,-1.1590251999999985
2020-05-26 22:00:00,0.0,0.0,0.0,4135001,HmiyD2TTLFNqkNe,25.970591266666663,24.29259233333333,0.0,22,5,1,-1.6779989333333312
2020-05-26 22:15:00,0.0,0.0,0.0,4135001,HmiyD2TTLFNqkNe,25.9664206,24.102557466666664,0.0,22,5,1,-1.8638631333333358
2020-05-26 22:30:00,0.0,0.0,0.0,4135001,HmiyD2TTLFNqkNe,25.976723266666664,23.80661226666667,0.0,22,5,1,-2.170110999999995
2020-05-26 22:45:00,0.0,0.0,0.0,4135001,HmiyD2TTLFNqkNe,25.810259142857145,23.5601895,0.0,22,5,1,-2.250069642857145
2020-05-26 23:00:00,0.0,0.0,0.0,4135001,HmiyD2TTLFNqkNe,25.312601666666662,23.815649266666664,0.0,23,5,1,-1.4969523999999979
2020-05-26 23:15:00,0.0,0.0,0.0,4135001,HmiyD2TTLFNqkNe,23.959344400000003,23.300472066666668,0.0,23,5,1,-0.6588723333333348
2020-05-26 23:30:00,0.0,0.0,0.0,4135001,HmiyD2TTLFNqkNe,23.6627584,22.656899,0.0,23,5,1,-1.005859400000002
2020-05-26 23:45:00,0.0,0.0,0.0,4135001,HmiyD2TTLFNqkNe,23.458341533333336,22.1916648,0.0,23,5,1,-1.266676733333334
2020-05-27 00:00:00,0.0,0.0,0.0,4135001,HmiyD2TTLFNqkNe,23.350636733333328,21.8250304,0.0,0,5,2,-1.5256063333333287
2020-05-27 00:15:00,0.0,0.0,0.0,4135001,HmiyD2TTLFNqkNe,23.3878704,21.7501342,0.0,0,5,2,-1.637736199999999
2020-05-27 00:30:00,0.0,0.0,0.0,4135001,HmiyD2TTLFNqkNe,23.41160473333333,21.652988533333332,0.0,0,5,2,-1.7586161999999987
2020-05-27 00:45:00,0.0,0.0,0.0,4135001,HmiyD2TTLFNqkNe,23.439538533333334,21.8520548,0.0,0,5,2,-1.5874837333333325
2020-05-27 01:00:00,0.0,0.0,0.0,4135001,HmiyD2TTLFNqkNe,23.478940714285716,22.0078015,0.0,1,5,2,-1.4711392142857171
2020-05-27 01:15:00,0.0,0.0,0.0,4135001,HmiyD2TTLFNqkNe,23.5569438,22.1949502,0.0,1,5,2,-1.3619935999999981
2020-05-27 01:30:00,0.0,0.0,0.0,4135001,HmiyD2TTLFNqkNe,23.6097004,22.218638066666667,0.0,1,5,2,-1.391062333333334
2020-05-27 01:45:00,0.0,0.0,0.0,4135001,HmiyD2TTLFNqkNe,23.595737733333337,22.002624466666667,0.0,1,5,2,-1.5931132666666699
2020-05-27 02:00:00,0.0,0.0,0.0,4135001,HmiyD2TTLFNqkNe,23.378357000000005,21.570123533333334,0.0,2,5,2,-1.808233466666671
2020-05-27 02:15:00,0.0,0.0,0.0,4135001,HmiyD2TTLFNqkNe,23.295308333333328,21.209047466666668,0.0,2,5,2,-2.0862608666666596
2020-05-27 02:30:00,0.0,0.0,0.0,4135001,HmiyD2TTLFNqkNe,23.3853394,21.54802453333333,0.0,2,5,2,-1.83731486666667
2020-05-27 02:45:00,0.0,0.0,0.0,4135001,HmiyD2TTLFNqkNe,24.11521193333333,22.05081173333333,0.0,2,5,2,-2.0644002000000015
2020-05-27 03:00:00,0.0,0.0,0.0,4135001,HmiyD2TTLFNqkNe,24.209280785714284,22.253919357142856,0.0,3,5,2,-1.955361428571429
2020-05-27 03:15:00,0.0,0.0,0.0,4135001,HmiyD2TTLFNqkNe,24.113977066666667,21.963254733333336,0.0,3,5,2,-2.1507223333333307
2020-05-27 03:30:00,0.0,0.0,0.0,4135001,HmiyD2TTLFNqkNe,24.007735066666665,21.68212693333333,0.0,3,5,2,-2.3256081333333363
2020-05-27 03:45:00,0.0,0.0,0.0,4135001,HmiyD2TTLFNqkNe,23.8672546,21.50230326666667,0.0,3,5,2,-2.3649513333333303
2020-05-27 04:00:00,0.0,0.0,0.0,4135001,HmiyD2TTLFNqkNe,23.618619666666667,21.469712333333334,0.0,4,5,2,-2.1489073333333337
2020-05-27 04:15:00,0.0,0.0,0.0,4135001,HmiyD2TTLFNqkNe,23.4968382,21.601784133333336,0.0,4,5,2,-1.8950540666666633
2020-05-27 04:30:00,0.0,0.0,0.0,4135001,HmiyD2TTLFNqkNe,23.55595913333333,21.48046053333333,0.0,4,5,2,-2.075498600000003
2020-05-27 04:45:00,0.0,0.0,0.0,4135001,HmiyD2TTLFNqkNe,23.599875933333333,21.486816399999995,0.0,4,5,2,-2.113059533333338
2020-05-27 05:00:00,0.0,0.0,0.0,4135001,HmiyD2TTLFNqkNe,23.591532466666663,21.53707273333333,0.0,5,5,2,-2.054459733333335
2020-05-27 05:15:00,0.0,0.0,0.0,4135001,HmiyD2TTLFNqkNe,23.456994428571427,21.577333857142857,0.0,5,5,2,-1.8796605714285697
2020-05-27 05:30:00,0.0,0.0,0.0,4135001,HmiyD2TTLFNqkNe,23.406447400000005,21.700998933333334,0.0,5,5,2,-1.7054484666666703
2020-05-27 05:45:00,0.0,0.0,0.0,4135001,HmiyD2TTLFNqkNe,23.3181456,21.41036373333333,0.0008405371983333,5,5,2,-1.9077818666666708
2020-05-27 06:00:00,141.86282466363636,13.695292208636364,0.571428571,4135001,HmiyD2TTLFNqkNe,23.21604600000001,21.406390466666668,0.0117904483199999,6,5,2,-1.8096555333333413
2020-05-27 06:15:00,374.725,36.214561688636365,7.428571429,4135001,HmiyD2TTLFNqkNe,23.13891793333333,21.6591104,0.0275747859333333,6,5,2,-1.4798075333333323
2020-05-27 06:30:00,827.9764610454546,80.34439935045454,21.25,4135001,HmiyD2TTLFNqkNe,23.3408814,22.568992,0.0606357090666666,6,5,2,-0.7718893999999992
2020-05-27 06:45:00,1516.6185064545455,148.1781655909091,51.85714286,4135001,HmiyD2TTLFNqkNe,24.041567200000003,23.861043266666663,0.1112899762666666,6,5,2,-0.18052393333334038
2020-05-27 07:00:00,1951.735930727273,191.31958874545455,99.875,4135001,HmiyD2TTLFNqkNe,24.464884533333333,24.944256533333338,0.1616571346666666,7,5,2,0.479372000000005
2020-05-27 07:15:00,1957.1404220000002,191.68474026818183,149.8571429,4135001,HmiyD2TTLFNqkNe,24.711029066666665,25.490907733333334,0.1542123409333333,7,5,2,0.7798786666666686
2020-05-27 07:30:00,3376.4423701363635,331.71355519545455,221.875,4135001,HmiyD2TTLFNqkNe,25.215722142857143,29.4314075,0.2542998135714285,7,5,2,4.215685357142856
2020-05-27 07:45:00,3926.3149350454546,385.6968831136364,320.5714286,4135001,HmiyD2TTLFNqkNe,25.711328266666666,33.471195333333334,0.302042678,7,5,2,7.7598670666666685
2020-05-27 08:00:00,4665.6420455,457.7342532545454,429.125,4135001,HmiyD2TTLFNqkNe,26.1143576,35.96729740000001,0.3424570506666667,8,5,2,9.852939800000005
2020-05-27 08:15:00,5782.864177454546,566.7389339818181,563.7142857,4135001,HmiyD2TTLFNqkNe,26.739856000000003,38.96813346666666,0.453155868,8,5,2,12.228277466666654
2020-05-27 08:30:00,5636.571428590909,552.4992694818183,714.0,4135001,HmiyD2TTLFNqkNe,27.1763814,40.5386984,0.4485121606666667,8,5,2,13.362317000000001
2020-05-27 08:45:00,7190.11255409091,704.0478084409091,888.4285714,4135001,HmiyD2TTLFNqkNe,27.553778,41.08350839999999,0.5601515626666665,8,5,2,13.529730399999991
2020-05-27 09:00:00,8051.913960999999,788.0426136318182,1078.625,4135001,HmiyD2TTLFNqkNe,27.842344266666668,44.2842408,0.6134782713333334,9,5,2,16.44189653333333
2020-05-27 09:15:00,8312.004058409091,813.3429870045455,1269.714286,4135001,HmiyD2TTLFNqkNe,28.183992466666663,47.58702806666666,0.63148828,9,5,2,19.4030356
2020-05-27 09:30:00,8594.030573590908,840.5963474090909,1463.571429,4135001,HmiyD2TTLFNqkNe,28.570597266666667,49.2665142,0.690779268,9,5,2,20.695916933333336
2020-05-27 09:45:00,8396.030681818182,820.8980195045456,1708.625,4135001,HmiyD2TTLFNqkNe,29.141590642857143,50.96223692857144,0.6264925335714285,9,5,2,21.8206462857143
2020-05-27 10:00:00,8177.377272727273,799.9416666636364,1972.5,4135001,HmiyD2TTLFNqkNe,29.011586333333334,47.639289111111104,0.66640501,10,5,2,18.62770277777777
2020-05-27 10:15:00,6179.575487,605.2758928545454,2114.857143,4135001,HmiyD2TTLFNqkNe,29.150216214285717,46.961443357142855,0.4552519278571428,10,5,2,17.81122714285714
2020-05-27 10:30:00,8497.365530363635,830.9217261863636,2305.75,4135001,HmiyD2TTLFNqkNe,29.157197866666667,47.72198893333333,0.611992378,10,5,2,18.56479106666666
2020-05-27 10:45:00,7334.431818136363,717.6123376545455,2470.857143,4135001,HmiyD2TTLFNqkNe,29.738852999999995,47.4182232,0.563158282,10,5,2,17.679370200000005
2020-05-27 11:00:00,7654.271103909091,748.960389609091,2684.375,4135001,HmiyD2TTLFNqkNe,29.9996884,49.968572866666655,0.562169516,11,5,2,19.968884466666655
2020-05-27 11:15:00,11317.231602272728,1104.1713745,2892.571429,4135001,HmiyD2TTLFNqkNe,30.1848064,50.714097,0.8336664386666666,11,5,2,20.529290600000003
2020-05-27 11:30:00,12217.80303,1191.6184524090909,3200.375,4135001,HmiyD2TTLFNqkNe,31.295017400000003,60.84368073333333,0.965868116,11,5,2,29.548663333333327
2020-05-27 11:45:00,9726.87499990909,949.9703734,3477.571429,4135001,HmiyD2TTLFNqkNe,31.858074933333327,61.51417646666666,0.754565452,11,5,2,29.656101533333334
2020-05-27 12:00:00,12101.022727272728,1180.542126590909,3724.25,4135001,HmiyD2TTLFNqkNe,31.9470338,62.420866,1.0365607706666664,12,5,2,30.473832199999997
2020-05-27 12:15:00,7889.128246954546,771.6684252954545,3983.428571,4135001,HmiyD2TTLFNqkNe,32.10408907142858,59.949493357142856,0.5983157728571428,12,5,2,27.845404285714274
2020-05-27 12:30:00,6960.905032454545,681.2573052,4172.75,4135001,HmiyD2TTLFNqkNe,32.095951199999995,51.93161206666666,0.5748687466666667,12,5,2,19.835660866666665
2020-05-27 12:45:00,7794.399350590908,762.2250000090909,4403.428571,4135001,HmiyD2TTLFNqkNe,32.27157786666667,53.3307006,0.6274043513333333,12,5,2,21.059122733333332
2020-05-27 13:00:00,9194.437499954545,898.6147727272728,4634.375,4135001,HmiyD2TTLFNqkNe,32.52562053333333,52.57054206666666,0.7174661713333332,13,5,2,20.04492153333333
2020-05-27 13:15:00,4882.404220727273,478.8423701272728,4817.142857,4135001,HmiyD2TTLFNqkNe,32.66443473333334,48.46199133333333,0.3488823366666666,13,5,2,15.797556599999993
2020-05-27 13:30:00,4342.414231636364,426.25376082727274,4910.0,4135001,HmiyD2TTLFNqkNe,32.20655313333332,42.755688333333325,0.2994810686666667,13,5,2,10.549135200000002
2020-05-27 13:45:00,4449.732954499999,436.77751623181814,5015.25,4135001,HmiyD2TTLFNqkNe,32.32926846666666,42.2032632,0.3057066466666666,13,5,2,9.87399473333334
2020-05-27 14:00:00,4253.2394479545455,417.7069805181818,5118.142857,4135001,HmiyD2TTLFNqkNe,32.31917286666666,41.912998266666655,0.3037400713333333,14,5,2,9.593825399999993
2020-05-27 14:15:00,4104.427759772728,403.1708604,5224.5,4135001,HmiyD2TTLFNqkNe,32.301509666666675,42.75711873333334,0.2856979239999999,14,5,2,10.455609066666668
2020-05-27 14:30:00,9454.96022740909,923.9566558363637,5373.0,4135001,HmiyD2TTLFNqkNe,32.7693424,47.220991733333335,0.6554787686666667,14,5,2,14.451649333333336
2020-05-27 14:45:00,5034.066017363636,493.1012445909091,5560.375,4135001,HmiyD2TTLFNqkNe,32.97901057142858,49.883756,0.3612557564285714,14,5,2,16.904745428571417
2020-05-27 15:00:00,5043.953733681818,494.7172077863636,5671.714286,4135001,HmiyD2TTLFNqkNe,32.9282166,45.9347556,0.3312335933333333,15,5,2,13.006539000000004
2020-05-27 15:15:00,4243.981331090909,416.19017856818186,5812.625,4135001,HmiyD2TTLFNqkNe,32.6388932,43.367417200000006,0.2769386199999999,15,5,2,10.728524000000007
2020-05-27 15:30:00,8378.33603890909,819.78425325,5960.0,4135001,HmiyD2TTLFNqkNe,31.765978933333333,44.435286533333326,0.615993176,15,5,2,12.669307599999993
2020-05-27 15:45:00,6232.034090863636,610.366883109091,6163.0,4135001,HmiyD2TTLFNqkNe,32.458738266666664,48.128287933333326,0.462262998,15,5,2,15.669549666666661
2020-05-27 16:00:00,6413.348214318182,628.2568181772727,6313.571429,4135001,HmiyD2TTLFNqkNe,32.22288606666666,44.19463313333334,0.476263588,16,5,2,11.97174706666668
2020-05-27 16:15:00,5146.651785772727,504.4103896136363,6446.125,4135001,HmiyD2TTLFNqkNe,32.06696146666666,43.23507873333333,0.3650563653333333,16,5,2,11.16811726666667
2020-05-27 16:30:00,4944.910714318182,484.8021915590909,6570.285714,4135001,HmiyD2TTLFNqkNe,32.060280266666666,42.74383126666667,0.3655789026666666,16,5,2,10.683551000000001
2020-05-27 16:45:00,3082.1826298636365,302.38060065454545,6662.625,4135001,HmiyD2TTLFNqkNe,31.461081866666667,39.37515073333333,0.2224269813333333,16,5,2,7.9140688666666605
2020-05-27 17:00:00,2644.5560065,259.3632305090909,6731.571429,4135001,HmiyD2TTLFNqkNe,30.93136807142857,35.767237857142845,0.1805451735714285,17,5,2,4.8358697857142765
2020-05-27 17:15:00,1783.8246753636363,174.5566558409091,6784.714286,4135001,HmiyD2TTLFNqkNe,30.445636066666676,33.627032533333335,0.1241333933333333,17,5,2,3.1813964666666585
2020-05-27 17:30:00,918.1355519545455,89.14740259727273,6819.0,4135001,HmiyD2TTLFNqkNe,30.095953266666665,31.55705773333333,0.0632720198666666,17,5,2,1.461104466666665
2020-05-27 17:45:00,607.0787337636364,58.77589285681818,6838.428571,4135001,HmiyD2TTLFNqkNe,29.846213866666663,30.149639866666664,0.042321342,17,5,2,0.30342600000000175
2020-05-27 18:00:00,299.74567099545453,28.95638528181818,6849.5,4135001,HmiyD2TTLFNqkNe,29.4541402,28.8870646,0.0208843500333333,18,5,2,-0.5670756000000026
2020-05-27 18:15:00,131.82678571000002,12.714642858,6855.0,4135001,HmiyD2TTLFNqkNe,28.880454466666663,27.785554933333334,0.0098169462733333,18,5,2,-1.0948995333333293
2020-05-27 18:30:00,5.9375,0.5725,6857.0,4135001,HmiyD2TTLFNqkNe,27.919635066666668,26.451664333333337,0.0019553224081999,18,5,2,-1.4679707333333312
2020-05-27 18:45:00,0.0,0.0,6857.0,4135001,HmiyD2TTLFNqkNe,28.1855752,26.008966066666662,0.0,18,5,2,-2.1766091333333364
2020-05-27 19:00:00,0.0,0.0,6857.0,4135001,HmiyD2TTLFNqkNe,28.091544142857135,25.528405357142855,0.0,19,5,2,-2.5631387857142798
2020-05-27 19:15:00,0.0,0.0,6857.0,4135001,HmiyD2TTLFNqkNe,27.561787866666663,25.778186133333328,6.4555534e-05,19,5,2,-1.7836017333333345
2020-05-27 19:30:00,0.0,0.0,6857.0,4135001,HmiyD2TTLFNqkNe,24.259470533333328,24.534897866666665,2.499842000000001e-05,19,5,2,0.2754273333333366
2020-05-27 19:45:00,0.0,0.0,6857.0,4135001,HmiyD2TTLFNqkNe,23.18479406666667,22.366939266666662,0.0,19,5,2,-0.8178548000000063
2020-05-27 20:00:00,0.0,0.0,6857.0,4135001,HmiyD2TTLFNqkNe,23.055761666666665,21.543813,0.0,20,5,2,-1.5119486666666653
2020-05-27 20:15:00,0.0,0.0,6857.0,4135001,HmiyD2TTLFNqkNe,22.88948166666666,21.416206933333328,0.0,20,5,2,-1.4732747333333336
2020-05-27 20:30:00,0.0,0.0,6857.0,4135001,HmiyD2TTLFNqkNe,22.825628666666667,21.130249133333333,0.0,20,5,2,-1.695379533333334
2020-05-27 20:45:00,0.0,0.0,6857.0,4135001,HmiyD2TTLFNqkNe,22.96097606666667,21.154176733333337,0.0,20,5,2,-1.806799333333334
2020-05-27 21:00:00,0.0,0.0,6857.0,4135001,HmiyD2TTLFNqkNe,23.148819000000003,21.301618428571437,0.0,21,5,2,-1.8472005714285658
2020-05-27 21:15:00,0.0,0.0,6857.0,4135001,HmiyD2TTLFNqkNe,23.238674,21.1259462,0.0,21,5,2,-2.1127277999999983
2020-05-27 21:30:00,0.0,0.0,6857.0,4135001,HmiyD2TTLFNqkNe,23.172168,20.79120886666667,0.0,21,5,2,-2.380959133333331
2020-05-27 21:45:00,0.0,0.0,6857.0,4135001,HmiyD2TTLFNqkNe,23.009366933333336,20.558011866666664,0.0,21,5,2,-2.4513550666666717
2020-05-27 22:00:00,0.0,0.0,6857.0,4135001,HmiyD2TTLFNqkNe,22.935736066666664,20.534486933333334,0.0,22,5,2,-2.40124913333333
2020-05-27 22:15:00,0.0,0.0,6857.0,4135001,HmiyD2TTLFNqkNe,22.89959913333333,20.5220438,0.0,22,5,2,-2.37755533333333
2020-05-27 22:30:00,0.0,0.0,6857.0,4135001,HmiyD2TTLFNqkNe,22.904701733333336,20.862552933333337,0.0,22,5,2,-2.0421487999999997
2020-05-27 22:45:00,0.0,0.0,6857.0,4135001,HmiyD2TTLFNqkNe,22.901389466666668,21.32351266666667,0.0,22,5,2,-1.5778767999999985
2020-05-27 23:00:00,0.0,0.0,6857.0,4135001,HmiyD2TTLFNqkNe,23.19335942857143,22.037168214285717,0.0,23,5,2,-1.1561912142857125
2020-05-27 23:15:00,0.0,0.0,6857.0,4135001,HmiyD2TTLFNqkNe,23.445365266666663,22.402492266666663,0.0,23,5,2,-1.0428730000000002
2020-05-27 23:30:00,0.0,0.0,6857.0,4135001,HmiyD2TTLFNqkNe,23.4742208,22.3474202,0.0,23,5,2,-1.1268006000000028
2020-05-27 23:45:00,0.0,0.0,6763.0,4135001,HmiyD2TTLFNqkNe,23.370049866666665,22.21977766666667,0.0,23,5,2,-1.1502721999999963
2020-05-28 00:00:00,0.0,0.0,966.1428571,4135001,HmiyD2TTLFNqkNe,23.34788806666667,22.0466448,0.0,0,5,3,-1.3012432666666705
2020-05-28 00:15:00,0.0,0.0,0.0,4135001,HmiyD2TTLFNqkNe,23.154077266666665,21.732902066666668,0.0,0,5,3,-1.4211751999999969
2020-05-28 00:30:00,0.0,0.0,0.0,4135001,HmiyD2TTLFNqkNe,23.14515773333333,21.689501933333336,0.0,0,5,3,-1.4556557999999953
2020-05-28 00:45:00,0.0,0.0,0.0,4135001,HmiyD2TTLFNqkNe,23.120672733333333,21.7263734,0.0,0,5,3,-1.3942993333333327
2020-05-28 01:00:00,0.0,0.0,0.0,4135001,HmiyD2TTLFNqkNe,23.027730200000004,21.05123893333333,0.0,1,5,3,-1.9764912666666739
2020-05-28 01:15:00,0.0,0.0,0.0,4135001,HmiyD2TTLFNqkNe,22.74159678571429,20.341541785714288,0.0,1,5,3,-2.400055000000002
2020-05-28 01:30:00,0.0,0.0,0.0,4135001,HmiyD2TTLFNqkNe,22.544309466666668,20.22720133333333,0.0,1,5,3,-2.3171081333333383
2020-05-28 01:45:00,0.0,0.0,0.0,4135001,HmiyD2TTLFNqkNe,22.4315856,20.403196200000004,0.0,1,5,3,-2.0283893999999947
2020-05-28 02:00:00,0.0,0.0,0.0,4135001,HmiyD2TTLFNqkNe,22.5432046,20.551021333333335,0.0,2,5,3,-1.9921832666666646
2020-05-28 02:15:00,0.0,0.0,0.0,4135001,HmiyD2TTLFNqkNe,22.5473002,20.59141633333333,0.0,2,5,3,-1.9558838666666674
2020-05-28 02:30:00,0.0,0.0,0.0,4135001,HmiyD2TTLFNqkNe,22.398087533333335,20.536779733333333,0.0,2,5,3,-1.8613078000000023
2020-05-28 02:45:00,0.0,0.0,0.0,4135001,HmiyD2TTLFNqkNe,22.4661296,20.652756666666665,0.0,2,5,3,-1.8133729333333335
2020-05-28 03:00:00,0.0,0.0,0.0,4135001,HmiyD2TTLFNqkNe,22.416562866666663,20.6208456,0.0,3,5,3,-1.7957172666666636
2020-05-28 03:15:00,0.0,0.0,0.0,4135001,HmiyD2TTLFNqkNe,22.443714642857135,20.575374142857143,0.0,3,5,3,-1.8683404999999915
2020-05-28 03:30:00,0.0,0.0,0.0,4135001,HmiyD2TTLFNqkNe,22.5855528,20.9133688,0.0,3,5,3,-1.672183999999998
2020-05-28 03:45:00,0.0,0.0,0.0,4135001,HmiyD2TTLFNqkNe,22.70174173333333,21.1886312,0.0,3,5,3,-1.5131105333333288
2020-05-28 04:00:00,0.0,0.0,0.0,4135001,HmiyD2TTLFNqkNe,22.623174933333328,20.723331733333332,0.0,4,5,3,-1.8998431999999958
2020-05-28 04:15:00,0.0,0.0,0.0,4135001,HmiyD2TTLFNqkNe,22.6158384,20.25167433333333,0.0,4,5,3,-2.364164066666671
2020-05-28 04:30:00,0.0,0.0,0.0,4135001,HmiyD2TTLFNqkNe,22.5532246,20.274528066666665,0.0,4,5,3,-2.278696533333335
2020-05-28 04:45:00,0.0,0.0,0.0,4135001,HmiyD2TTLFNqkNe,22.43520106666667,19.97839766666667,0.0,4,5,3,-2.456803400000002
2020-05-28 05:00:00,0.0,0.0,0.0,4135001,HmiyD2TTLFNqkNe,22.137520266666662,19.745314466666663,0.0,5,5,3,-2.3922057999999993
2020-05-28 05:15:00,0.0,0.0,0.0,4135001,HmiyD2TTLFNqkNe,21.98794553333333,19.99453113333333,0.0,5,5,3,-1.9934144000000025
2020-05-28 05:30:00,0.0,0.0,0.0,4135001,HmiyD2TTLFNqkNe,21.8506328,19.853891933333333,0.0,5,5,3,-1.9967408666666664
2020-05-28 05:45:00,0.0,0.0,0.0,4135001,HmiyD2TTLFNqkNe,21.656358857142852,19.201869428571428,0.0003840421982142,5,5,3,-2.4544894285714243
2020-05-28 06:00:00,150.67207791363637,14.545211038636364,1.5,4135001,HmiyD2TTLFNqkNe,21.6234394,19.321281066666668,0.0112265629133333,6,5,3,-2.302158333333331
2020-05-28 06:15:00,432.03571428636366,41.768912337272724,9.25,4135001,HmiyD2TTLFNqkNe,21.681390466666667,19.693007533333333,0.0307983313333333,6,5,3,-1.9883829333333338
2020-05-28 06:30:00,796.1266233772727,77.22792207772727,25.42857143,4135001,HmiyD2TTLFNqkNe,21.9106464,20.365659666666662,0.0525764360666666,6,5,3,-1.5449867333333387
2020-05-28 06:45:00,1306.5771103636364,127.24204545909092,54.125,4135001,HmiyD2TTLFNqkNe,22.472273666666663,21.5067932,0.0920413659333333,6,5,3,-0.9654804666666621
2020-05-28 07:00:00,1945.465097409091,190.6921266272727,99.14285714,4135001,HmiyD2TTLFNqkNe,23.251910266666663,23.56722206666667,0.1743799119999999,7,5,3,0.315311800000007
2020-05-28 07:15:00,2673.086039,262.23133116818184,163.125,4135001,HmiyD2TTLFNqkNe,23.5200622,27.5222758,0.2293413006666666,7,5,3,4.0022135999999975
2020-05-28 07:30:00,3425.2564935,336.6468344136364,246.4285714,4135001,HmiyD2TTLFNqkNe,24.100400866666668,31.043286133333336,0.2846431906666666,7,5,3,6.942885266666668
2020-05-28 07:45:00,4244.954545500001,416.89772727272725,350.75,4135001,HmiyD2TTLFNqkNe,24.590855285714284,33.98376064285714,0.3392979014285714,7,5,3,9.392905357142858
2020-05-28 08:00:00,5016.651785727273,491.88133117272724,474.4285714,4135001,HmiyD2TTLFNqkNe,25.104416866666664,36.957327933333325,0.3905541093333334,8,5,3,11.85291106666666
2020-05-28 08:15:00,5860.475649363637,574.2869318136363,622.375,4135001,HmiyD2TTLFNqkNe,25.93090606666667,39.14253953333334,0.4474868786666667,8,5,3,13.211633466666672
2020-05-28 08:30:00,6725.108766227273,658.7124188318181,789.8571429,4135001,HmiyD2TTLFNqkNe,26.5218384,40.79867733333334,0.5072556953333333,8,5,3,14.276838933333337
2020-05-28 08:45:00,7578.339285772728,741.9488636363636,977.25,4135001,HmiyD2TTLFNqkNe,27.136891666666664,43.47980553333333,0.5679321226666665,8,5,3,16.342913866666663
2020-05-28 09:00:00,8228.307629909092,805.305844159091,1183.285714,4135001,HmiyD2TTLFNqkNe,27.544490533333327,44.7877972,0.6186352253333331,9,5,3,17.243306666666673
2020-05-28 09:15:00,8839.729707818182,864.8607954545455,1406.0,4135001,HmiyD2TTLFNqkNe,27.93476573333333,46.073250533333336,0.6627551926666667,9,5,3,18.138484800000008
2020-05-28 09:30:00,9462.334415681818,925.4689935000001,1641.571429,4135001,HmiyD2TTLFNqkNe,28.210111600000005,48.59591266666667,0.7142683660000001,9,5,3,20.385801066666666
2020-05-28 09:45:00,9652.651515181818,943.9059253227272,1872.0,4135001,HmiyD2TTLFNqkNe,28.672439642857142,49.257720857142864,0.7337398671428571,9,5,3,20.58528121428572
2020-05-28 10:00:00,10246.293019363637,1001.4855519590909,2121.625,4135001,HmiyD2TTLFNqkNe,28.899194400000003,50.217022533333335,0.8090980026666666,10,5,3,21.317828133333332
2020-05-28 10:15:00,10603.275973636364,1035.5087661818181,2393.714286,4135001,HmiyD2TTLFNqkNe,29.420182333333333,51.9404828,0.8295752813333332,10,5,3,22.520300466666665
2020-05-28 10:30:00,9830.160714318183,960.1605519681817,2655.75,4135001,HmiyD2TTLFNqkNe,29.4800944,54.2505046,0.8182360253333333,10,5,3,24.7704102
2020-05-28 10:45:00,9448.325487181819,922.6867694818181,2905.142857,4135001,HmiyD2TTLFNqkNe,29.966066466666664,55.059627,0.7252745073333334,10,5,3,25.093560533333335
2020-05-28 11:00:00,11008.025162954546,1073.9681006,3138.75,4135001,HmiyD2TTLFNqkNe,29.914223333333336,51.16156006666666,0.807332034,11,5,3,21.247336733333324
2020-05-28 11:15:00,12477.512175,1216.6534902272726,3452.0,4135001,HmiyD2TTLFNqkNe,30.556133933333328,57.9774638,0.9597508193333332,11,5,3,27.421329866666674
2020-05-28 11:30:00,12901.387987272727,1257.9167207272728,3772.75,4135001,HmiyD2TTLFNqkNe,31.31245933333333,59.503814466666654,1.009763066,11,5,3,28.191355133333325
2020-05-28 11:45:00,12545.733765909092,1223.538474,4102.285714,4135001,HmiyD2TTLFNqkNe,31.614807133333333,59.99013253333333,0.962788822,11,5,3,28.375325399999998
2020-05-28 12:00:00,12055.18344181818,1175.9353896363637,4424.0,4135001,HmiyD2TTLFNqkNe,31.7778442,59.602299333333335,0.9274572886666668,12,5,3,27.824455133333334
2020-05-28 12:15:00,12935.075107727274,1261.3390908636363,4798.0,4135001,HmiyD2TTLFNqkNe,32.29975366666667,60.04074324999999,1.0637222583333332,12,5,3,27.740989583333324
2020-05-28 12:30:00,11019.903408681817,1075.366233840909,5057.571429,4135001,HmiyD2TTLFNqkNe,32.15694978571428,58.43889107142857,0.8011804564285713,12,5,3,26.28194128571429
2020-05-28 12:45:00,12078.712662272726,1178.2547078181817,5360.625,4135001,HmiyD2TTLFNqkNe,32.250663066666675,58.209017133333326,0.90865983,12,5,3,25.95835406666665
2020-05-28 13:00:00,12852.603895909093,1253.1325486818182,5675.857143,4135001,HmiyD2TTLFNqkNe,32.9157552,60.926743466666665,1.0082438753333332,13,5,3,28.010988266666665
2020-05-28 13:15:00,10346.834416363638,1009.9445616318181,5981.0,4135001,HmiyD2TTLFNqkNe,33.30490126666667,61.48070286666666,0.87740903,13,5,3,28.175801599999993
2020-05-28 13:30:00,7227.725649363637,706.9668019409091,6153.857143,4135001,HmiyD2TTLFNqkNe,32.802505857142854,49.77019207142857,0.5136740935714285,13,5,3,16.967686214285713
2020-05-28 13:45:00,9953.551136227274,971.7647727454546,6380.5,4135001,HmiyD2TTLFNqkNe,32.92808646666667,49.820072333333336,0.7417442313333333,13,5,3,16.891985866666666
2020-05-28 14:00:00,9409.748106227273,919.0397132227273,6667.142857,4135001,HmiyD2TTLFNqkNe,33.757623499999994,56.5494842,0.718638987,14,5,3,22.791860700000008
2020-05-28 14:15:00,4786.7564935,469.5766233772727,6812.25,4135001,HmiyD2TTLFNqkNe,32.78992792857142,46.81591135714286,0.4033134171428571,14,5,3,14.025983428571436
2020-05-28 14:30:00,8143.5965908181815,796.3391233727272,6979.571429,4135001,HmiyD2TTLFNqkNe,32.84624806666667,48.51458733333333,0.5518274599999999,14,5,3,15.668339266666663
2020-05-28 14:45:00,8069.247835545454,789.2644480545455,7146.571429,4135001,HmiyD2TTLFNqkNe,32.96533184615384,46.83451484615385,0.5377807876923076,14,5,3,13.869183000000014
2020-05-28 15:00:00,10024.635551727273,980.1614448045456,7392.375,4135001,HmiyD2TTLFNqkNe,33.397930933333335,51.453865333333326,0.7397700273333334,15,5,3,18.05593439999999
2020-05-28 15:15:00,8584.292207772727,839.9315746727273,7616.428571,4135001,HmiyD2TTLFNqkNe,33.418438800000004,50.9835652,0.642219944,15,5,3,17.565126399999997
2020-05-28 15:30:00,8032.006222909092,786.1419913409092,7819.625,4135001,HmiyD2TTLFNqkNe,33.45063293333333,49.20921033333333,0.5725103686666667,15,5,3,15.7585774
2020-05-28 15:45:00,6138.177759772728,601.2406655909091,7968.571429,4135001,HmiyD2TTLFNqkNe,33.09783492857143,47.05743857142858,0.4793892407142857,15,5,3,13.959603642857147
2020-05-28 16:00:00,2941.449404772727,288.62332251818185,8072.375,4135001,HmiyD2TTLFNqkNe,32.85396113333333,42.799833,0.206959974,16,5,3,9.945871866666671
2020-05-28 16:15:00,4431.969155818181,434.42857142727274,8172.857143,4135001,HmiyD2TTLFNqkNe,32.72757773333334,40.30443513333333,0.3152401926666667,16,5,3,7.576857399999987
2020-05-28 16:30:00,4332.630681772727,424.8057629863637,8284.0,4135001,HmiyD2TTLFNqkNe,32.866440600000004,40.0736208,0.3207225406666667,16,5,3,7.207180199999996
2020-05-28 16:45:00,3714.8549783636363,364.7846320272727,8375.428571,4135001,HmiyD2TTLFNqkNe,32.67632835714286,38.693878142857145,0.2912888885714286,16,5,3,6.017549785714287
2020-05-28 17:00:00,3258.7475649545454,320.08095238636366,8465.125,4135001,HmiyD2TTLFNqkNe,32.671417266666666,38.58448679999999,0.2348828546666666,17,5,3,5.913069533333328
2020-05-28 17:15:00,2614.3279220454547,256.66666666363636,8541.0,4135001,HmiyD2TTLFNqkNe,32.512230571428574,37.494888142857135,0.1959377942857142,17,5,3,4.982657571428561
2020-05-28 17:30:00,1127.7637987727273,109.7300487,8585.125,4135001,HmiyD2TTLFNqkNe,31.958078800000003,34.10791773333333,0.0836154068666666,17,5,3,2.149838933333328
2020-05-28 17:45:00,688.6858766227273,66.6969967531818,8606.428571,4135001,HmiyD2TTLFNqkNe,31.476942933333337,31.634830733333327,0.0517987240666666,17,5,3,0.15788779999999036
2020-05-28 18:00:00,477.54951299090914,46.183116882727276,8620.875,4135001,HmiyD2TTLFNqkNe,31.005800533333336,30.528898000000005,0.0359229087333333,18,5,3,-0.4769025333333303
2020-05-28 18:15:00,268.15097402272727,25.904085498181818,8631.285714,4135001,HmiyD2TTLFNqkNe,30.42119707142857,29.995760357142856,0.0206756249642857,18,5,3,-0.4254367142857127
2020-05-28 18:30:00,59.84058441590909,5.7661363636818175,8635.375,4135001,HmiyD2TTLFNqkNe,29.723270928571427,29.320794285714285,0.0073991020928571,18,5,3,-0.4024766428571418
2020-05-28 18:45:00,0.0,0.0,8636.0,4135001,HmiyD2TTLFNqkNe,28.56131,27.98389913333333,0.0012636806146,18,5,3,-0.5774108666666677
2020-05-28 19:00:00,0.0,0.0,8636.0,4135001,HmiyD2TTLFNqkNe,28.059818466666663,27.340474333333336,0.0,19,5,3,-0.7193441333333261
2020-05-28 19:15:00,0.0,0.0,8636.0,4135001,HmiyD2TTLFNqkNe,27.7923808,26.7919168,0.0,19,5,3,-1.000464000000001
2020-05-28 19:30:00,0.0,0.0,8636.0,4135001,HmiyD2TTLFNqkNe,27.6113422,26.0416464,0.0,19,5,3,-1.569695799999998
2020-05-28 19:45:00,0.0,0.0,8636.0,4135001,HmiyD2TTLFNqkNe,27.355645599999995,25.637278066666667,0.0,19,5,3,-1.7183675333333284
2020-05-28 20:00:00,0.0,0.0,8636.0,4135001,HmiyD2TTLFNqkNe,27.13539564285714,25.529323071428568,0.0,20,5,3,-1.606072571428573
2020-05-28 20:15:00,0.0,0.0,8636.0,4135001,HmiyD2TTLFNqkNe,26.931520666666664,25.35537526666667,0.0,20,5,3,-1.5761453999999944
2020-05-28 20:30:00,0.0,0.0,8636.0,4135001,HmiyD2TTLFNqkNe,26.724784466666662,25.210925266666667,0.0,20,5,3,-1.5138591999999953
2020-05-28 20:45:00,0.0,0.0,8636.0,4135001,HmiyD2TTLFNqkNe,26.4515138,24.99562986666667,0.0,20,5,3,-1.4558839333333324
2020-05-28 21:00:00,0.0,0.0,8636.0,4135001,HmiyD2TTLFNqkNe,26.2307618,24.619024666666665,0.0,21,5,3,-1.6117371333333352
2020-05-28 21:15:00,0.0,0.0,8636.0,4135001,HmiyD2TTLFNqkNe,24.983808380952382,24.348965619047625,0.0,21,5,3,-0.634842761904757
2020-05-28 21:30:00,0.0,0.0,8636.0,4135001,HmiyD2TTLFNqkNe,22.000267692307688,20.651951615384615,0.0,21,5,3,-1.3483160769230729
2020-05-28 21:45:00,0.0,0.0,8636.0,4135001,HmiyD2TTLFNqkNe,20.613987769230768,19.553316538461537,0.0,21,5,3,-1.0606712307692305
2020-05-28 22:00:00,0.0,0.0,8636.0,4135001,HmiyD2TTLFNqkNe,20.845003333333327,19.865224266666665,0.0,22,5,3,-0.9797790666666621
2020-05-28 22:15:00,0.0,0.0,8636.0,4135001,HmiyD2TTLFNqkNe,21.100152466666668,20.133622066666664,0.0,22,5,3,-0.9665304000000035
2020-05-29 06:15:00,507.06060605909096,49.10818181681818,2.666666667,4135001,HmiyD2TTLFNqkNe,20.838399333333328,20.166653916666665,0.0409023354166666,6,5,4,-0.6717454166666634
2020-05-29 06:30:00,982.3831169272727,95.44253246772728,19.85714286,4135001,HmiyD2TTLFNqkNe,21.0031935,20.9889395,0.0663231575714285,6,5,4,-0.014253999999997546
2020-05-29 06:45:00,1523.3198052272726,148.78871753181818,51.0,4135001,HmiyD2TTLFNqkNe,21.185152066666664,21.922501733333327,0.0998780443333333,6,5,4,0.7373496666666632
2020-05-29 07:00:00,1962.021103909091,192.33587661363637,97.0,4135001,HmiyD2TTLFNqkNe,21.432889933333332,24.118766333333333,0.1301255426666666,7,5,4,2.6858764000000015
2020-05-29 07:15:00,1979.405844181818,194.03741882727272,144.125,4135001,HmiyD2TTLFNqkNe,21.80819506666667,26.070054,0.1339008513333333,7,5,4,4.261858933333329
2020-05-29 07:30:00,2221.3157467727274,217.78855519545456,196.375,4135001,HmiyD2TTLFNqkNe,22.1382732,26.9603476,0.1528612619999999,7,5,4,4.822074399999998
2020-05-29 07:45:00,2710.625811681818,265.8607954590909,258.8571429,4135001,HmiyD2TTLFNqkNe,22.34573353333333,28.182126799999995,0.188819984,7,5,4,5.836393266666665
2020-05-29 08:00:00,3340.8060065,328.30974026363634,336.625,4135001,HmiyD2TTLFNqkNe,22.677024466666666,29.930456466666666,0.2336446046666666,8,5,4,7.253432
2020-05-29 08:15:00,4267.377435045454,419.09285714545456,436.4285714,4135001,HmiyD2TTLFNqkNe,23.168194600000003,32.699511466666664,0.299662534,8,5,4,9.53131686666666
2020-05-29 08:30:00,5027.150974,492.9636363681818,554.75,4135001,HmiyD2TTLFNqkNe,23.66407273333333,35.258107466666665,0.359172322,8,5,4,11.594034733333334
2020-05-29 08:45:00,5548.212662363637,543.7845779272727,693.0,4135001,HmiyD2TTLFNqkNe,24.082292928571427,37.545538642857146,0.3933412785714285,8,5,4,13.46324571428572
2020-05-29 09:00:00,6874.344155818181,673.1163149318182,844.25,4135001,HmiyD2TTLFNqkNe,24.37939666666667,40.127750600000006,0.4835685933333334,9,5,4,15.748353933333338
2020-05-29 09:15:00,9074.231331181818,887.6559253318181,1057.0,4135001,HmiyD2TTLFNqkNe,25.400056866666667,47.31288253333333,0.6839935373333333,9,5,4,21.912825666666663
2020-05-29 09:30:00,6498.055194772727,636.4771103954546,1259.75,4135001,HmiyD2TTLFNqkNe,25.6231832,47.156502466666666,0.4851745126666666,9,5,4,21.533319266666666
2020-05-29 09:45:00,8446.907467590909,826.199756490909,1446.285714,4135001,HmiyD2TTLFNqkNe,26.1870668,47.0743288,0.6188715400000001,9,5,4,20.887262000000003
2020-05-29 10:00:00,8731.588474045455,853.7326569363636,1655.125,4135001,HmiyD2TTLFNqkNe,26.661143,47.86209886666667,0.6259291153333334,10,5,4,21.20095586666667
2020-05-29 10:15:00,11876.832793181818,1158.7319805454545,1929.857143,4135001,HmiyD2TTLFNqkNe,27.280598866666665,56.17617786666667,0.922471946,10,5,4,28.895579000000005
2020-05-29 10:30:00,12077.090097727272,1178.1995941818182,2229.625,4135001,HmiyD2TTLFNqkNe,27.962141933333328,59.34772946666667,0.9426408173333332,10,5,4,31.385587533333343
2020-05-29 10:45:00,11448.864447727274,1117.5445617727273,2525.428571,4135001,HmiyD2TTLFNqkNe,28.6902568,57.816648333333326,0.880648258,10,5,4,29.126391533333326
2020-05-29 11:00:00,11666.936688181819,1138.1706980454544,2822.0,4135001,HmiyD2TTLFNqkNe,28.989419142857145,58.54648692857143,0.89846418,11,5,4,29.55706778571429
2020-05-29 11:15:00,10959.643669545454,1069.5359578318182,3116.0,4135001,HmiyD2TTLFNqkNe,29.171191466666667,57.72865393333333,0.844823108,11,5,4,28.55746246666666
2020-05-29 11:30:00,9280.253246772727,906.6840097363637,3365.571429,4135001,HmiyD2TTLFNqkNe,29.170436533333337,54.0487796,0.7256673206666666,11,5,4,24.878343066666666
2020-05-29 11:45:00,12622.332792272728,1231.1702922272727,3670.875,4135001,HmiyD2TTLFNqkNe,29.452115866666663,57.48017959999999,1.0518955426666667,11,5,4,28.02806373333333
2020-05-29 12:00:00,11875.47321409091,1158.8495130000001,3967.428571,4135001,HmiyD2TTLFNqkNe,30.0820658,61.4289776,0.875959719333333,12,5,4,31.346911800000004
2020-05-29 12:15:00,10191.844155909092,995.9912337727272,4232.125,4135001,HmiyD2TTLFNqkNe,29.980607066666668,58.23431193333333,0.7119324986666667,12,5,4,28.253704866666663
2020-05-29 12:30:00,11937.198053181817,1164.6219155454546,4502.142857,4135001,HmiyD2TTLFNqkNe,30.22876786666666,58.4341208,0.907262212,12,5,4,28.20535293333334
2020-05-29 12:45:00,12409.830357272729,1210.0742695,4806.5,4135001,HmiyD2TTLFNqkNe,30.414278266666667,62.09320066666666,0.964028712,12,5,4,31.678922399999994
2020-05-29 13:00:00,12535.298700454545,1222.2532467272727,5113.142857,4135001,HmiyD2TTLFNqkNe,31.0336488,63.14266973333333,0.9750077606666668,13,5,4,32.109020933333326
2020-05-29 13:15:00,11593.948863636364,1131.4448051818183,5421.375,4135001,HmiyD2TTLFNqkNe,31.226418066666668,63.19209206666668,0.906359092,13,5,4,31.965674000000014
2020-05-29 13:30:00,10963.816557272728,1070.72264615,5693.857143,4135001,HmiyD2TTLFNqkNe,31.451491266666668,58.442191666666666,0.870920262,13,5,4,26.990700399999998
2020-05-29 13:45:00,8877.304383090908,867.9859577909091,5951.875,4135001,HmiyD2TTLFNqkNe,31.4721985,58.874195642857146,0.631655037142857,13,5,4,27.401997142857144
2020-05-29 14:00:00,6666.959415545454,653.0022727272727,6133.428571,4135001,HmiyD2TTLFNqkNe,31.294620733333332,50.15845953333333,0.4715989833333333,14,5,4,18.863838799999996
2020-05-29 14:15:00,9284.928571681818,907.8702922227272,6327.875,4135001,HmiyD2TTLFNqkNe,31.446600466666663,51.540208,0.7254104080000001,14,5,4,20.093607533333337
2020-05-29 14:30:00,8175.981331227274,800.1262986999999,6561.857143,4135001,HmiyD2TTLFNqkNe,31.9529074,53.654715866666656,0.611296238,14,5,4,21.701808466666655
2020-05-29 14:45:00,8807.895292227273,861.6940746727273,6771.5,4135001,HmiyD2TTLFNqkNe,32.07957366666666,53.019840733333325,0.6525659726666667,14,5,4,20.940267066666664
2020-05-29 15:00:00,7704.659090863636,754.230844159091,6980.142857,4135001,HmiyD2TTLFNqkNe,32.37420473333333,52.76566173333333,0.5593601680000001,15,5,4,20.391457000000003
2020-05-29 15:15:00,7478.607954545455,732.1928571454545,7173.375,4135001,HmiyD2TTLFNqkNe,32.275811866666665,51.221810066666656,0.5192661353333333,15,5,4,18.94599819999999
2020-05-29 15:30:00,6998.0332793181815,685.3093344181818,7357.571429,4135001,HmiyD2TTLFNqkNe,32.34201053333333,48.925150733333325,0.5249432360000001,15,5,4,16.583140199999995
2020-05-29 15:45:00,7313.126623409091,716.0749188318182,7535.875,4135001,HmiyD2TTLFNqkNe,32.46573564285715,48.318494571428566,0.5348639064285715,15,5,4,15.852758928571419
2020-05-29 16:00:00,6729.604707818182,659.1543831136364,7708.428571,4135001,HmiyD2TTLFNqkNe,32.45574533333333,47.4088624,0.484228046,16,5,4,14.953117066666664
2020-05-29 16:15:00,6385.4805195,625.5499188318182,7856.571429,4135001,HmiyD2TTLFNqkNe,31.814784666666668,46.41744406666666,0.457150144,16,5,4,14.602659399999993
2020-05-29 16:30:00,4174.290584409091,409.96647727272733,7991.75,4135001,HmiyD2TTLFNqkNe,31.6578208,43.54560113333334,0.3026864813333333,16,5,4,11.887780333333342
2020-05-29 16:45:00,3609.2451298636365,354.7190746681818,8091.142857,4135001,HmiyD2TTLFNqkNe,30.836218333333328,39.6094684,0.25664592,16,5,4,8.77325006666667
2020-05-29 17:00:00,3206.0665584545454,314.87215908636364,8173.375,4135001,HmiyD2TTLFNqkNe,30.0257304,36.7043906,0.2275632,17,5,4,6.678660200000003
2020-05-29 17:15:00,2312.159090818182,226.7129870090909,8246.0,4135001,HmiyD2TTLFNqkNe,29.58132926666667,34.95715533333333,0.163290324,17,5,4,5.3758260666666615
2020-05-29 17:30:00,1239.6907467727272,120.67897727272727,8289.875,4135001,HmiyD2TTLFNqkNe,29.13962606666667,32.1050026,0.0869776312666666,17,5,4,2.9653765333333304
2020-05-29 17:45:00,923.1087662363636,89.64301948045454,8316.714286,4135001,HmiyD2TTLFNqkNe,28.608535642857145,30.09376085714285,0.0651276525,17,5,4,1.4852252142857054
2020-05-29 18:00:00,446.8985389636364,43.22573051954546,8334.625,4135001,HmiyD2TTLFNqkNe,28.177933666666664,28.66382253333333,0.0333130082666666,18,5,4,0.48588886666666653
2020-05-29 18:15:00,126.83955628181819,12.248322510454546,8341.428571,4135001,HmiyD2TTLFNqkNe,27.792637066666668,27.22354733333333,0.0104024432133333,18,5,4,-0.5690897333333389
2020-05-29 18:30:00,3.9125,0.37875000000000003,8343.0,4135001,HmiyD2TTLFNqkNe,27.432686333333336,26.253356733333334,0.003065661366,18,5,4,-1.1793296000000026
2020-05-29 18:45:00,0.0,0.0,8343.0,4135001,HmiyD2TTLFNqkNe,27.0520792,25.381172666666668,0.0,18,5,4,-1.6709065333333335
2020-05-29 19:00:00,0.0,0.0,8343.0,4135001,HmiyD2TTLFNqkNe,26.57452986666667,24.8557904,0.0,19,5,4,-1.718739466666669
2020-05-29 19:15:00,0.0,0.0,8343.0,4135001,HmiyD2TTLFNqkNe,26.251810733333336,24.422851666666663,0.0,19,5,4,-1.8289590666666733
2020-05-29 19:30:00,0.0,0.0,8343.0,4135001,HmiyD2TTLFNqkNe,25.991561066666662,23.6388794,0.0,19,5,4,-2.352681666666662
2020-05-29 19:45:00,0.0,0.0,8343.0,4135001,HmiyD2TTLFNqkNe,25.52207653333333,22.866922933333328,0.0,19,5,4,-2.655153600000002
2020-05-29 20:00:00,0.0,0.0,8343.0,4135001,HmiyD2TTLFNqkNe,25.53364046666667,23.554854333333328,0.0,20,5,4,-1.9787861333333439
2020-05-29 20:15:00,0.0,0.0,8343.0,4135001,HmiyD2TTLFNqkNe,25.580924,24.16174314285714,0.0,20,5,4,-1.4191808571428588
2020-05-29 20:30:00,0.0,0.0,8343.0,4135001,HmiyD2TTLFNqkNe,25.6105834,24.433229466666667,0.0,20,5,4,-1.1773539333333325
2020-05-29 20:45:00,0.0,0.0,8343.0,4135001,HmiyD2TTLFNqkNe,25.57697573333333,24.296307333333328,0.0,20,5,4,-1.2806684000000033
2020-05-29 21:00:00,0.0,0.0,8343.0,4135001,HmiyD2TTLFNqkNe,25.569374466666662,24.1769226,0.0,21,5,4,-1.3924518666666614
2020-05-29 21:15:00,0.0,0.0,8343.0,4135001,HmiyD2TTLFNqkNe,25.5727214,24.305244933333327,0.0,21,5,4,-1.2674764666666718
2020-05-29 21:30:00,0.0,0.0,8343.0,4135001,HmiyD2TTLFNqkNe,25.53245233333333,24.24543453333333,0.0,21,5,4,-1.287017800000001
2020-05-29 21:45:00,0.0,0.0,8343.0,4135001,HmiyD2TTLFNqkNe,25.4170736,24.084344533333333,0.0,21,5,4,-1.3327290666666656
2020-05-29 22:00:00,0.0,0.0,8343.0,4135001,HmiyD2TTLFNqkNe,25.315657466666668,24.1501708,0.0,22,5,4,-1.1654866666666663
2020-05-29 22:15:00,0.0,0.0,8343.0,4135001,HmiyD2TTLFNqkNe,24.6701782,23.417525333333334,0.0,22,5,4,-1.252652866666665
2020-05-29 22:30:00,0.0,0.0,8343.0,4135001,HmiyD2TTLFNqkNe,22.479893,21.288265066666668,0.0,22,5,4,-1.1916279333333328
2020-05-29 22:45:00,0.0,0.0,8343.0,4135001,HmiyD2TTLFNqkNe,21.80762807142857,20.890234857142858,0.0,22,5,4,-0.9173932142857133
2020-05-29 23:00:00,0.0,0.0,8343.0,4135001,HmiyD2TTLFNqkNe,21.58188473333333,20.800057066666668,0.0,23,5,4,-0.7818276666666613
2020-05-29 23:15:00,0.0,0.0,8343.0,4135001,HmiyD2TTLFNqkNe,21.44609786666667,20.709676,0.0,23,5,4,-0.7364218666666673
2020-05-29 23:30:00,0.0,0.0,8343.0,4135001,HmiyD2TTLFNqkNe,21.5154318,20.651177866666668,0.0,23,5,4,-0.8642539333333339
2020-05-29 23:45:00,0.0,0.0,8210.0,4135001,HmiyD2TTLFNqkNe,21.5897746,20.9075114,0.0,23,5,4,-0.6822631999999977
2020-05-30 00:00:00,0.0,0.0,1143.857143,4135001,HmiyD2TTLFNqkNe,21.52715873333333,20.8601236,0.0,0,5,5,-0.6670351333333286
2020-05-30 00:15:00,0.0,0.0,0.0,4135001,HmiyD2TTLFNqkNe,21.492806,20.699059866666666,0.0,0,5,5,-0.793746133333336
2020-05-30 00:30:00,0.0,0.0,0.0,4135001,HmiyD2TTLFNqkNe,21.3664144,20.529703666666663,0.0,0,5,5,-0.8367107333333372
2020-05-30 00:45:00,0.0,0.0,0.0,4135001,HmiyD2TTLFNqkNe,21.3732096,20.504990666666664,0.0,0,5,5,-0.8682189333333348
2020-05-30 01:00:00,0.0,0.0,0.0,4135001,HmiyD2TTLFNqkNe,21.3210645,20.41563628571429,0.0,1,5,5,-0.9054282142857097
2020-05-30 01:15:00,0.0,0.0,0.0,4135001,HmiyD2TTLFNqkNe,21.295438733333327,20.294574,0.0,1,5,5,-1.0008647333333265
2020-05-30 01:30:00,0.0,0.0,0.0,4135001,HmiyD2TTLFNqkNe,21.305418000000003,20.40134893333333,0.0,1,5,5,-0.904069066666672
2020-05-30 01:45:00,0.0,0.0,0.0,4135001,HmiyD2TTLFNqkNe,21.262144,20.473541333333333,0.0,1,5,5,-0.7886026666666659
2020-05-30 02:00:00,0.0,0.0,0.0,4135001,HmiyD2TTLFNqkNe,21.25114333333333,20.463403266666663,0.0,2,5,5,-0.7877400666666681
2020-05-30 02:15:00,0.0,0.0,0.0,4135001,HmiyD2TTLFNqkNe,21.316385866666668,20.49529,0.0,2,5,5,-0.821095866666667
2020-05-30 02:30:00,0.0,0.0,0.0,4135001,HmiyD2TTLFNqkNe,21.313004600000003,20.61629026666667,0.0,2,5,5,-0.6967143333333325
2020-05-30 02:45:00,0.0,0.0,0.0,4135001,HmiyD2TTLFNqkNe,21.401043666666663,20.689916933333333,0.0,2,5,5,-0.7111267333333302
2020-05-30 03:00:00,0.0,0.0,0.0,4135001,HmiyD2TTLFNqkNe,21.4183166,20.60063273333333,0.0,3,5,5,-0.8176838666666697
2020-05-30 03:15:00,0.0,0.0,0.0,4135001,HmiyD2TTLFNqkNe,21.398672857142856,20.531991142857144,0.0,3,5,5,-0.8666817142857113
2020-05-30 03:30:00,0.0,0.0,0.0,4135001,HmiyD2TTLFNqkNe,21.374104733333333,20.533020066666666,0.0,3,5,5,-0.8410846666666671
2020-05-30 03:45:00,0.0,0.0,0.0,4135001,HmiyD2TTLFNqkNe,21.3664836,20.48927813333333,0.0,3,5,5,-0.8772054666666698
2020-05-30 04:00:00,0.0,0.0,0.0,4135001,HmiyD2TTLFNqkNe,21.413842733333336,20.515926,0.0,4,5,5,-0.8979167333333358
2020-05-30 04:15:00,0.0,0.0,0.0,4135001,HmiyD2TTLFNqkNe,21.42423293333333,20.5375876,0.0,4,5,5,-0.8866453333333304
2020-05-30 04:30:00,0.0,0.0,0.0,4135001,HmiyD2TTLFNqkNe,21.4370606,20.5680806,0.0,4,5,5,-0.8689800000000005
2020-05-30 04:45:00,0.0,0.0,0.0,4135001,HmiyD2TTLFNqkNe,21.293420333333334,20.270672800000003,0.0,4,5,5,-1.0227475333333302
2020-05-30 05:00:00,0.0,0.0,0.0,4135001,HmiyD2TTLFNqkNe,21.242486466666666,20.148506666666663,0.0,5,5,5,-1.0939798000000032
2020-05-30 05:15:00,0.0,0.0,0.0,4135001,HmiyD2TTLFNqkNe,21.276218733333337,20.2370014,0.0,5,5,5,-1.0392173333333368
2020-05-30 05:30:00,0.0,0.0,0.0,4135001,HmiyD2TTLFNqkNe,21.26208493333333,20.15769046666667,0.0,5,5,5,-1.1043944666666619
2020-05-30 05:45:00,0.0,0.0,0.0,4135001,HmiyD2TTLFNqkNe,21.226811071428568,19.827433928571438,0.0010542331467857,5,5,5,-1.39937714285713
2020-05-30 06:00:00,74.42207792272728,7.176704545454545,1.0,4135001,HmiyD2TTLFNqkNe,21.150111866666663,19.747505800000003,0.00783505386,6,5,5,-1.4026060666666602
2020-05-30 06:15:00,314.0884740318182,30.344724025454546,5.714285714,4135001,HmiyD2TTLFNqkNe,21.185369800000004,20.100394533333336,0.0230068427666666,6,5,5,-1.0849752666666674
2020-05-30 06:30:00,699.9017857136364,67.83457792181818,17.85714286,4135001,HmiyD2TTLFNqkNe,21.350661199999998,20.921696,0.0503953045333333,6,5,5,-0.4289651999999968
2020-05-30 06:45:00,1201.3555195,116.83319805000001,42.375,4135001,HmiyD2TTLFNqkNe,21.591829466666663,21.91393233333333,0.0836293638666666,6,5,5,0.3221028666666683
2020-05-30 07:00:00,1699.75,166.3781655772727,78.57142857,4135001,HmiyD2TTLFNqkNe,21.786851066666664,22.9464376,0.1167449068666666,7,5,5,1.1595865333333357
2020-05-30 07:15:00,2197.9683441818183,215.49959416363637,129.75,4135001,HmiyD2TTLFNqkNe,22.16442873333333,24.749108733333337,0.15050792,7,5,5,2.584680000000006
2020-05-30 07:30:00,2002.9139610454547,196.34561687727273,183.7142857,4135001,HmiyD2TTLFNqkNe,22.4847634,25.541505866666665,0.1371546752,7,5,5,3.056742466666666
2020-05-30 07:45:00,2345.589285681818,229.9920454590909,240.0,4135001,HmiyD2TTLFNqkNe,22.754195266666667,27.122273733333333,0.163594894,7,5,5,4.368078466666667
2020-05-30 08:00:00,3080.0154221818184,302.46980519545457,305.7142857,4135001,HmiyD2TTLFNqkNe,22.792192642857145,28.886864857142857,0.2194022685714285,8,5,5,6.094672214285712
2020-05-30 08:15:00,4330.349837681818,425.1961850681818,406.875,4135001,HmiyD2TTLFNqkNe,23.30529986666667,32.51050999999999,0.319270414,8,5,5,9.20521013333332
2020-05-30 08:30:00,3572.3027598181816,351.1481331090909,514.2857143,4135001,HmiyD2TTLFNqkNe,23.722454733333333,34.3021282,0.257492758,8,5,5,10.579673466666666
2020-05-30 08:45:00,3449.3173701363635,339.07418831363634,608.125,4135001,HmiyD2TTLFNqkNe,23.959779666666662,33.923728333333344,0.2414865233333333,8,5,5,9.963948666666681
2020-05-30 09:00:00,3769.1087661818183,370.3871753272727,696.7142857,4135001,HmiyD2TTLFNqkNe,24.185119466666663,33.2824116,0.2588894479999999,9,5,5,9.09729213333334
2020-05-30 09:15:00,5415.12905840909,530.8858766227272,811.625,4135001,HmiyD2TTLFNqkNe,24.408231533333336,34.40989966666667,0.3711218493333333,9,5,5,10.001668133333332
2020-05-30 09:30:00,6262.0982143636365,613.4779220772726,962.5714286,4135001,HmiyD2TTLFNqkNe,24.94327793333333,37.55877506666666,0.4308539586666666,9,5,5,12.615497133333331
2020-05-30 09:45:00,4655.836038954545,456.8808441590909,1099.0,4135001,HmiyD2TTLFNqkNe,24.95345873333333,35.66078086666666,0.31364225,9,5,5,10.707322133333331
2020-05-30 10:00:00,4667.553571454546,457.94862012727276,1217.125,4135001,HmiyD2TTLFNqkNe,24.9230428,32.240460133333336,0.304070602,10,5,5,7.317417333333335
2020-05-30 10:15:00,4356.353896136364,427.72727272272726,1329.857143,4135001,HmiyD2TTLFNqkNe,24.95966,30.926380785714283,0.2776844828571428,10,5,5,5.966720785714283
2020-05-30 10:30:00,5269.465909090909,516.5361201318182,1450.125,4135001,HmiyD2TTLFNqkNe,24.808402466666667,30.401300066666664,0.3370152366666666,10,5,5,5.592897599999997
2020-05-30 10:45:00,5348.207792272727,524.2301136318182,1585.0,4135001,HmiyD2TTLFNqkNe,24.85946453333333,32.48247873333333,0.348691926,10,5,5,7.6230142
2020-05-30 11:00:00,6535.804383136364,640.1994318181819,1734.375,4135001,HmiyD2TTLFNqkNe,25.07773446666667,35.4601398,0.4262679866666666,11,5,5,10.382405333333331
2020-05-30 11:15:00,10188.624999909092,995.4625811954545,1940.142857,4135001,HmiyD2TTLFNqkNe,25.542982933333327,41.660313,0.715572958,11,5,5,16.117330066666675
2020-05-30 11:30:00,7877.5064935,770.9929383181818,2174.5,4135001,HmiyD2TTLFNqkNe,26.040903733333334,44.667008466666665,0.561617874,11,5,5,18.62610473333333
2020-05-30 11:45:00,8810.646103909092,861.6325486954546,2392.571429,4135001,HmiyD2TTLFNqkNe,26.3615418,46.695184266666665,0.6239884299999999,11,5,5,20.333642466666664
2020-05-30 12:00:00,13588.081168636365,1325.0096590454546,2658.375,4135001,HmiyD2TTLFNqkNe,27.0928548,57.691178466666656,1.151102274,12,5,5,30.598323666666655
2020-05-30 12:15:00,9918.448052181819,968.9311687999999,2979.571429,4135001,HmiyD2TTLFNqkNe,27.6734152,62.91643313333333,0.7998236226666667,12,5,5,35.24301793333333
2020-05-30 12:30:00,12883.439123636363,1256.4863635909091,3247.375,4135001,HmiyD2TTLFNqkNe,28.242209357142855,60.84071814285714,1.1225500642857145,12,5,5,32.59850878571429
2020-05-30 12:45:00,10073.228896272727,984.3056817954545,3554.714286,4135001,HmiyD2TTLFNqkNe,28.96689653333334,62.345989,0.771698892,12,5,5,33.37909246666666
2020-05-30 13:00:00,8809.675324636364,861.7948863590908,3790.25,4135001,HmiyD2TTLFNqkNe,28.826908466666666,53.6317382,0.6454755853333334,13,5,5,24.804829733333335
2020-05-30 13:15:00,11621.454545,1134.2273539545456,4059.428571,4135001,HmiyD2TTLFNqkNe,28.9500306,56.0328042,0.9492787793333332,13,5,5,27.0827736
2020-05-30 13:30:00,10582.485390363638,1033.8102272545455,4331.25,4135001,HmiyD2TTLFNqkNe,29.13891813333333,53.3879132,0.8056238186666665,13,5,5,24.24899506666667
2020-05-30 13:45:00,11724.930193636364,1143.8487824545455,4610.142857,4135001,HmiyD2TTLFNqkNe,29.40827633333333,55.02622280000001,0.8897051446666668,13,5,5,25.617946466666684
2020-05-30 14:00:00,11532.086039545455,1125.198052,4882.714286,4135001,HmiyD2TTLFNqkNe,29.928074066666667,54.66195460000001,0.886393536,14,5,5,24.73388053333334
2020-05-30 14:15:00,11337.965097272727,1107.047646,5174.25,4135001,HmiyD2TTLFNqkNe,30.114007466666664,54.58146206666667,0.8507950519999999,14,5,5,24.467454600000003
2020-05-30 14:30:00,10554.482142545456,1031.692370159091,5445.571429,4135001,HmiyD2TTLFNqkNe,30.26233913333333,52.088154933333335,0.776912684,14,5,5,21.825815800000004
2020-05-30 14:45:00,10085.924512818181,986.1322240181818,5701.5,4135001,HmiyD2TTLFNqkNe,30.078890214285718,52.50944735714285,0.7406104714285713,14,5,5,22.43055714285713
2020-05-30 15:00:00,9538.681818136363,932.899837659091,5945.571429,4135001,HmiyD2TTLFNqkNe,30.49638266666667,51.013694,0.6983646913333333,15,5,5,20.517311333333332
2020-05-30 15:15:00,8871.431818227273,867.9479707818183,6180.5,4135001,HmiyD2TTLFNqkNe,30.8197694,47.81379373333333,0.6433630186666666,15,5,5,16.99402433333333
2020-05-30 15:30:00,8208.20292209091,803.3478084363636,6392.857143,4135001,HmiyD2TTLFNqkNe,30.739146,47.6748986,0.5930513439999998,15,5,5,16.935752599999997
2020-05-30 15:45:00,7499.116883181819,734.220211040909,6585.25,4135001,HmiyD2TTLFNqkNe,30.839324866666665,46.916251733333326,0.5397100973333333,15,5,5,16.07692686666666
2020-05-30 16:00:00,6725.3449675,658.7330357136364,6759.714286,4135001,HmiyD2TTLFNqkNe,31.278884,44.566937,0.4816808006666666,16,5,5,13.288053000000001
2020-05-30 16:15:00,5735.8814935909095,562.1262175363637,6912.5,4135001,HmiyD2TTLFNqkNe,31.0069884,42.35145673333333,0.4227470493333333,16,5,5,11.344468333333328
2020-05-30 16:30:00,4176.470779272727,409.77670454545455,7033.142857,4135001,HmiyD2TTLFNqkNe,30.61301473333333,39.94118873333333,0.3143966613333332,16,5,5,9.328173999999997
2020-05-30 16:45:00,4167.780844181819,409.32727272727277,7136.25,4135001,HmiyD2TTLFNqkNe,30.771809071428567,37.85851378571428,0.3052764092857143,16,5,5,7.0867047142857125
2020-05-30 17:00:00,3394.193993590909,333.61980519090906,7225.714286,4135001,HmiyD2TTLFNqkNe,30.710561,36.66297186666667,0.2547879166666667,17,5,5,5.952410866666675
2020-05-30 17:15:00,2618.3254870454543,256.8114448136364,7298.5,4135001,HmiyD2TTLFNqkNe,30.203381266666668,34.472900466666665,0.2018936086666666,17,5,5,4.269519199999998
2020-05-30 17:30:00,1781.7077922272729,174.54245129545455,7350.285714,4135001,HmiyD2TTLFNqkNe,30.037693333333333,32.64035633333333,0.1410142690666667,17,5,5,2.602662999999996
2020-05-30 17:45:00,1026.1477273181818,99.72418831227273,7383.25,4135001,HmiyD2TTLFNqkNe,29.534391266666667,30.599279866666677,0.0770711165333333,17,5,5,1.0648886000000104
2020-05-30 18:00:00,661.7305194818182,64.10332792181818,7403.0,4135001,HmiyD2TTLFNqkNe,28.9436726,28.7049784,0.0478600682,18,5,5,-0.23869419999999764
2020-05-30 18:15:00,287.60714285454543,27.790097402727273,7414.428571,4135001,HmiyD2TTLFNqkNe,28.536002666666665,27.2036742,0.0194361867666666,18,5,5,-1.3323284666666666
2020-05-30 18:30:00,30.54220779227273,2.945129870090909,7418.5,4135001,HmiyD2TTLFNqkNe,28.10139566666667,25.642771466666677,0.0034388459133333,18,5,5,-2.458624199999992
2020-05-30 18:45:00,0.0,0.0,7419.0,4135001,HmiyD2TTLFNqkNe,27.70457366666667,24.644746866666665,0.0,18,5,5,-3.0598268000000033
2020-05-30 19:00:00,0.0,0.0,7419.0,4135001,HmiyD2TTLFNqkNe,27.338289642857145,23.92244607142857,0.0,19,5,5,-3.4158435714285744
2020-05-30 19:15:00,0.0,0.0,7419.0,4135001,HmiyD2TTLFNqkNe,26.9142048,23.59680393333333,0.0,19,5,5,-3.31740086666667
2020-05-30 19:30:00,0.0,0.0,7419.0,4135001,HmiyD2TTLFNqkNe,26.376255266666668,24.04932253333333,0.0,19,5,5,-2.3269327333333365
2020-05-30 19:45:00,0.0,0.0,7419.0,4135001,HmiyD2TTLFNqkNe,25.91156826666667,23.50879526666667,0.0,19,5,5,-2.402773
2020-05-30 20:00:00,0.0,0.0,7419.0,4135001,HmiyD2TTLFNqkNe,25.64443966666667,23.44923293333333,0.0,20,5,5,-2.1952067333333396
2020-05-30 20:15:00,0.0,0.0,7419.0,4135001,HmiyD2TTLFNqkNe,25.47801713333333,23.189469400000004,0.0,20,5,5,-2.2885477333333277
2020-05-30 20:30:00,0.0,0.0,7419.0,4135001,HmiyD2TTLFNqkNe,25.3493976,23.222784466666667,0.0,20,5,5,-2.1266131333333327
2020-05-30 20:45:00,0.0,0.0,7419.0,4135001,HmiyD2TTLFNqkNe,24.481256200000004,23.4801616,0.0,20,5,5,-1.0010946000000054
2020-05-30 21:00:00,0.0,0.0,7419.0,4135001,HmiyD2TTLFNqkNe,24.160494214285716,22.467919428571427,0.0,21,5,5,-1.6925747857142888
2020-05-30 21:15:00,0.0,0.0,7419.0,4135001,HmiyD2TTLFNqkNe,23.783605866666665,21.47575886666667,0.0,21,5,5,-2.3078469999999953
2020-05-30 21:30:00,0.0,0.0,7419.0,4135001,HmiyD2TTLFNqkNe,23.541682933333338,21.23525586666667,0.0,21,5,5,-2.306427066666668
2020-05-30 21:45:00,0.0,0.0,7419.0,4135001,HmiyD2TTLFNqkNe,23.33104853333333,21.1661254,0.0,21,5,5,-2.164923133333332
2020-05-30 22:00:00,0.0,0.0,7419.0,4135001,HmiyD2TTLFNqkNe,23.26649373333333,21.261847066666665,0.0,22,5,5,-2.004646666666666
2020-05-30 22:15:00,0.0,0.0,7419.0,4135001,HmiyD2TTLFNqkNe,23.247796666666662,21.252518866666662,0.0,22,5,5,-1.9952778000000002
2020-05-30 22:30:00,0.0,0.0,7419.0,4135001,HmiyD2TTLFNqkNe,23.227238,21.093687066666668,0.0,22,5,5,-2.133550933333332
2020-05-30 22:45:00,0.0,0.0,7419.0,4135001,HmiyD2TTLFNqkNe,23.368218866666677,21.33069053333333,0.0,22,5,5,-2.0375283333333485
2020-05-30 23:00:00,0.0,0.0,7419.0,4135001,HmiyD2TTLFNqkNe,23.299794533333337,21.227034600000003,0.0,23,5,5,-2.0727599333333337
2020-05-30 23:15:00,0.0,0.0,7419.0,4135001,HmiyD2TTLFNqkNe,23.2678135,21.47387485714286,0.0,23,5,5,-1.7939386428571389
2020-05-30 23:30:00,0.0,0.0,7419.0,4135001,HmiyD2TTLFNqkNe,23.308522466666663,21.4654338,0.0,23,5,5,-1.843088666666663
2020-05-30 23:45:00,0.0,0.0,7419.0,4135001,HmiyD2TTLFNqkNe,23.170756,21.07266833333333,0.0,23,5,5,-2.0980876666666717
2020-05-31 00:00:00,0.0,0.0,1038.571429,4135001,HmiyD2TTLFNqkNe,23.113399266666665,21.02477813333333,0.0,0,5,6,-2.0886211333333335
2020-05-31 00:15:00,0.0,0.0,0.0,4135001,HmiyD2TTLFNqkNe,23.277626466666668,21.416035866666668,0.0,0,5,6,-1.8615905999999995
2020-05-31 00:30:00,0.0,0.0,0.0,4135001,HmiyD2TTLFNqkNe,23.664210999999995,22.226295933333336,0.0,0,5,6,-1.4379150666666582
2020-05-31 00:45:00,0.0,0.0,0.0,4135001,HmiyD2TTLFNqkNe,23.67028613333333,22.42146,0.0,0,5,6,-1.2488261333333313
2020-05-31 01:00:00,0.0,0.0,0.0,4135001,HmiyD2TTLFNqkNe,23.73268626666667,22.616561,0.0,1,5,6,-1.1161252666666677
2020-05-31 01:15:00,0.0,0.0,0.0,4135001,HmiyD2TTLFNqkNe,23.739192666666668,22.341609866666666,0.0,1,5,6,-1.3975828000000021
2020-05-31 01:30:00,0.0,0.0,0.0,4135001,HmiyD2TTLFNqkNe,23.571071142857143,22.014380428571428,0.0,1,5,6,-1.5566907142857147
2020-05-31 01:45:00,0.0,0.0,0.0,4135001,HmiyD2TTLFNqkNe,23.530092266666664,21.836610933333333,0.0,1,5,6,-1.693481333333331
2020-05-31 02:00:00,0.0,0.0,0.0,4135001,HmiyD2TTLFNqkNe,23.439050266666666,21.8317772,0.0,2,5,6,-1.6072730666666644
2020-05-31 02:15:00,0.0,0.0,0.0,4135001,HmiyD2TTLFNqkNe,23.383164466666667,21.6668702,0.0,2,5,6,-1.7162942666666652
2020-05-31 02:30:00,0.0,0.0,0.0,4135001,HmiyD2TTLFNqkNe,23.1820678,21.1325806,0.0,2,5,6,-2.049487199999998
2020-05-31 02:45:00,0.0,0.0,0.0,4135001,HmiyD2TTLFNqkNe,23.021513,21.1587972,0.0,2,5,6,-1.8627158000000001
2020-05-31 03:00:00,0.0,0.0,0.0,4135001,HmiyD2TTLFNqkNe,22.88455606666667,20.9923156,0.0,3,5,6,-1.8922404666666672
2020-05-31 03:15:00,0.0,0.0,0.0,4135001,HmiyD2TTLFNqkNe,22.887363666666666,21.125909466666663,0.0,3,5,6,-1.7614542000000029
2020-05-31 03:30:00,0.0,0.0,0.0,4135001,HmiyD2TTLFNqkNe,22.852510785714287,21.19331814285714,0.0,3,5,6,-1.6591926428571462
2020-05-31 03:45:00,0.0,0.0,0.0,4135001,HmiyD2TTLFNqkNe,22.62314046666667,20.7485924,0.0,3,5,6,-1.8745480666666694
2020-05-31 04:00:00,0.0,0.0,0.0,4135001,HmiyD2TTLFNqkNe,22.537526466666662,20.769449866666665,0.0,4,5,6,-1.768076599999997
2020-05-31 04:15:00,0.0,0.0,0.0,4135001,HmiyD2TTLFNqkNe,22.425286866666667,20.812656666666665,0.0,4,5,6,-1.6126302000000017
2020-05-31 04:30:00,0.0,0.0,0.0,4135001,HmiyD2TTLFNqkNe,22.25009353333333,20.68480226666667,0.0,4,5,6,-1.5652912666666623
2020-05-31 04:45:00,0.0,0.0,0.0,4135001,HmiyD2TTLFNqkNe,22.24558513333333,20.75850213333333,0.0,4,5,6,-1.4870829999999984
2020-05-31 05:00:00,0.0,0.0,0.0,4135001,HmiyD2TTLFNqkNe,22.04795533333333,20.42230826666667,0.0,5,5,6,-1.6256470666666623
2020-05-31 05:15:00,0.0,0.0,0.0,4135001,HmiyD2TTLFNqkNe,22.0624776,20.415987200000004,0.0,5,5,6,-1.6464903999999976
2020-05-31 05:30:00,0.0,0.0,0.0,4135001,HmiyD2TTLFNqkNe,22.021704133333333,20.646187266666665,0.0,5,5,6,-1.3755168666666684
2020-05-31 05:45:00,0.0,0.0,0.0,4135001,HmiyD2TTLFNqkNe,21.99744528571428,20.77739385714285,0.0012950159907142,5,5,6,-1.2200514285714306
2020-05-31 06:00:00,99.89691558454545,9.640909090681818,0.875,4135001,HmiyD2TTLFNqkNe,21.98220433333333,20.879634666666668,0.0092814357466666,6,5,6,-1.1025696666666605
2020-05-31 06:15:00,457.2345779136364,44.22670454590909,7.428571429,4135001,HmiyD2TTLFNqkNe,22.0364666,21.229018066666665,0.0316197704666666,6,5,6,-0.8074485333333357
2020-05-31 06:30:00,815.8125,79.15965909136364,24.375,4135001,HmiyD2TTLFNqkNe,22.34989833333333,22.100982666666667,0.0565229884,6,5,6,-0.24891566666666165
2020-05-31 06:45:00,1038.2654220454544,100.89326299272729,48.0,4135001,HmiyD2TTLFNqkNe,22.65153,22.805830800000003,0.0716501757333333,6,5,6,0.15430080000000146
2020-05-31 07:00:00,1201.4383117272728,116.8387987,76.5,4135001,HmiyD2TTLFNqkNe,22.765519200000004,23.1308492,0.0824505469333333,7,5,6,0.3653299999999966
2020-05-31 07:15:00,1324.6258117272728,129.00998377272728,108.2857143,4135001,HmiyD2TTLFNqkNe,22.78110746666666,23.733522600000004,0.0892736406,7,5,6,0.9524151333333428
2020-05-31 07:30:00,1981.7321428636365,194.26201299090908,148.1428571,4135001,HmiyD2TTLFNqkNe,22.9010762,24.93784793333333,0.1332021513333333,7,5,6,2.0367717333333317
2020-05-31 07:45:00,2272.2597402727274,222.78644480454543,201.625,4135001,HmiyD2TTLFNqkNe,23.244622733333337,26.083353666666667,0.15224982,7,5,6,2.8387309333333306
2020-05-31 08:00:00,2713.1785714545454,266.2392045409091,262.0,4135001,HmiyD2TTLFNqkNe,23.507492071428576,26.79229507142857,0.1821268135714285,8,5,6,3.284802999999993
2020-05-31 08:15:00,3561.0868505909093,349.9750811636364,340.875,4135001,HmiyD2TTLFNqkNe,23.899300266666664,29.06023366666667,0.2427383993333333,8,5,6,5.160933400000005
2020-05-31 08:30:00,4361.679383090909,428.3302759772727,442.8571429,4135001,HmiyD2TTLFNqkNe,24.370550666666663,32.55040273333334,0.3068565886666666,8,5,6,8.17985206666668
2020-05-31 08:45:00,6915.861201272727,677.09334415,587.0,4135001,HmiyD2TTLFNqkNe,24.738476533333337,36.2081646,0.509690432,8,5,6,11.469688066666667
2020-05-31 09:00:00,7026.840097454546,688.0650974,796.625,4135001,HmiyD2TTLFNqkNe,25.1560954,42.945062333333325,0.5058525086666666,9,5,6,17.788966933333324
2020-05-31 09:15:00,5312.68344159091,520.8576298727273,953.7142857,4135001,HmiyD2TTLFNqkNe,25.63316453333333,41.67780593333334,0.354595126,9,5,6,16.04464140000001
2020-05-31 09:30:00,8345.98051940909,816.2897727272727,1157.25,4135001,HmiyD2TTLFNqkNe,26.220489466666667,42.41054713333334,0.6364364953333334,9,5,6,16.19005766666667
2020-05-31 09:45:00,6368.724025954545,623.7893668818182,1357.285714,4135001,HmiyD2TTLFNqkNe,26.57203993333333,42.26560886666665,0.428165058,9,5,6,15.693568933333324
2020-05-31 10:00:00,6382.267857090908,625.0960227227273,1525.571429,4135001,HmiyD2TTLFNqkNe,26.7760782,41.781502133333326,0.472579002,10,5,6,15.005423933333326
2020-05-31 10:15:00,10448.276785727272,1020.1665584772727,1779.125,4135001,HmiyD2TTLFNqkNe,27.000671500000003,42.06565842857143,0.7297147092857142,10,5,6,15.064986928571429
2020-05-31 10:30:00,12420.284091363637,1211.4222403181818,2088.285714,4135001,HmiyD2TTLFNqkNe,27.968046,52.7022728,1.0191648606666668,10,5,6,24.734226800000002
2020-05-31 10:45:00,9348.677759772727,913.4519480454546,2333.75,4135001,HmiyD2TTLFNqkNe,28.05637,52.408536733333335,0.72428377,10,5,6,24.352166733333334
2020-05-31 11:00:00,8370.878246772727,818.3094155909092,2480.857143,4135001,HmiyD2TTLFNqkNe,28.0176412,47.200712266666656,0.5205349913333333,11,5,6,19.183071066666656
2020-05-31 11:15:00,10436.214285363636,1018.9185876818182,2755.25,4135001,HmiyD2TTLFNqkNe,28.252118,47.370047933333325,0.6365820806666665,11,5,6,19.117929933333325
2020-05-31 11:30:00,11337.045454636364,1106.383441581818,3073.714286,4135001,HmiyD2TTLFNqkNe,28.6178812,48.29328619999999,0.7692376179999999,11,5,6,19.67540499999999
2020-05-31 11:45:00,8033.585227227272,785.502191559091,3376.875,4135001,HmiyD2TTLFNqkNe,29.2730122,51.366605533333335,0.5181913166666666,11,5,6,22.093593333333335
2020-05-31 12:00:00,8934.246753136364,873.1412337227273,3662.0,4135001,HmiyD2TTLFNqkNe,29.261606933333333,49.6573588,0.6356642493333334,12,5,6,20.395751866666664
2020-05-31 12:15:00,8527.823863681819,833.5925324681818,3916.75,4135001,HmiyD2TTLFNqkNe,29.223415066666668,51.2609924,0.6613621766666666,12,5,6,22.03757733333333
2020-05-31 12:30:00,7018.702922045454,686.6817370181818,4107.714286,4135001,HmiyD2TTLFNqkNe,29.477185066666667,48.671240066666655,0.4782781806666666,12,5,6,19.194054999999988
2020-05-31 12:45:00,12987.543019545456,1266.5328733636363,4382.375,4135001,HmiyD2TTLFNqkNe,30.28202614285715,56.95899535714286,1.034329982142857,12,5,6,26.676969214285712
2020-05-31 13:00:00,8849.316558454546,864.7706168863635,4654.0,4135001,HmiyD2TTLFNqkNe,30.402663066666666,58.3018188,0.6815564133333333,13,5,6,27.899155733333334
2020-05-31 13:15:00,6325.8125,619.1947240227273,4789.875,4135001,HmiyD2TTLFNqkNe,30.6310384,54.56202766666667,0.5263585046666664,13,5,6,23.93098926666667
2020-05-31 13:30:00,5471.016233818183,535.4098214318182,4946.142857,4135001,HmiyD2TTLFNqkNe,30.10173753333333,48.06596086666667,0.4111925310666667,13,5,6,17.96422333333334
2020-05-31 13:45:00,5601.111201227272,547.7975649363636,5030.875,4135001,HmiyD2TTLFNqkNe,29.92045486666667,41.76569859999999,0.4418567756666667,13,5,6,11.845243733333323
2020-05-31 14:00:00,10706.199675681819,1045.0734577863636,5258.571429,4135001,HmiyD2TTLFNqkNe,30.8515666,55.29098946666667,0.8758627453333333,14,5,6,24.43942286666667
2020-05-31 14:15:00,7986.086038954545,780.1821428545455,5475.0,4135001,HmiyD2TTLFNqkNe,31.1993794,54.79211026666666,0.5884872353333334,14,5,6,23.59273086666666
2020-05-31 14:30:00,2253.7605519090907,220.97240260454547,5557.5,4135001,HmiyD2TTLFNqkNe,30.053727133333336,40.58806333333334,0.155080448,14,5,6,10.534336200000002
2020-05-31 14:45:00,2773.120129909091,272.2255681818182,5627.0,4135001,HmiyD2TTLFNqkNe,29.1820414,35.28159566666666,0.1810435286666666,14,5,6,6.099554266666662
2020-05-31 15:00:00,2175.3887987272724,213.27418831818184,5683.25,4135001,HmiyD2TTLFNqkNe,27.56227564285714,31.202229142857146,0.1418597668571428,15,5,6,3.6399535000000043
2020-05-31 15:15:00,2045.982142818182,200.4911526,5725.0,4135001,HmiyD2TTLFNqkNe,27.4072612,30.092036933333333,0.1321317535333333,15,5,6,2.684775733333332
2020-05-31 15:30:00,3270.492694818182,321.3467532454545,5796.625,4135001,HmiyD2TTLFNqkNe,27.53361213333333,32.33926173333334,0.2161607053333333,15,5,6,4.805649600000006
2020-05-31 15:45:00,3054.7816558636364,300.0893668863636,5871.714286,4135001,HmiyD2TTLFNqkNe,27.73206186666667,33.554784733333335,0.205583812,15,5,6,5.822722866666666
2020-05-31 16:00:00,2996.7248377272726,294.30064934545453,5947.625,4135001,HmiyD2TTLFNqkNe,27.55705773333333,33.73647673333334,0.1990470293333333,16,5,6,6.17941900000001
2020-05-31 16:15:00,2143.9269480454545,210.19147728181818,6010.428571,4135001,HmiyD2TTLFNqkNe,27.7056072,32.5780582,0.1415173426666666,16,5,6,4.872451000000002
2020-05-31 16:30:00,1813.2110389545453,177.72784090454545,6058.125,4135001,HmiyD2TTLFNqkNe,27.8887166,31.477473866666667,0.1193123422666666,16,5,6,3.5887572666666685
2020-05-31 16:45:00,1811.1120130454547,177.52694805454544,6102.0,4135001,HmiyD2TTLFNqkNe,27.969102,31.016943466666667,0.1215033461999999,16,5,6,3.047841466666668
2020-05-31 17:00:00,1967.7719155454545,192.89594156363637,6148.0,4135001,HmiyD2TTLFNqkNe,28.140496428571428,31.05289985714285,0.1329208607142857,17,5,6,2.912403428571423
2020-05-31 17:15:00,1787.760551909091,175.22800324545454,6194.571429,4135001,HmiyD2TTLFNqkNe,28.146706,30.946114066666663,0.1223565883333333,17,5,6,2.7994080666666648
2020-05-31 17:30:00,1401.9983766363637,136.84431817727273,6236.0,4135001,HmiyD2TTLFNqkNe,27.9943766,30.289263866666666,0.0971044788,17,5,6,2.2948872666666666
2020-05-31 17:45:00,1045.1477272727273,101.57215908636364,6265.0,4135001,HmiyD2TTLFNqkNe,27.8205282,29.2812134,0.0713218832666666,17,5,6,1.4606852000000003
2020-05-31 18:00:00,669.26055195,64.845454545,6286.25,4135001,HmiyD2TTLFNqkNe,27.548073266666663,28.141593400000005,0.0467072187333333,18,5,6,0.5935201333333424
2020-05-31 18:15:00,263.1923701318182,25.42775974,6296.714286,4135001,HmiyD2TTLFNqkNe,27.190853066666666,26.823720333333338,0.0192099305333333,18,5,6,-0.3671327333333281
2020-05-31 18:30:00,23.638798701818185,2.2814935065454547,6300.0,4135001,HmiyD2TTLFNqkNe,26.81842646666667,25.489147866666663,0.0033529643513333,18,5,6,-1.3292786000000056
2020-05-31 18:45:00,0.0,0.0,6300.0,4135001,HmiyD2TTLFNqkNe,26.5084412,25.07378133333333,0.0,18,5,6,-1.4346598666666708
2020-05-31 19:00:00,0.0,0.0,6300.0,4135001,HmiyD2TTLFNqkNe,26.167299333333336,24.48174433333333,0.0,19,5,6,-1.6855550000000044
2020-05-31 19:15:00,0.0,0.0,6300.0,4135001,HmiyD2TTLFNqkNe,25.76065473333333,23.739868133333328,0.0,19,5,6,-2.020786600000001
2020-05-31 19:30:00,0.0,0.0,6300.0,4135001,HmiyD2TTLFNqkNe,25.512056642857143,23.417770357142853,0.0,19,5,6,-2.09428628571429
2020-05-31 19:45:00,0.0,0.0,6300.0,4135001,HmiyD2TTLFNqkNe,25.288885533333332,22.996480466666664,0.0,19,5,6,-2.2924050666666673
2020-05-31 20:00:00,0.0,0.0,6300.0,4135001,HmiyD2TTLFNqkNe,25.0992248,22.6188314,0.0,20,5,6,-2.480393399999997
2020-05-31 20:15:00,0.0,0.0,6300.0,4135001,HmiyD2TTLFNqkNe,24.926983600000003,22.3128926,0.0,20,5,6,-2.614091000000002
2020-05-31 20:30:00,0.0,0.0,6300.0,4135001,HmiyD2TTLFNqkNe,24.734248933333333,22.05540973333333,0.0,20,5,6,-2.6788392000000023
2020-05-31 20:45:00,0.0,0.0,6300.0,4135001,HmiyD2TTLFNqkNe,24.591292266666663,22.104187,0.0,20,5,6,-2.4871052666666635
2020-05-31 21:00:00,0.0,0.0,6300.0,4135001,HmiyD2TTLFNqkNe,24.463079733333327,22.180499199999996,0.0,21,5,6,-2.2825805333333307
2020-05-31 21:15:00,0.0,0.0,6300.0,4135001,HmiyD2TTLFNqkNe,24.313775733333333,22.179577666666667,0.0,21,5,6,-2.1341980666666664
2020-05-31 21:30:00,0.0,0.0,6300.0,4135001,HmiyD2TTLFNqkNe,24.13310953333333,22.0253376,0.0,21,5,6,-2.1077719333333285
2020-05-31 21:45:00,0.0,0.0,6300.0,4135001,HmiyD2TTLFNqkNe,24.018480500000003,21.83034421428572,0.0,21,5,6,-2.1881362857142825
2020-05-31 22:00:00,0.0,0.0,6300.0,4135001,HmiyD2TTLFNqkNe,23.910445066666668,21.8468058,0.0,22,5,6,-2.0636392666666694
2020-05-31 22:15:00,0.0,0.0,6300.0,4135001,HmiyD2TTLFNqkNe,23.797349066666666,21.6842774,0.0,22,5,6,-2.1130716666666665
2020-05-31 22:30:00,0.0,0.0,6300.0,4135001,HmiyD2TTLFNqkNe,23.674768066666665,21.37980553333333,0.0,22,5,6,-2.2949625333333366
2020-05-31 22:45:00,0.0,0.0,6300.0,4135001,HmiyD2TTLFNqkNe,23.670292,21.691070533333335,0.0,22,5,6,-1.9792214666666652
2020-05-31 23:00:00,0.0,0.0,6300.0,4135001,HmiyD2TTLFNqkNe,23.795434466666663,22.067777533333327,0.0,23,5,6,-1.7276569333333356
2020-05-31 23:15:00,0.0,0.0,6300.0,4135001,HmiyD2TTLFNqkNe,23.727901133333337,21.662972000000003,0.0,23,5,6,-2.064929133333333
2020-05-31 23:30:00,0.0,0.0,6300.0,4135001,HmiyD2TTLFNqkNe,23.497284,21.05140173333333,0.0,23,5,6,-2.445882266666672
2020-05-31 23:45:00,0.0,0.0,6300.0,4135001,HmiyD2TTLFNqkNe,23.244697866666662,20.774560466666667,0.0,23,5,6,-2.470137399999995
2020-06-01 00:00:00,0.0,0.0,1575.0,4135001,HmiyD2TTLFNqkNe,23.128673000000003,20.46430528571429,0.0,0,6,0,-2.6643677142857136
2020-06-01 00:15:00,0.0,0.0,0.0,4135001,HmiyD2TTLFNqkNe,23.032562266666663,20.341428533333332,0.0,0,6,0,-2.6911337333333307
2020-06-01 00:30:00,0.0,0.0,0.0,4135001,HmiyD2TTLFNqkNe,22.96749253333333,20.269492666666668,0.0,0,6,0,-2.697999866666663
2020-06-01 00:45:00,0.0,0.0,0.0,4135001,HmiyD2TTLFNqkNe,22.810593666666666,20.19891753333333,0.0,0,6,0,-2.6116761333333365
2020-06-01 01:00:00,0.0,0.0,0.0,4135001,HmiyD2TTLFNqkNe,22.611436000000005,20.08586626666667,0.0,1,6,0,-2.5255697333333345
2020-06-01 01:15:00,0.0,0.0,0.0,4135001,HmiyD2TTLFNqkNe,22.497412200000003,20.263627133333337,0.0,1,6,0,-2.233785066666666
2020-06-01 01:30:00,0.0,0.0,0.0,4135001,HmiyD2TTLFNqkNe,22.34894813333333,20.2015706,0.0,1,6,0,-2.14737753333333
2020-06-01 01:45:00,0.0,0.0,0.0,4135001,HmiyD2TTLFNqkNe,22.151637733333327,20.0454856,0.0,1,6,0,-2.106152133333328
2020-06-01 02:00:00,0.0,0.0,0.0,4135001,HmiyD2TTLFNqkNe,21.993119266666667,19.941202666666666,0.0,2,6,0,-2.051916600000002
2020-06-01 02:15:00,0.0,0.0,0.0,4135001,HmiyD2TTLFNqkNe,21.974261533333333,20.0685444,0.0,2,6,0,-1.905717133333333
2020-06-01 02:30:00,0.0,0.0,0.0,4135001,HmiyD2TTLFNqkNe,21.967161,20.039766642857145,0.0,2,6,0,-1.9273943571428553
2020-06-01 02:45:00,0.0,0.0,0.0,4135001,HmiyD2TTLFNqkNe,21.9381226,20.0180746,0.0,2,6,0,-1.9200480000000013
2020-06-01 03:00:00,0.0,0.0,0.0,4135001,HmiyD2TTLFNqkNe,21.76579393333333,19.6118978,0.0,3,6,0,-2.1538961333333297
2020-06-01 03:15:00,0.0,0.0,0.0,4135001,HmiyD2TTLFNqkNe,21.644565866666667,19.6476928,0.0,3,6,0,-1.9968730666666659
2020-06-01 03:30:00,0.0,0.0,0.0,4135001,HmiyD2TTLFNqkNe,21.570589266666666,19.549098533333336,0.0,3,6,0,-2.02149073333333
2020-06-01 03:45:00,0.0,0.0,0.0,4135001,HmiyD2TTLFNqkNe,21.468520066666667,19.54833973333333,0.0,3,6,0,-1.920180333333338
2020-06-01 04:00:00,0.0,0.0,0.0,4135001,HmiyD2TTLFNqkNe,21.497992,19.928173933333333,0.0,4,6,0,-1.5698180666666666
2020-06-01 04:15:00,0.0,0.0,0.0,4135001,HmiyD2TTLFNqkNe,21.513077666666668,19.81860353333333,0.0,4,6,0,-1.6944741333333369
2020-06-01 04:30:00,0.0,0.0,0.0,4135001,HmiyD2TTLFNqkNe,21.489196866666664,19.8354494,0.0,4,6,0,-1.6537474666666618
2020-06-01 04:45:00,0.0,0.0,0.0,4135001,HmiyD2TTLFNqkNe,21.301675,19.444033214285717,0.0,4,6,0,-1.8576417857142822
2020-06-01 05:00:00,0.0,0.0,0.0,4135001,HmiyD2TTLFNqkNe,21.234995533333333,19.2844768,0.0,5,6,0,-1.9505187333333325
2020-06-01 05:15:00,0.0,0.0,0.0,4135001,HmiyD2TTLFNqkNe,21.34605493333333,19.5410582,0.0,5,6,0,-1.8049967333333328
2020-06-01 05:30:00,0.0,0.0,0.0,4135001,HmiyD2TTLFNqkNe,21.313677933333334,19.632078133333334,0.0,5,6,0,-1.6815998000000008
2020-06-01 05:45:00,0.0,0.0,0.0,4135001,HmiyD2TTLFNqkNe,21.171103933333328,19.48152053333333,0.0001461652226,5,6,0,-1.6895833999999965
2020-06-01 06:00:00,77.73376623409091,7.499107142818182,0.75,4135001,HmiyD2TTLFNqkNe,21.2783936,19.96554366666667,0.0083067844,6,6,0,-1.3128499333333323
2020-06-01 06:15:00,450.1777597363636,43.54261363636363,7.375,4135001,HmiyD2TTLFNqkNe,21.563067533333328,20.756795266666668,0.0331196089333333,6,6,0,-0.8062722666666602
2020-06-01 06:30:00,959.9277597409091,93.23206168818182,24.28571429,4135001,HmiyD2TTLFNqkNe,21.887721666666664,21.544547666666663,0.0685966837333333,6,6,0,-0.3431740000000012
2020-06-01 06:45:00,1549.1282467727274,151.37394480909091,55.42857143,4135001,HmiyD2TTLFNqkNe,22.247434428571427,22.354954428571432,0.1091689054285714,6,6,0,0.1075200000000045
2020-06-01 07:00:00,2110.844155818182,206.9409090909091,104.875,4135001,HmiyD2TTLFNqkNe,22.773608333333332,23.338553800000003,0.1611515566666666,7,6,0,0.5649454666666713
2020-06-01 07:15:00,3108.3019480909093,305.29350649545455,173.0,4135001,HmiyD2TTLFNqkNe,23.262593733333336,24.914294266666666,0.2420570666666666,7,6,0,1.6517005333333294
2020-06-01 07:30:00,4193.088474045455,411.84058441818183,273.5,4135001,HmiyD2TTLFNqkNe,23.855379333333328,28.475939999999994,0.3281197973333333,7,6,0,4.620560666666666
2020-06-01 07:45:00,4934.3969155,483.85868505,396.8571429,4135001,HmiyD2TTLFNqkNe,24.361610933333335,32.225032666666664,0.3831310706666666,7,6,0,7.863421733333329
2020-06-01 08:00:00,6149.2069805,602.4824675318182,543.25,4135001,HmiyD2TTLFNqkNe,24.854911266666665,35.20188793333334,0.4699400059999999,8,6,0,10.346976666666674
2020-06-01 08:15:00,5751.237824727273,563.693506490909,694.2857143,4135001,HmiyD2TTLFNqkNe,25.21634506666667,37.05501713333334,0.4473209473333333,8,6,0,11.838672066666668
2020-06-01 08:30:00,5768.898538954545,565.4640422181818,853.75,4135001,HmiyD2TTLFNqkNe,25.806608266666668,40.64385373333334,0.4222147773333333,8,6,0,14.837245466666669
2020-06-01 08:45:00,6731.666396090909,659.2913149363636,1006.714286,4135001,HmiyD2TTLFNqkNe,26.156099266666665,40.93814893333334,0.507318458,8,6,0,14.782049666666673
2020-06-01 09:00:00,6999.4439935,685.413311690909,1208.5,4135001,HmiyD2TTLFNqkNe,26.705200071428568,45.106050571428575,0.5360867057142857,9,6,0,18.400850500000008
2020-06-01 09:15:00,5908.603896045454,579.0625000045455,1370.428571,4135001,HmiyD2TTLFNqkNe,26.58655813333333,42.300410866666674,0.4202787366666667,9,6,0,15.713852733333344
2020-06-01 09:30:00,6190.279220772727,606.4823051909091,1533.0,4135001,HmiyD2TTLFNqkNe,26.98462526666667,43.369055266666656,0.4341309313333333,9,6,0,16.384429999999988
2020-06-01 09:45:00,7360.86444809091,720.2883928590909,1696.285714,4135001,HmiyD2TTLFNqkNe,27.534234666666663,43.0649942,0.5377770619999998,9,6,0,15.530759533333338
2020-06-01 10:00:00,7754.196428590909,758.7168831136364,1932.5,4135001,HmiyD2TTLFNqkNe,27.853426133333333,49.001849333333325,0.5835384213333334,10,6,0,21.148423199999993
2020-06-01 10:15:00,8766.703733818182,857.1848214272727,2140.142857,4135001,HmiyD2TTLFNqkNe,28.367919866666668,49.108597866666656,0.7230391853333333,10,6,0,20.74067799999999
2020-06-01 10:30:00,11780.515421363636,1149.5712661772727,2388.571429,4135001,HmiyD2TTLFNqkNe,29.10705953333333,54.622047866666655,0.92426021,10,6,0,25.514988333333324
2020-06-01 10:45:00,11589.025974545455,1130.6857142727274,2648.125,4135001,HmiyD2TTLFNqkNe,29.4410646,56.354778933333336,0.931341062,10,6,0,26.913714333333335
2020-06-01 11:00:00,10680.416396681818,1042.7365258863638,2957.142857,4135001,HmiyD2TTLFNqkNe,29.58492026666667,58.597363133333324,1.016641412,11,6,0,29.012442866666653
2020-06-01 11:15:00,10135.296266818183,989.4493506363636,3253.875,4135001,HmiyD2TTLFNqkNe,29.76473564285714,55.351970142857134,0.4945148071428571,11,6,0,25.587234499999994
2020-06-01 11:30:00,12298.840096772728,1199.7187499409092,3582.571429,4135001,HmiyD2TTLFNqkNe,29.817582266666665,54.12078233333333,1.0894755359999997,11,6,0,24.303200066666665
2020-06-01 11:45:00,5647.330357181819,553.287256490909,3813.125,4135001,HmiyD2TTLFNqkNe,29.742185466666665,52.615881266666655,0.3712747633333333,11,6,0,22.87369579999999
2020-06-01 12:00:00,5263.176136363636,515.9566558454545,3932.428571,4135001,HmiyD2TTLFNqkNe,28.940915933333333,42.71684573333333,0.3569624046666666,12,6,0,13.775929799999997
2020-06-01 12:15:00,6901.383116818181,675.5885552,4081.25,4135001,HmiyD2TTLFNqkNe,29.6550456,49.0828572,0.6197431146666665,12,6,0,19.4278116
2020-06-01 12:30:00,7485.944805181818,732.5229707818181,4257.285714,4135001,HmiyD2TTLFNqkNe,29.979579800000003,49.852822,0.580272074,12,6,0,19.8732422
2020-06-01 12:45:00,4010.2150974545452,393.8826298636364,4382.875,4135001,HmiyD2TTLFNqkNe,29.42465813333333,43.14005753333333,0.2833920893333333,12,6,0,13.715399399999995
2020-06-01 13:00:00,6850.942370181819,670.3885551954546,4496.0,4135001,HmiyD2TTLFNqkNe,28.995208666666663,39.9702698,0.4579382833333333,13,6,0,10.975061133333334
2020-06-01 13:15:00,9391.942370227272,917.6799513272728,4736.625,4135001,HmiyD2TTLFNqkNe,29.632245714285716,50.96551314285714,0.7342295764285713,13,6,0,21.333267428571425
2020-06-01 13:30:00,9751.959415227273,952.6248377,4954.857143,4135001,HmiyD2TTLFNqkNe,27.7970438,36.62138300000001,0.6673560326666667,13,6,0,8.824339200000008
2020-06-01 13:45:00,6484.4560605,635.0295454545454,5165.166667,4135001,HmiyD2TTLFNqkNe,28.47627846153846,42.37028861538461,0.480327483076923,13,6,0,13.89401015384615
2020-06-01 14:00:00,2848.954545590909,279.0493506454546,5295.571429,4135001,HmiyD2TTLFNqkNe,28.7127584,40.05736913333333,0.1937693263333333,14,6,0,11.344610733333333
2020-06-01 14:15:00,3331.0170454545455,326.55056818181816,5352.5,4135001,HmiyD2TTLFNqkNe,26.093007466666663,26.907125,0.2159930109999999,14,6,0,0.8141175333333379
2020-06-01 14:30:00,5009.006493454545,491.13636363181814,5484.714286,4135001,HmiyD2TTLFNqkNe,26.54801433333333,32.771891,0.3338253060000001,14,6,0,6.223876666666666
2020-06-01 14:45:00,2989.1022727272725,293.5460227272727,5585.375,4135001,HmiyD2TTLFNqkNe,26.772544533333328,32.65239666666667,0.197582556,14,6,0,5.8798521333333404
2020-06-01 15:00:00,2896.7467532272726,284.3077922045455,5665.0,4135001,HmiyD2TTLFNqkNe,26.8806398,31.682238933333327,0.1836250126666666,15,6,0,4.801599133333326
2020-06-01 15:15:00,1993.9943181818182,195.46818181818182,5727.0,4135001,HmiyD2TTLFNqkNe,26.798168933333333,30.744077466666667,0.1274455812,15,6,0,3.945908533333334
2020-06-01 15:30:00,1760.038960909091,172.47272726363636,5775.428571,4135001,HmiyD2TTLFNqkNe,26.589176466666665,29.4781636,0.1128437932,15,6,0,2.888987133333334
2020-06-01 15:45:00,1448.5,141.13125,5816.25,4135001,HmiyD2TTLFNqkNe,26.5301995,28.573238,0.0940941717857142,15,6,0,2.0430385000000015
2020-06-01 16:00:00,1682.8831169999999,164.68051948181818,5853.571429,4135001,HmiyD2TTLFNqkNe,26.572758,28.462253866666668,0.1077558996666666,16,6,0,1.8894958666666675
2020-06-01 16:15:00,1950.6477272727273,191.21079545454543,5901.625,4135001,HmiyD2TTLFNqkNe,26.67944946666666,29.282659866666663,0.1279617990666666,16,6,0,2.603210400000002
2020-06-01 16:30:00,1738.0584416363636,170.3500000090909,5948.857143,4135001,HmiyD2TTLFNqkNe,26.8031698,29.5815856,0.1144654460666666,16,6,0,2.778415800000001
2020-06-01 16:45:00,1613.2800324090908,157.9576298681818,5991.75,4135001,HmiyD2TTLFNqkNe,26.71589153333333,29.159596866666664,0.1060586724666666,16,6,0,2.443705333333334
2020-06-01 17:00:00,1316.995941590909,128.1497565,6029.571429,4135001,HmiyD2TTLFNqkNe,26.14214893333333,28.067810066666667,0.0866831524666666,17,6,0,1.9256611333333353
2020-06-01 17:15:00,979.2167207636364,95.13344155863636,6059.25,4135001,HmiyD2TTLFNqkNe,25.8629782,26.99750153333333,0.0639746532,17,6,0,1.1345233333333304
2020-06-01 17:30:00,691.0397727227272,66.94788961,6080.857143,4135001,HmiyD2TTLFNqkNe,25.6956218,26.355127000000003,0.0458670224666666,17,6,0,0.6595052000000017
2020-06-01 17:45:00,698.41314935,67.66599025954545,6097.75,4135001,HmiyD2TTLFNqkNe,25.624135333333328,25.999684533333333,0.0509346373333333,17,6,0,0.37554920000000536
2020-06-01 18:00:00,548.71185065,53.09318181772728,6113.571429,4135001,HmiyD2TTLFNqkNe,25.591053357142854,25.627179785714283,0.0397878830714285,18,6,0,0.03612642857142845
2020-06-01 18:15:00,268.8636363590909,25.974675325454545,6123.0,4135001,HmiyD2TTLFNqkNe,25.387085133333333,24.88775633333333,0.0204065283666666,18,6,0,-0.49932880000000424
2020-06-01 18:30:00,22.65909090909091,2.1857954545454543,6126.75,4135001,HmiyD2TTLFNqkNe,25.1545614,23.882541866666667,0.0029981865438,18,6,0,-1.2720195333333315
2020-06-01 18:45:00,0.0,0.0,6127.0,4135001,HmiyD2TTLFNqkNe,24.999057866666668,23.405692466666665,0.0,18,6,0,-1.5933654000000033
2020-06-01 19:00:00,0.0,0.0,6127.0,4135001,HmiyD2TTLFNqkNe,24.846169133333333,23.101715066666667,0.0,19,6,0,-1.7444540666666661
2020-06-01 19:15:00,0.0,0.0,6127.0,4135001,HmiyD2TTLFNqkNe,24.608805333333333,22.68060506666667,0.0,19,6,0,-1.9282002666666642
2020-06-01 19:30:00,0.0,0.0,6127.0,4135001,HmiyD2TTLFNqkNe,24.410335333333336,22.3832622,0.0,19,6,0,-2.027073133333335
2020-06-01 19:45:00,0.0,0.0,6127.0,4135001,HmiyD2TTLFNqkNe,24.1902162,22.21749673333333,0.0,19,6,0,-1.9727194666666676
2020-06-01 20:00:00,0.0,0.0,6127.0,4135001,HmiyD2TTLFNqkNe,23.947261533333336,21.9522502,0.0,20,6,0,-1.9950113333333341
2020-06-01 20:15:00,0.0,0.0,6127.0,4135001,HmiyD2TTLFNqkNe,23.938940785714287,21.795329428571428,0.0,20,6,0,-2.143611357142859
2020-06-01 20:30:00,0.0,0.0,6127.0,4135001,HmiyD2TTLFNqkNe,23.8475444,21.392598400000004,0.0,20,6,0,-2.454945999999996
2020-06-01 20:45:00,0.0,0.0,6127.0,4135001,HmiyD2TTLFNqkNe,23.6931112,21.093284000000004,0.0,20,6,0,-2.5998271999999965
2020-06-01 21:00:00,0.0,0.0,6127.0,4135001,HmiyD2TTLFNqkNe,23.645367466666663,21.15811773333333,0.0,21,6,0,-2.487249733333332
2020-06-01 21:15:00,0.0,0.0,6127.0,4135001,HmiyD2TTLFNqkNe,23.468129466666667,20.998059,0.0,21,6,0,-2.470070466666666
2020-06-01 21:30:00,0.0,0.0,6127.0,4135001,HmiyD2TTLFNqkNe,23.392171266666665,21.06486206666667,0.0,21,6,0,-2.327309199999995
2020-06-01 21:45:00,0.0,0.0,6127.0,4135001,HmiyD2TTLFNqkNe,23.3535358,20.933164466666664,0.0,21,6,0,-2.4203713333333354
2020-06-01 22:00:00,0.0,0.0,6127.0,4135001,HmiyD2TTLFNqkNe,23.199686666666665,20.57610073333333,0.0,22,6,0,-2.6235859333333345
2020-06-01 22:15:00,0.0,0.0,6127.0,4135001,HmiyD2TTLFNqkNe,23.0557068,20.388511133333328,0.0,22,6,0,-2.6671956666666716
2020-06-01 22:30:00,0.0,0.0,6127.0,4135001,HmiyD2TTLFNqkNe,22.929178933333333,20.3185078,0.0,22,6,0,-2.6106711333333337
2020-06-01 22:45:00,0.0,0.0,6127.0,4135001,HmiyD2TTLFNqkNe,22.69777992857143,20.19735485714285,0.0,22,6,0,-2.5004250714285767
2020-06-01 23:00:00,0.0,0.0,6127.0,4135001,HmiyD2TTLFNqkNe,22.48435466666667,20.19821986666667,0.0,23,6,0,-2.2861347999999992
2020-06-01 23:15:00,0.0,0.0,6127.0,4135001,HmiyD2TTLFNqkNe,22.33361413333333,20.1576844,0.0,23,6,0,-2.17592973333333
2020-06-01 23:30:00,0.0,0.0,6127.0,4135001,HmiyD2TTLFNqkNe,22.1236104,20.050547466666668,0.0,23,6,0,-2.0730629333333326
2020-06-01 23:45:00,0.0,0.0,6127.0,4135001,HmiyD2TTLFNqkNe,22.122522,20.021327733333333,0.0,23,6,0,-2.101194266666667
2020-06-02 00:00:00,0.0,0.0,847.2857143,4135001,HmiyD2TTLFNqkNe,22.54657193333333,20.3145366,0.0,0,6,1,-2.2320353333333287
2020-06-02 00:15:00,0.0,0.0,0.0,4135001,HmiyD2TTLFNqkNe,22.673152733333332,20.379530866666663,0.0,0,6,1,-2.293621866666669
2020-06-02 00:30:00,0.0,0.0,0.0,4135001,HmiyD2TTLFNqkNe,22.564072666666664,20.113968933333336,0.0,0,6,1,-2.4501037333333286
2020-06-02 00:45:00,0.0,0.0,0.0,4135001,HmiyD2TTLFNqkNe,22.329016133333333,20.000305133333327,0.0,0,6,1,-2.3287110000000055
2020-06-02 01:00:00,0.0,0.0,0.0,4135001,HmiyD2TTLFNqkNe,22.119201642857146,20.14195692857143,0.0,1,6,1,-1.977244714285714
2020-06-02 01:15:00,0.0,0.0,0.0,4135001,HmiyD2TTLFNqkNe,21.952612266666662,20.08414726666667,0.0,1,6,1,-1.8684649999999934
2020-06-02 01:30:00,0.0,0.0,0.0,4135001,HmiyD2TTLFNqkNe,21.824880066666665,19.989398066666663,0.0,1,6,1,-1.8354820000000025
2020-06-02 01:45:00,0.0,0.0,0.0,4135001,HmiyD2TTLFNqkNe,21.7592834,19.943420266666667,0.0,1,6,1,-1.815863133333334
2020-06-02 02:00:00,0.0,0.0,0.0,4135001,HmiyD2TTLFNqkNe,21.683178800000004,19.743534333333333,0.0,2,6,1,-1.939644466666671
2020-06-02 02:15:00,0.0,0.0,0.0,4135001,HmiyD2TTLFNqkNe,21.65743613333333,19.616025800000003,0.0,2,6,1,-2.041410333333328
2020-06-02 02:30:00,0.0,0.0,0.0,4135001,HmiyD2TTLFNqkNe,21.54586786666667,19.50660173333333,0.0,2,6,1,-2.0392661333333386
2020-06-02 02:45:00,0.0,0.0,0.0,4135001,HmiyD2TTLFNqkNe,21.469700066666668,19.74697253333333,0.0,2,6,1,-1.7227275333333374
2020-06-02 03:00:00,0.0,0.0,0.0,4135001,HmiyD2TTLFNqkNe,21.4014854,19.5980612,0.0,3,6,1,-1.8034241999999985
2020-06-02 03:15:00,0.0,0.0,0.0,4135001,HmiyD2TTLFNqkNe,21.200297,19.403820666666665,0.0,3,6,1,-1.7964763333333345
2020-06-02 03:30:00,0.0,0.0,0.0,4135001,HmiyD2TTLFNqkNe,21.25917921428572,19.736718428571425,0.0,3,6,1,-1.5224607857142942
2020-06-02 03:45:00,0.0,0.0,0.0,4135001,HmiyD2TTLFNqkNe,21.363769533333336,19.8283386,0.0,3,6,1,-1.5354309333333376
2020-06-02 04:00:00,0.0,0.0,0.0,4135001,HmiyD2TTLFNqkNe,21.408616066666664,19.79703366666667,0.0,4,6,1,-1.6115823999999925
2020-06-02 04:15:00,0.0,0.0,0.0,4135001,HmiyD2TTLFNqkNe,21.423315266666663,19.733837800000003,0.0,4,6,1,-1.6894774666666592
2020-06-02 04:30:00,0.0,0.0,0.0,4135001,HmiyD2TTLFNqkNe,21.5165366,20.011324,0.0,4,6,1,-1.5052126000000001
2020-06-02 04:45:00,0.0,0.0,0.0,4135001,HmiyD2TTLFNqkNe,21.640098066666663,20.305562266666666,0.0,4,6,1,-1.3345357999999976
2020-06-02 05:00:00,0.0,0.0,0.0,4135001,HmiyD2TTLFNqkNe,21.7093078,20.37031453333333,0.0,5,6,1,-1.3389932666666695
2020-06-02 05:15:00,0.0,0.0,0.0,4135001,HmiyD2TTLFNqkNe,21.725348,20.16880693333333,0.0,5,6,1,-1.5565410666666715
2020-06-02 05:30:00,0.0,0.0,0.0,4135001,HmiyD2TTLFNqkNe,21.639232142857143,20.188685785714288,0.0,5,6,1,-1.450546357142855
2020-06-02 05:45:00,0.0,0.0,0.0,4135001,HmiyD2TTLFNqkNe,21.658839866666664,19.984273200000004,7.79209073e-05,5,6,1,-1.67456666666666
2020-06-02 06:00:00,77.25649350636364,7.454383117,0.75,4135001,HmiyD2TTLFNqkNe,21.586885533333334,20.010978066666667,0.0079012560333333,6,6,1,-1.575907466666667
2020-06-02 06:15:00,401.44805195000004,38.81087662409091,6.5,4135001,HmiyD2TTLFNqkNe,21.792812133333328,21.38340246666667,0.0291271211333333,6,6,1,-0.409409666666658
2020-06-02 06:30:00,484.2264610409091,46.82727272727273,18.625,4135001,HmiyD2TTLFNqkNe,22.081197066666665,22.1293234,0.0350118484,6,6,1,0.048126333333335936
2020-06-02 06:45:00,808.2654220772728,78.4181006490909,34.0,4135001,HmiyD2TTLFNqkNe,22.335227666666665,22.75865906666667,0.0563297377333333,6,6,1,0.42343140000000545
2020-06-02 07:00:00,1683.9748376363639,164.76209415454545,65.5,4135001,HmiyD2TTLFNqkNe,22.607889933333336,23.6078104,0.117114942,7,6,1,0.9999204666666657
2020-06-02 07:15:00,1741.7719156363637,170.44862012727273,110.8571429,4135001,HmiyD2TTLFNqkNe,23.023956333333334,24.594645266666667,0.1162776123333333,7,6,1,1.570688933333333
2020-06-02 07:30:00,2095.783279181818,205.46436689090908,158.0,4135001,HmiyD2TTLFNqkNe,23.249164,25.248394733333328,0.141257299,7,6,1,1.9992307333333272
2020-06-02 07:45:00,2357.4050324545456,231.15373376363638,213.4285714,4135001,HmiyD2TTLFNqkNe,23.54752671428572,27.405646214285717,0.1599368057142857,7,6,1,3.8581194999999973
2020-06-02 08:00:00,4197.6038961818185,411.96623376818184,297.0,4135001,HmiyD2TTLFNqkNe,24.027254133333333,30.348887333333334,0.278052918,8,6,1,6.321633200000001
2020-06-02 08:15:00,8250.612013,807.4322240227273,484.0,4135001,HmiyD2TTLFNqkNe,24.937853933333333,40.45452453333333,0.6295824313333332,8,6,1,15.516670599999994
2020-06-02 08:30:00,8220.189123363636,804.4074675363637,691.8571429,4135001,HmiyD2TTLFNqkNe,25.4514526,47.501263533333336,0.6403686593333334,8,6,1,22.049810933333337
2020-06-02 08:45:00,7380.347402590909,722.5280032454546,910.75,4135001,HmiyD2TTLFNqkNe,26.107157266666665,45.982417866666665,0.546798932,8,6,1,19.8752606
2020-06-02 09:00:00,6592.867694772727,645.7396103818181,1078.857143,4135001,HmiyD2TTLFNqkNe,26.1504356,43.0666302,0.4845541833333333,9,6,1,16.916194599999997
2020-06-02 09:15:00,8944.862013272726,874.7055194772728,1281.571429,4135001,HmiyD2TTLFNqkNe,26.43365886666667,45.66096399999999,0.6400822713333334,9,6,1,19.227305133333324
2020-06-02 09:30:00,9529.09334459091,930.9451298909091,1493.625,4135001,HmiyD2TTLFNqkNe,26.793420266666665,47.4213378,0.717151316,9,6,1,20.62791753333334
2020-06-02 09:45:00,9893.00324659091,967.0334415545454,1737.571429,4135001,HmiyD2TTLFNqkNe,27.397644133333333,51.1395304,0.7472785953333334,9,6,1,23.741886266666665
2020-06-02 10:00:00,9450.1444805,924.2497564954546,1982.625,4135001,HmiyD2TTLFNqkNe,27.539448499999995,50.47200221428572,0.7029814421428571,10,6,1,22.932553714285728
2020-06-02 10:15:00,7051.247564954546,690.4161525999999,2200.857143,4135001,HmiyD2TTLFNqkNe,27.562856066666672,46.39747086666667,0.5029802726666666,10,6,1,18.8346148
2020-06-02 10:30:00,6958.864448045454,681.4155844136363,2364.125,4135001,HmiyD2TTLFNqkNe,27.00929553333333,40.641495866666666,0.4806645453333333,10,6,1,13.632200333333337
2020-06-02 10:45:00,9248.870941545454,904.5043831136364,2568.428571,4135001,HmiyD2TTLFNqkNe,27.363865266666664,43.500976533333336,0.6438703946666667,10,6,1,16.137111266666672
2020-06-02 11:00:00,9271.071428636364,906.5189935045455,2800.875,4135001,HmiyD2TTLFNqkNe,27.677307066666668,46.2067344,0.67195934,11,6,1,18.529427333333334
2020-06-02 11:15:00,6935.744318136363,679.1791396181818,3004.571429,4135001,HmiyD2TTLFNqkNe,27.63629753333333,44.50241260000001,0.483302472,11,6,1,16.866115066666676
2020-06-02 11:30:00,6378.015422045454,624.8222402545454,3157.75,4135001,HmiyD2TTLFNqkNe,27.51463213333333,40.48357553333333,0.4341641846666666,11,6,1,12.9689434
2020-06-02 11:45:00,6160.953733818183,603.6383116909091,3319.714286,4135001,HmiyD2TTLFNqkNe,27.42642006666667,39.88621046666666,0.416091588,11,6,1,12.459790399999992
2020-06-02 12:00:00,8235.429383136363,805.9597402636363,3493.5,4135001,HmiyD2TTLFNqkNe,27.46658328571429,40.11592957142858,0.5638615457142857,12,6,1,12.64934628571429
2020-06-02 12:15:00,9601.240259727272,938.7162337545454,3729.0,4135001,HmiyD2TTLFNqkNe,28.011470400000004,45.227401,0.6928162013333334,12,6,1,17.215930599999997
2020-06-02 12:30:00,8981.991071454546,878.137256490909,3953.0,4135001,HmiyD2TTLFNqkNe,27.616939333333335,44.15874253333334,0.6629108933333333,12,6,1,16.541803200000004
2020-06-02 12:45:00,10915.19886409091,1066.0607953636363,4224.571429,4135001,HmiyD2TTLFNqkNe,27.777927533333337,47.3377034,0.7908823293333332,12,6,1,19.559775866666666
2020-06-02 13:00:00,12406.861201363638,1210.1176948181817,4517.5,4135001,HmiyD2TTLFNqkNe,27.964561,48.2827824,0.8852643266666665,13,6,1,20.318221400000002
2020-06-02 13:15:00,12023.685065,1173.2405032272727,4806.857143,4135001,HmiyD2TTLFNqkNe,27.962351466666668,49.06862826666667,0.8743407746666668,13,6,1,21.106276800000003
2020-06-02 13:30:00,10136.956980909092,990.6086850772728,5065.0,4135001,HmiyD2TTLFNqkNe,27.636714733333328,45.63386426666667,0.7079364073333333,13,6,1,17.997149533333342
2020-06-02 13:45:00,12722.149349545454,1241.068668909091,5344.375,4135001,HmiyD2TTLFNqkNe,27.7742168,49.33662146666668,0.9342755213333332,13,6,1,21.562404666666676
2020-06-02 14:00:00,6720.1022728181815,658.2113636318181,5582.857143,4135001,HmiyD2TTLFNqkNe,27.262479733333336,43.4918152,0.4637642506666667,14,6,1,16.22933546666666
2020-06-02 14:15:00,7280.6063312727265,712.9020292181818,5755.875,4135001,HmiyD2TTLFNqkNe,26.947897642857143,39.81178307142858,0.5004139214285713,14,6,1,12.863885428571436
2020-06-02 14:30:00,8924.133116863637,872.1118506545455,5938.142857,4135001,HmiyD2TTLFNqkNe,26.913202066666663,39.42475606666666,0.642086792,14,6,1,12.511553999999997
2020-06-02 14:45:00,8927.763798636362,872.5332792181817,6206.875,4135001,HmiyD2TTLFNqkNe,27.6148946,45.10698460000001,0.6382544986666667,14,6,1,17.49209000000001
2020-06-02 15:00:00,6645.4074675,650.7240259772727,6409.142857,4135001,HmiyD2TTLFNqkNe,27.04379893333333,40.5363764,0.4526467746666667,15,6,1,13.49257746666667
2020-06-02 15:15:00,5393.410714318182,528.6554383090909,6553.0,4135001,HmiyD2TTLFNqkNe,26.5449136,36.56665873333333,0.3633331566666667,15,6,1,10.021745133333326
2020-06-02 15:30:00,5968.706980545455,584.8559253227272,6695.428571,4135001,HmiyD2TTLFNqkNe,26.279598133333334,36.349589,0.4026979686666666,15,6,1,10.069990866666668
2020-06-02 15:45:00,6517.413960999999,638.25949675,6851.375,4135001,HmiyD2TTLFNqkNe,26.519590333333333,37.54320873333334,0.4304919446666666,15,6,1,11.023618400000004
2020-06-02 16:00:00,6865.96996759091,672.3296266227272,7042.142857,4135001,HmiyD2TTLFNqkNe,26.6184204,38.264609666666665,0.4788621826666666,16,6,1,11.646189266666664
2020-06-02 16:15:00,4967.3125,487.24951298636364,7196.25,4135001,HmiyD2TTLFNqkNe,26.8432725,37.85230385714286,0.331931245,16,6,1,11.009031357142856
2020-06-02 16:30:00,4552.301136318182,446.7439935,7302.571429,4135001,HmiyD2TTLFNqkNe,26.13088566666667,34.19353846666667,0.3038333933333333,16,6,1,8.062652800000002
2020-06-02 16:45:00,3108.8222402272727,305.15300325000004,7406.125,4135001,HmiyD2TTLFNqkNe,25.7980978,31.919557666666662,0.21379486,16,6,1,6.121459866666662
2020-06-02 17:00:00,2787.591720727273,273.5793831227273,7479.857143,4135001,HmiyD2TTLFNqkNe,25.5590068,29.73031406666666,0.1890867986666666,17,6,1,4.171307266666663
2020-06-02 17:15:00,1542.9967532272726,150.76185065,7533.25,4135001,HmiyD2TTLFNqkNe,25.315805933333333,28.12346393333333,0.1091103762666666,17,6,1,2.8076579999999964
2020-06-02 17:30:00,931.6396103954546,90.47045454545454,7563.285714,4135001,HmiyD2TTLFNqkNe,25.183624333333327,26.1870504,0.0669730784,17,6,1,1.0034260666666732
2020-06-02 17:45:00,601.507305190909,58.229707792727275,7580.714286,4135001,HmiyD2TTLFNqkNe,25.066615933333328,25.4084758,0.0453966223333333,17,6,1,0.3418598666666739
2020-06-02 18:00:00,343.1512445909091,33.162635281363634,7592.5,4135001,HmiyD2TTLFNqkNe,24.707338533333328,24.479459666666667,0.0277481900666666,18,6,1,-0.22787886666666068
2020-06-02 18:15:00,297.9897959142857,28.78125,7601.285714,4135001,HmiyD2TTLFNqkNe,24.5652384,23.850461733333333,0.0213697816666666,18,6,1,-0.7147766666666655
2020-06-02 18:30:00,63.40306122428571,6.111989795785715,7606.375,4135001,HmiyD2TTLFNqkNe,24.523747071428573,23.540012857142862,0.0064823013785714,18,6,1,-0.9837342142857111
2020-06-02 18:45:00,0.0,0.0,7607.0,4135001,HmiyD2TTLFNqkNe,24.480450466666667,23.12403173333333,0.0001651499813333,18,6,1,-1.3564187333333386
2020-06-02 19:00:00,0.0,0.0,7607.0,4135001,HmiyD2TTLFNqkNe,24.41660966666667,22.7959472,0.0,19,6,1,-1.6206624666666691
2020-06-02 19:15:00,0.0,0.0,7607.0,4135001,HmiyD2TTLFNqkNe,24.300563533333328,22.399615600000004,0.0,19,6,1,-1.900947933333324
2020-06-02 19:30:00,0.0,0.0,7607.0,4135001,HmiyD2TTLFNqkNe,24.10461833333333,21.834912200000005,0.0,19,6,1,-2.269706133333326
2020-06-02 19:45:00,0.0,0.0,7607.0,4135001,HmiyD2TTLFNqkNe,24.030802466666668,21.673779266666664,0.0,19,6,1,-2.357023200000004
2020-06-02 20:00:00,0.0,0.0,7607.0,4135001,HmiyD2TTLFNqkNe,23.870035866666665,21.517218066666665,0.0,20,6,1,-2.3528178000000004
2020-06-02 20:15:00,0.0,0.0,7607.0,4135001,HmiyD2TTLFNqkNe,23.69544473333333,21.070044,0.0,20,6,1,-2.625400733333329
2020-06-02 20:30:00,0.0,0.0,7607.0,4135001,HmiyD2TTLFNqkNe,23.532930466666656,20.721944066666666,0.0,20,6,1,-2.8109863999999902
2020-06-02 20:45:00,0.0,0.0,7607.0,4135001,HmiyD2TTLFNqkNe,23.400419,20.67472835714285,0.0,20,6,1,-2.725690642857149
2020-06-02 21:00:00,0.0,0.0,7607.0,4135001,HmiyD2TTLFNqkNe,23.181156533333333,20.4064982,0.0,21,6,1,-2.7746583333333312
2020-06-02 21:15:00,0.0,0.0,7607.0,4135001,HmiyD2TTLFNqkNe,23.0872802,20.397253666666668,0.0,21,6,1,-2.690026533333331
2020-06-02 21:30:00,0.0,0.0,7607.0,4135001,HmiyD2TTLFNqkNe,23.0178122,20.391391933333328,0.0,21,6,1,-2.626420266666674
2020-06-02 21:45:00,0.0,0.0,7607.0,4135001,HmiyD2TTLFNqkNe,23.030607066666665,20.322650133333333,0.0,21,6,1,-2.7079569333333318
2020-06-02 22:00:00,0.0,0.0,7607.0,4135001,HmiyD2TTLFNqkNe,23.1034912,20.658549266666665,0.0,22,6,1,-2.444941933333336
2020-06-02 22:15:00,0.0,0.0,7607.0,4135001,HmiyD2TTLFNqkNe,23.0956054,20.8178508,0.0,22,6,1,-2.2777546000000015
2020-06-02 22:30:00,0.0,0.0,7607.0,4135001,HmiyD2TTLFNqkNe,23.077539066666667,21.05610346666667,0.0,22,6,1,-2.0214355999999967
2020-06-02 22:45:00,0.0,0.0,7607.0,4135001,HmiyD2TTLFNqkNe,23.097322666666663,21.322857666666668,0.0,22,6,1,-1.7744649999999957
2020-06-02 23:00:00,0.0,0.0,7607.0,4135001,HmiyD2TTLFNqkNe,23.029817857142856,21.02276614285714,0.0,23,6,1,-2.0070517142857156
2020-06-02 23:15:00,0.0,0.0,7607.0,4135001,HmiyD2TTLFNqkNe,23.154599933333333,21.314619866666668,0.0,23,6,1,-1.8399800666666657
2020-06-02 23:30:00,0.0,0.0,7607.0,4135001,HmiyD2TTLFNqkNe,23.1262676,21.27200126666667,0.0,23,6,1,-1.854266333333328
2020-06-02 23:45:00,0.0,0.0,7465.0,4135001,HmiyD2TTLFNqkNe,23.185095266666664,21.173158933333333,0.0,23,6,1,-2.011936333333331
2020-06-03 00:00:00,0.0,0.0,1063.714286,4135001,HmiyD2TTLFNqkNe,23.1571288,20.89146513333333,0.0,0,6,2,-2.2656636666666685
2020-06-03 00:15:00,0.0,0.0,0.0,4135001,HmiyD2TTLFNqkNe,22.974324466666666,20.576291866666665,0.0,0,6,2,-2.3980326000000005
2020-06-03 00:30:00,0.0,0.0,0.0,4135001,HmiyD2TTLFNqkNe,22.67297173333333,20.458264266666664,0.0,0,6,2,-2.214707466666667
2020-06-03 00:45:00,0.0,0.0,0.0,4135001,HmiyD2TTLFNqkNe,22.598681599999995,20.54110713333333,0.0,0,6,2,-2.057574466666665
2020-06-03 01:00:00,0.0,0.0,0.0,4135001,HmiyD2TTLFNqkNe,22.704483933333336,21.236881666666665,0.0,1,6,2,-1.4676022666666704
2020-06-03 01:15:00,0.0,0.0,0.0,4135001,HmiyD2TTLFNqkNe,22.80064392857143,21.723000642857144,0.0,1,6,2,-1.0776432857142844
2020-06-03 01:30:00,0.0,0.0,0.0,4135001,HmiyD2TTLFNqkNe,22.88334766666667,21.585738133333333,0.0,1,6,2,-1.2976095333333362
2020-06-03 01:45:00,0.0,0.0,0.0,4135001,HmiyD2TTLFNqkNe,22.937446866666665,21.3681458,0.0,1,6,2,-1.5693010666666645
2020-06-03 02:00:00,0.0,0.0,0.0,4135001,HmiyD2TTLFNqkNe,22.842895466666665,21.206132000000004,0.0,2,6,2,-1.636763466666661
2020-06-03 02:15:00,0.0,0.0,0.0,4135001,HmiyD2TTLFNqkNe,22.660235666666665,20.99209193333333,0.0,2,6,2,-1.6681437333333342
2020-06-03 02:30:00,0.0,0.0,0.0,4135001,HmiyD2TTLFNqkNe,22.50123506666667,21.111612933333337,0.0,2,6,2,-1.389622133333333
2020-06-03 02:45:00,0.0,0.0,0.0,4135001,HmiyD2TTLFNqkNe,22.459503133333328,21.399143466666665,0.0,2,6,2,-1.0603596666666633
2020-06-03 03:00:00,0.0,0.0,0.0,4135001,HmiyD2TTLFNqkNe,22.44995926666667,21.3038554,0.0,3,6,2,-1.146103866666671
2020-06-03 03:15:00,0.0,0.0,0.0,4135001,HmiyD2TTLFNqkNe,22.509222928571425,20.78928271428571,0.0,3,6,2,-1.7199402142857139
2020-06-03 03:30:00,0.0,0.0,0.0,4135001,HmiyD2TTLFNqkNe,22.4485492,20.51603193333333,0.0,3,6,2,-1.9325172666666681
2020-06-03 03:45:00,0.0,0.0,0.0,4135001,HmiyD2TTLFNqkNe,22.349910333333334,20.45167633333333,0.0,3,6,2,-1.8982340000000022
2020-06-03 04:00:00,0.0,0.0,0.0,4135001,HmiyD2TTLFNqkNe,22.364552866666667,20.554268266666668,0.0,4,6,2,-1.8102845999999992
2020-06-03 04:15:00,0.0,0.0,0.0,4135001,HmiyD2TTLFNqkNe,22.34726146666667,20.68842773333333,0.0,4,6,2,-1.6588337333333385
2020-06-03 04:30:00,0.0,0.0,0.0,4135001,HmiyD2TTLFNqkNe,22.3204386,20.8757264,0.0,4,6,2,-1.444712199999998
2020-06-03 04:45:00,0.0,0.0,0.0,4135001,HmiyD2TTLFNqkNe,22.3295206,21.20482786666667,0.0,4,6,2,-1.1246927333333296
2020-06-03 05:00:00,0.0,0.0,0.0,4135001,HmiyD2TTLFNqkNe,22.29955246666667,21.041841466666664,0.0,5,6,2,-1.257711000000004
2020-06-03 05:15:00,0.0,0.0,0.0,4135001,HmiyD2TTLFNqkNe,22.230548066666667,21.1730612,0.0,5,6,2,-1.0574868666666681
2020-06-03 05:30:00,0.0,0.0,0.0,4135001,HmiyD2TTLFNqkNe,22.029776500000004,21.009530285714284,0.0,5,6,2,-1.02024621428572
2020-06-03 05:45:00,0.0,0.0,0.0,4135001,HmiyD2TTLFNqkNe,21.9093404,20.571130533333328,0.000166865986,5,6,2,-1.3382098666666735
2020-06-03 06:00:00,57.49269480545454,5.5485389610454545,0.714285714,4135001,HmiyD2TTLFNqkNe,21.8664428,20.341811066666665,0.0066135848333333,6,6,2,-1.5246317333333366
2020-06-03 06:15:00,335.47970779545454,32.42061688363636,5.25,4135001,HmiyD2TTLFNqkNe,21.8627444,20.6966776,0.0238564609333333,6,6,2,-1.1660667999999994
2020-06-03 06:30:00,605.8360389636364,58.63400974045454,17.0,4135001,HmiyD2TTLFNqkNe,21.970450733333333,21.57549253333333,0.0422210322666666,6,6,2,-0.3949582000000049
2020-06-03 06:45:00,908.5909090818182,88.22061688272727,35.0,4135001,HmiyD2TTLFNqkNe,22.115535533333336,22.72741286666667,0.0625831249333333,6,6,2,0.6118773333333323
2020-06-03 07:00:00,1435.075487,139.96582792272727,64.28571429,4135001,HmiyD2TTLFNqkNe,22.39704986666667,24.1448362,0.099085612,7,6,2,1.7477863333333303
2020-06-03 07:15:00,2214.5771103636366,217.12662337727272,111.125,4135001,HmiyD2TTLFNqkNe,22.7777608,26.293044066666663,0.1566565473333333,7,6,2,3.515283266666664
2020-06-03 07:30:00,2789.368506409091,273.60787338181814,176.0,4135001,HmiyD2TTLFNqkNe,23.2902242,28.91189793333333,0.196718574,7,6,2,5.621673733333328
2020-06-03 07:45:00,3306.798701272727,325.07759740454543,254.625,4135001,HmiyD2TTLFNqkNe,23.853275466666663,30.580068,0.2355113593333333,7,6,2,6.726792533333338
2020-06-03 08:00:00,4301.291396090909,422.2500000045455,351.4285714,4135001,HmiyD2TTLFNqkNe,24.27014585714286,31.983365928571427,0.3050666364285714,8,6,2,7.713220071428566
2020-06-03 08:15:00,4488.955357090909,440.6946428636364,467.75,4135001,HmiyD2TTLFNqkNe,24.698665266666666,34.0502216,0.3131774186666666,8,6,2,9.351556333333335
2020-06-03 08:30:00,4519.306818227273,443.6051136363636,582.4285714,4135001,HmiyD2TTLFNqkNe,25.202730200000005,34.808233666666666,0.3114204379999999,8,6,2,9.605503466666661
2020-06-03 08:45:00,5113.738636409092,501.33230519090904,703.375,4135001,HmiyD2TTLFNqkNe,25.524094533333333,34.50640073333333,0.3506713633333333,8,6,2,8.982306199999996
2020-06-03 09:00:00,6302.595779136364,617.4530844136364,853.0,4135001,HmiyD2TTLFNqkNe,25.790447933333336,36.467413466666656,0.4392469226666666,9,6,2,10.67696553333332
2020-06-03 09:15:00,6267.286525954545,613.9961039,1009.25,4135001,HmiyD2TTLFNqkNe,25.9910524,37.30622160000001,0.4313674273333333,9,6,2,11.315169200000007
2020-06-03 09:30:00,5772.544642909091,565.7625811636364,1163.571429,4135001,HmiyD2TTLFNqkNe,26.019221933333327,36.83065146666666,0.3919119666666666,9,6,2,10.811429533333332
2020-06-03 09:45:00,5922.340909045454,580.3283279227272,1316.25,4135001,HmiyD2TTLFNqkNe,25.796405,36.3065082,0.4066447513333333,9,6,2,10.510103200000003
2020-06-03 10:00:00,5878.116071454546,576.0151785727272,1463.285714,4135001,HmiyD2TTLFNqkNe,25.976375266666665,36.446625000000004,0.401583068,10,6,2,10.47024973333334
2020-06-03 10:15:00,6065.284090954546,594.285551940909,1607.75,4135001,HmiyD2TTLFNqkNe,26.170804866666664,36.67445066666666,0.4154079433333333,10,6,2,10.503645799999994
2020-06-03 10:30:00,8818.033279227273,862.6870941545454,1789.857143,4135001,HmiyD2TTLFNqkNe,26.6612375,39.588428785714285,0.615580315,10,6,2,12.927191285714287
2020-06-03 10:45:00,10791.668831181818,1054.3736201636364,2030.285714,4135001,HmiyD2TTLFNqkNe,27.452661200000005,45.572745666666655,0.77591557,10,6,2,18.12008446666665
2020-06-03 11:00:00,9739.423701681819,952.3738636272727,2292.375,4135001,HmiyD2TTLFNqkNe,27.96947633333333,47.941911000000005,0.7143712646666666,11,6,2,19.972434666666675
2020-06-03 11:15:00,9344.101461,913.960308440909,2537.0,4135001,HmiyD2TTLFNqkNe,27.98884273333333,46.194077866666674,0.6610665566666664,11,6,2,18.205235133333346
2020-06-03 11:30:00,10759.431006363637,1050.9995941363636,2790.25,4135001,HmiyD2TTLFNqkNe,27.941221066666667,45.770940866666656,0.8066293299999999,11,6,2,17.82971979999999
2020-06-03 11:45:00,13023.017857272729,1270.2027598636364,3107.428571,4135001,HmiyD2TTLFNqkNe,28.590588400000005,54.7813884,1.0191046553333334,11,6,2,26.190799999999992
2020-06-03 12:00:00,9336.209415545454,913.1093344136364,3385.625,4135001,HmiyD2TTLFNqkNe,28.481665066666665,50.63946126666667,0.663942404,12,6,2,22.157796200000007
2020-06-03 12:15:00,10101.054383318182,987.4667208136362,3627.142857,4135001,HmiyD2TTLFNqkNe,28.058274466666663,47.815446,0.7152714659999999,12,6,2,19.757171533333338
2020-06-03 12:30:00,11265.616071818182,1099.9633117272726,3898.75,4135001,HmiyD2TTLFNqkNe,28.570162142857143,49.940274928571434,0.8113028464285714,12,6,2,21.37011278571429
2020-06-03 12:45:00,12528.114447727274,1222.1091721363637,4201.857143,4135001,HmiyD2TTLFNqkNe,28.792797866666664,51.43322746666667,0.8961615320000001,12,6,2,22.640429600000008
2020-06-03 13:00:00,10972.03896,1071.6797889090908,4499.875,4135001,HmiyD2TTLFNqkNe,29.06769213333333,51.64617686666667,0.7998929533333332,13,6,2,22.57848473333334
2020-06-03 13:15:00,9904.377435363636,968.2062500363637,4748.857143,4135001,HmiyD2TTLFNqkNe,28.884842666666664,48.98813886666667,0.711361128,13,6,2,20.103296200000003
2020-06-03 13:30:00,10279.750811818181,1004.4603895772726,5006.5,4135001,HmiyD2TTLFNqkNe,28.559281400000003,48.776688333333325,0.7504526286666667,13,6,2,20.217406933333322
2020-06-03 13:45:00,8345.363636363636,817.0348484863637,5163.0,4135001,HmiyD2TTLFNqkNe,27.86218783333333,46.6314395,0.6152726233333333,13,6,2,18.76925166666667
2020-06-03 14:15:00,9760.870941727273,954.2180195045454,5810.857143,4135001,HmiyD2TTLFNqkNe,28.36199285714285,50.62704278571428,0.7166804542857143,14,6,2,22.26504992857143
2020-06-03 14:30:00,9351.9561685,914.266396109091,6069.125,4135001,HmiyD2TTLFNqkNe,28.309356666666663,47.377396733333335,0.673311722,14,6,2,19.068040066666672
2020-06-03 14:45:00,9998.266234227272,976.9872564863637,6293.714286,4135001,HmiyD2TTLFNqkNe,28.27815892857143,45.06816992857143,0.73095554,14,6,2,16.790011
2020-06-03 15:00:00,11909.469156363637,1162.3448051363637,6567.571429,4135001,HmiyD2TTLFNqkNe,28.8466328,50.68633446666667,0.867350566,15,6,2,21.839701666666674
2020-06-03 15:15:00,10981.510551818183,1072.2496753636365,6862.75,4135001,HmiyD2TTLFNqkNe,28.85288293333333,50.806604,0.7781302413333333,15,6,2,21.95372106666667
2020-06-03 15:30:00,6933.827922090909,678.9658279227273,7084.142857,4135001,HmiyD2TTLFNqkNe,28.367865,46.1937744,0.5263113173333333,15,6,2,17.825909400000004
2020-06-03 15:45:00,5635.581168818182,552.3404220818182,7233.25,4135001,HmiyD2TTLFNqkNe,28.200909666666668,40.34545073333332,0.4154654033333333,15,6,2,12.144541066666655
2020-06-03 16:00:00,5141.808441545454,504.25543830909095,7372.142857,4135001,HmiyD2TTLFNqkNe,27.406433066666665,36.756546933333325,0.3453362106666667,16,6,2,9.35011386666666
2020-06-03 16:15:00,3849.293019454545,377.66712662272727,7494.25,4135001,HmiyD2TTLFNqkNe,27.123667466666664,35.691247399999995,0.2754312246666665,16,6,2,8.567579933333331
2020-06-03 16:30:00,2574.819805181818,252.52134740454542,7563.428571,4135001,HmiyD2TTLFNqkNe,26.773728333333327,32.29846993333332,0.1812308813333333,16,6,2,5.524741599999995
2020-06-03 16:45:00,4367.478896136364,428.24074675454546,7637.5,4135001,HmiyD2TTLFNqkNe,26.6105695,32.19503142857143,0.2930501007142857,16,6,2,5.584461928571432
2020-06-03 17:00:00,5457.738636409091,535.0099025954546,7768.857143,4135001,HmiyD2TTLFNqkNe,27.07719326666667,36.6476562,0.3938906479999999,17,6,2,9.570462933333332
2020-06-03 17:15:00,2803.0990260000003,275.16331168636367,7861.25,4135001,HmiyD2TTLFNqkNe,26.4934388,33.26473993333333,0.2100267246666666,17,6,2,6.771301133333331
2020-06-03 17:30:00,2101.4269480909093,205.99967531363637,7922.714286,4135001,HmiyD2TTLFNqkNe,26.160349600000004,29.8308308,0.1741178993333333,17,6,2,3.6704811999999976
2020-06-03 17:45:00,1187.6574674545454,115.55974025454545,7965.125,4135001,HmiyD2TTLFNqkNe,25.95564166666666,27.818965666666667,0.1089596830666666,17,6,2,1.8633240000000058
2020-06-03 18:00:00,670.9659090954545,65.01363636409091,7990.857143,4135001,HmiyD2TTLFNqkNe,25.628292,26.26652213333333,0.0555260570666666,18,6,2,0.6382301333333302
2020-06-03 18:15:00,363.61607142272726,35.14082792181818,8003.25,4135001,HmiyD2TTLFNqkNe,25.138563999999995,24.528363066666664,0.0276320394666666,18,6,2,-0.6102009333333314
2020-06-03 18:30:00,94.69967532636365,9.136120129818183,8009.428571,4135001,HmiyD2TTLFNqkNe,24.8869608,23.35773320000001,0.00798223048,18,6,2,-1.5292275999999916
2020-06-03 18:45:00,0.0,0.0,8010.0,4135001,HmiyD2TTLFNqkNe,24.68722533333333,22.586967066666663,8.352672366666667e-05,18,6,2,-2.1002582666666676
2020-06-03 19:00:00,0.0,0.0,8010.0,4135001,HmiyD2TTLFNqkNe,24.47928673333333,21.997491533333328,0.0,19,6,2,-2.4817952000000005
2020-06-03 19:15:00,0.0,0.0,8010.0,4135001,HmiyD2TTLFNqkNe,24.196650928571422,21.709464,0.0,19,6,2,-2.487186928571422
2020-06-03 19:30:00,0.0,0.0,8010.0,4135001,HmiyD2TTLFNqkNe,23.983721866666667,21.4879578,0.0,19,6,2,-2.4957640666666663
2020-06-03 19:45:00,0.0,0.0,8010.0,4135001,HmiyD2TTLFNqkNe,23.86744786666667,21.385422733333336,0.0,19,6,2,-2.482025133333334
2020-06-03 20:00:00,0.0,0.0,8010.0,4135001,HmiyD2TTLFNqkNe,23.7355346,21.4588258,0.0,20,6,2,-2.2767088000000015
2020-06-03 20:15:00,0.0,0.0,8010.0,4135001,HmiyD2TTLFNqkNe,23.68221646666667,21.54895426666667,0.0,20,6,2,-2.1332622000000008
2020-06-03 20:30:00,0.0,0.0,8010.0,4135001,HmiyD2TTLFNqkNe,23.664009666666665,21.192350066666663,0.0,20,6,2,-2.4716596000000024
2020-06-03 20:45:00,0.0,0.0,8010.0,4135001,HmiyD2TTLFNqkNe,23.60763366666666,21.040781666666668,0.0,20,6,2,-2.5668519999999937
2020-06-03 21:00:00,0.0,0.0,8010.0,4135001,HmiyD2TTLFNqkNe,23.581404733333333,21.031243933333336,0.0,21,6,2,-2.550160799999997
2020-06-03 21:15:00,0.0,0.0,8010.0,4135001,HmiyD2TTLFNqkNe,23.54292971428572,21.000418571428572,0.0,21,6,2,-2.5425111428571476
2020-06-03 21:30:00,0.0,0.0,8010.0,4135001,HmiyD2TTLFNqkNe,23.35550553333333,20.846651266666665,0.0,21,6,2,-2.5088542666666633
2020-06-03 21:45:00,0.0,0.0,8010.0,4135001,HmiyD2TTLFNqkNe,23.153045666666667,20.723840333333328,0.0,21,6,2,-2.429205333333339
2020-06-03 22:00:00,0.0,0.0,8010.0,4135001,HmiyD2TTLFNqkNe,23.12093293333333,20.880371199999995,0.0,22,6,2,-2.240561733333333
2020-06-03 22:15:00,0.0,0.0,8010.0,4135001,HmiyD2TTLFNqkNe,23.2737874,21.277950066666666,0.0,22,6,2,-1.9958373333333341
2020-06-03 22:30:00,0.0,0.0,8010.0,4135001,HmiyD2TTLFNqkNe,23.410107466666663,21.48009253333333,0.0,22,6,2,-1.9300149333333323
2020-06-03 22:45:00,0.0,0.0,8010.0,4135001,HmiyD2TTLFNqkNe,23.3567708,21.421516933333333,0.0,22,6,2,-1.9352538666666668
2020-06-03 23:00:00,0.0,0.0,8010.0,4135001,HmiyD2TTLFNqkNe,23.29439086666667,21.5673136,0.0,23,6,2,-1.7270772666666723
2020-06-03 23:15:00,0.0,0.0,8010.0,4135001,HmiyD2TTLFNqkNe,23.268082733333333,21.781003666666667,0.0,23,6,2,-1.4870790666666664
2020-06-03 23:30:00,0.0,0.0,8010.0,4135001,HmiyD2TTLFNqkNe,23.3125675,21.87289435714285,0.0,23,6,2,-1.4396731428571492
2020-06-03 23:45:00,0.0,0.0,7917.0,4135001,HmiyD2TTLFNqkNe,23.3070944,22.122367533333332,0.0,23,6,2,-1.1847268666666686
2020-06-04 00:00:00,0.0,0.0,1131.0,4135001,HmiyD2TTLFNqkNe,23.232509466666663,21.74905586666667,0.0,0,6,3,-1.4834535999999936
2020-06-04 00:15:00,0.0,0.0,0.0,4135001,HmiyD2TTLFNqkNe,23.2305298,22.0874878,0.0,0,6,3,-1.1430419999999977
2020-06-04 00:30:00,0.0,0.0,0.0,4135001,HmiyD2TTLFNqkNe,23.239691066666666,22.0754842,0.0,0,6,3,-1.1642068666666674
2020-06-04 00:45:00,0.0,0.0,0.0,4135001,HmiyD2TTLFNqkNe,23.223148533333337,21.49751793333333,0.0,0,6,3,-1.725630600000006
2020-06-04 01:00:00,0.0,0.0,0.0,4135001,HmiyD2TTLFNqkNe,23.04567046666667,20.8985536,0.0,1,6,3,-2.1471168666666713
2020-06-04 01:15:00,0.0,0.0,0.0,4135001,HmiyD2TTLFNqkNe,22.96156013333333,20.781929533333333,0.0,1,6,3,-2.179630599999996
2020-06-04 01:30:00,0.0,0.0,0.0,4135001,HmiyD2TTLFNqkNe,22.874760071428568,20.64805378571429,0.0,1,6,3,-2.226706285714279
2020-06-04 01:45:00,0.0,0.0,0.0,4135001,HmiyD2TTLFNqkNe,22.878147466666665,21.0011492,0.0,1,6,3,-1.8769982666666643
2020-06-04 02:00:00,0.0,0.0,0.0,4135001,HmiyD2TTLFNqkNe,22.99037886666667,21.9415954,0.0,2,6,3,-1.04878346666667
2020-06-04 02:15:00,0.0,0.0,0.0,4135001,HmiyD2TTLFNqkNe,22.9795756,21.582159600000004,0.0,2,6,3,-1.3974159999999962
2020-06-04 02:30:00,0.0,0.0,0.0,4135001,HmiyD2TTLFNqkNe,23.002805466666665,21.08051346666667,0.0,2,6,3,-1.9222919999999952
2020-06-04 02:45:00,0.0,0.0,0.0,4135001,HmiyD2TTLFNqkNe,22.77749013333333,20.272725466666664,0.0,2,6,3,-2.5047646666666665
2020-06-04 03:00:00,0.0,0.0,0.0,4135001,HmiyD2TTLFNqkNe,22.51006266666667,19.9091552,0.0,3,6,3,-2.600907466666669
2020-06-04 03:15:00,0.0,0.0,0.0,4135001,HmiyD2TTLFNqkNe,22.36554566666667,19.8938822,0.0,3,6,3,-2.4716634666666693
2020-06-04 03:30:00,0.0,0.0,0.0,4135001,HmiyD2TTLFNqkNe,22.11158453333333,19.4302042,0.0,3,6,3,-2.6813803333333297
2020-06-04 03:45:00,0.0,0.0,0.0,4135001,HmiyD2TTLFNqkNe,21.8316998,19.176412,0.0,3,6,3,-2.6552878
2020-06-04 04:00:00,0.0,0.0,0.0,4135001,HmiyD2TTLFNqkNe,21.814058571428568,19.201707928571427,0.0,4,6,3,-2.612350642857141
2020-06-04 04:15:00,0.0,0.0,0.0,4135001,HmiyD2TTLFNqkNe,21.781632533333337,19.239917066666667,0.0,4,6,3,-2.5417154666666697
2020-06-04 04:30:00,0.0,0.0,0.0,4135001,HmiyD2TTLFNqkNe,21.7417174,19.2718446,0.0,4,6,3,-2.4698727999999974
2020-06-04 04:45:00,0.0,0.0,0.0,4135001,HmiyD2TTLFNqkNe,21.9011658,19.596323666666663,0.0,4,6,3,-2.304842133333338
2020-06-04 05:00:00,0.0,0.0,0.0,4135001,HmiyD2TTLFNqkNe,22.10740133333333,19.78210866666667,0.0,5,6,3,-2.325292666666659
2020-06-04 05:15:00,0.0,0.0,0.0,4135001,HmiyD2TTLFNqkNe,22.293249466666666,20.07742533333333,0.0,5,6,3,-2.215824133333335
2020-06-04 05:30:00,0.0,0.0,0.0,4135001,HmiyD2TTLFNqkNe,22.30016693333333,20.21210933333333,0.0,5,6,3,-2.088057599999999
2020-06-04 05:45:00,0.0,0.0,0.0,4135001,HmiyD2TTLFNqkNe,22.331740266666667,20.44576413333333,0.000426552467,5,6,3,-1.8859761333333367
2020-06-04 06:00:00,68.56006493454545,6.615665584409092,0.75,4135001,HmiyD2TTLFNqkNe,22.37077833333333,20.5307474,0.00815802132,6,6,3,-1.8400309333333311
2020-06-04 06:15:00,383.00811687727276,37.02183441636364,6.428571429,4135001,HmiyD2TTLFNqkNe,22.37073828571429,20.5436425,0.027412691,6,6,3,-1.8270957857142882
2020-06-04 06:30:00,738.3798701272727,71.58831168818182,20.375,4135001,HmiyD2TTLFNqkNe,22.413663666666665,20.99587586666667,0.0525060624,6,6,3,-1.4177877999999957
2020-06-04 06:45:00,1205.6193181818182,117.30186688181817,45.14285714,4135001,HmiyD2TTLFNqkNe,22.569683933333334,21.829941666666667,0.0880664663333333,6,6,3,-0.7397422666666671
2020-06-04 07:00:00,1857.4772727272727,182.00819805454546,86.625,4135001,HmiyD2TTLFNqkNe,22.91924653333333,22.999210466666668,0.1541802237333333,7,6,3,0.07996393333333884
2020-06-04 07:15:00,2505.0811688636363,245.73043831363637,146.8571429,4135001,HmiyD2TTLFNqkNe,23.307012799999995,25.084910200000003,0.201037406,7,6,3,1.7778974000000076
2020-06-04 07:30:00,2572.313311727273,252.4897727318182,219.5,4135001,HmiyD2TTLFNqkNe,23.6712912,28.608892933333333,0.2021267246666666,7,6,3,4.937601733333334
2020-06-04 07:45:00,3391.3084415454546,332.6404220727273,284.7142857,4135001,HmiyD2TTLFNqkNe,24.115726666666664,29.42869673333333,0.2576330546666666,7,6,3,5.312970066666665
2020-06-04 08:00:00,4927.481331181818,483.4267045409091,407.375,4135001,HmiyD2TTLFNqkNe,24.827956066666665,34.91220333333333,0.3536178413333332,8,6,3,10.084247266666665
2020-06-04 08:15:00,5285.239448045454,518.2440746681818,533.8571429,4135001,HmiyD2TTLFNqkNe,25.16537493333333,36.236173666666666,0.3698281293333333,8,6,3,11.070798733333337
2020-06-04 08:30:00,6396.034090909091,626.5418831181819,705.25,4135001,HmiyD2TTLFNqkNe,25.49385071428572,40.286078142857136,0.50896689,8,6,3,14.792227428571415
2020-06-04 08:45:00,4835.669642863636,474.0635552,851.2857143,4135001,HmiyD2TTLFNqkNe,25.7016844,38.59687113333333,0.339791978,8,6,3,12.895186733333329
2020-06-04 09:00:00,7678.382305181818,751.5228084454545,1004.0,4135001,HmiyD2TTLFNqkNe,26.23224886666667,41.591343,0.5240877666666666,9,6,3,15.359094133333333
2020-06-04 09:15:00,6567.422077909091,643.1554383136364,1180.0,4135001,HmiyD2TTLFNqkNe,26.67907113333333,42.56844686666666,0.4329602066666666,9,6,3,15.889375733333331
2020-06-04 09:30:00,6669.875811681818,653.0469155863636,1364.428571,4135001,HmiyD2TTLFNqkNe,26.958341533333336,42.141090666666656,0.4031702393333333,9,6,3,15.18274913333332
2020-06-04 09:45:00,6719.581168818182,657.5942370090909,1529.625,4135001,HmiyD2TTLFNqkNe,27.355015066666667,42.377244466666674,0.5299622466666666,9,6,3,15.022229400000008
2020-06-04 10:00:00,9687.159091681819,946.1109577590909,1731.0,4135001,HmiyD2TTLFNqkNe,27.51010546666667,45.047931266666666,0.6935108126666668,10,6,3,17.537825799999997
2020-06-04 10:15:00,8134.323051954546,794.9379870090908,1930.625,4135001,HmiyD2TTLFNqkNe,27.60956433333333,43.5676756,0.5722798133333333,10,6,3,15.95811126666667
2020-06-04 10:30:00,9746.022727136364,951.5799513181818,2154.142857,4135001,HmiyD2TTLFNqkNe,27.759671857142852,46.865433142857135,0.740527077142857,10,6,3,19.105761285714284
2020-06-04 10:45:00,12212.247565,1191.1986201363636,2433.875,4135001,HmiyD2TTLFNqkNe,28.609558066666665,53.49905786666666,0.9900746606666666,10,6,3,24.889499799999996
2020-06-04 11:00:00,9896.845778772726,966.6199675545454,2703.428571,4135001,HmiyD2TTLFNqkNe,28.900441466666667,52.5498042,0.7482029,11,6,3,23.64936273333333
2020-06-04 11:15:00,9835.706980818182,960.7806818272728,2953.5,4135001,HmiyD2TTLFNqkNe,29.128914533333333,53.990102,0.7289688126666665,11,6,3,24.861187466666667
2020-06-04 11:30:00,9391.781655909092,918.1064123318182,3183.857143,4135001,HmiyD2TTLFNqkNe,28.9166118,49.0042542,0.6855142546666666,11,6,3,20.0876424
2020-06-04 11:45:00,10639.216720454546,1039.008441531818,3442.75,4135001,HmiyD2TTLFNqkNe,28.901027466666665,50.7513082,0.819862228,11,6,3,21.85028073333333
2020-06-04 12:00:00,11589.710227272728,1130.7991883772727,3734.714286,4135001,HmiyD2TTLFNqkNe,29.428778066666663,54.02926233333333,0.8495404559999999,12,6,3,24.600484266666665
2020-06-04 12:15:00,10995.081980909092,1073.1541396818182,4027.625,4135001,HmiyD2TTLFNqkNe,29.520699200000003,53.681734000000006,0.873090314,12,6,3,24.161034800000003
2020-06-04 12:30:00,9346.687500181819,913.0463473909091,4292.857143,4135001,HmiyD2TTLFNqkNe,29.7818786,52.660978,0.7917845233333333,12,6,3,22.8790994
2020-06-04 12:45:00,8139.67694809091,795.5770292227272,4484.125,4135001,HmiyD2TTLFNqkNe,29.397380285714288,47.38953071428571,0.5456316214285714,12,6,3,17.992150428571424
2020-06-04 13:00:00,12352.579544999999,1205.0870941818182,4762.857143,4135001,HmiyD2TTLFNqkNe,30.0188802,53.659336200000006,0.9989916353333332,13,6,3,23.640456000000004
2020-06-04 13:15:00,12446.624999545455,1214.1790585,5059.428571,4135001,HmiyD2TTLFNqkNe,30.470314466666665,57.810960066666674,1.0396661320000002,13,6,3,27.34064560000001
2020-06-04 13:30:00,7897.889610363636,772.9456980499999,5330.5,4135001,HmiyD2TTLFNqkNe,29.7998332,51.68366739999999,0.5834999766666668,13,6,3,21.883834199999992
2020-06-04 13:45:00,11292.386362727273,1102.2647727727274,5569.714286,4135001,HmiyD2TTLFNqkNe,29.653444333333336,49.9063132,0.8152746660000002,13,6,3,20.252868866666663
2020-06-04 14:00:00,8074.952110363636,789.4220779227272,5808.625,4135001,HmiyD2TTLFNqkNe,29.892468333333333,49.5533302,0.638300066,14,6,3,19.660861866666664
2020-06-04 14:15:00,7322.131493454545,716.2980519545455,5962.571429,4135001,HmiyD2TTLFNqkNe,29.012854,42.45200799999999,0.5060438120000001,14,6,3,13.439153999999991
2020-06-04 14:30:00,7033.362013,688.6982142863636,6157.125,4135001,HmiyD2TTLFNqkNe,29.053249066666663,43.63637693333334,0.4784254099999999,14,6,3,14.583127866666675
2020-06-04 14:45:00,10142.655031818182,990.842288959091,6366.285714,4135001,HmiyD2TTLFNqkNe,29.025638800000003,45.191560933333335,0.6831317153333333,14,6,3,16.165922133333332
2020-06-04 15:00:00,11311.296266363635,1103.7961038636365,6646.25,4135001,HmiyD2TTLFNqkNe,29.316604714285717,50.0400065,0.828218792857143,15,6,3,20.72340178571428
2020-06-04 15:15:00,8342.20292209091,815.9725649272727,6899.714286,4135001,HmiyD2TTLFNqkNe,28.8240906,47.455545866666654,0.5762455473333332,15,6,3,18.631455266666652
2020-06-04 15:30:00,8626.94886359091,843.9656655818181,7113.25,4135001,HmiyD2TTLFNqkNe,28.671067200000003,44.87971400000001,0.6145960239999999,15,6,3,16.208646800000004
2020-06-04 15:45:00,8223.531655863637,804.7387175363637,7308.142857,4135001,HmiyD2TTLFNqkNe,28.89003293333333,46.50682566666666,0.6258264913333333,15,6,3,17.616792733333327
2020-06-04 16:00:00,7786.511363636364,762.2341720772728,7513.75,4135001,HmiyD2TTLFNqkNe,28.524460866666665,44.30379226666666,0.5470587466666667,16,6,3,15.779331399999997
2020-06-04 16:15:00,6743.030844181819,660.4565746727272,7698.571429,4135001,HmiyD2TTLFNqkNe,28.310963866666665,41.930027,0.4802661793333333,16,6,3,13.619063133333338
2020-06-04 16:30:00,5915.270292181818,579.6366883090909,7860.0,4135001,HmiyD2TTLFNqkNe,28.2263,39.781593666666666,0.423149908,16,6,3,11.555293666666667
2020-06-04 16:45:00,3835.2873376363636,376.4071428590909,7988.0,4135001,HmiyD2TTLFNqkNe,27.911383066666662,36.725531333333336,0.2771371,16,6,3,8.814148266666674
2020-06-04 17:00:00,4044.514610409091,397.3521915590909,8081.25,4135001,HmiyD2TTLFNqkNe,27.408913857142856,33.94200785714286,0.2966284521428571,17,6,3,6.5330940000000055
2020-06-04 17:15:00,3820.5219155454542,375.4474837681818,8185.571429,4135001,HmiyD2TTLFNqkNe,27.39092606666667,34.17826959999999,0.286518426,17,6,3,6.787343533333324
2020-06-04 17:30:00,3042.242694863636,298.7677759772727,8278.125,4135001,HmiyD2TTLFNqkNe,27.4676554,33.31872753333333,0.2333632346666666,17,6,3,5.851072133333329
2020-06-04 17:45:00,1892.814935,185.37305195,8341.571429,4135001,HmiyD2TTLFNqkNe,27.015501000000004,30.925701933333333,0.1478736336,17,6,3,3.9102009333333285
2020-06-04 18:00:00,871.0844155863637,84.55487013,8373.571429,4135001,HmiyD2TTLFNqkNe,26.4737508,28.1798118,0.0703570209333333,18,6,3,1.7060609999999983
2020-06-04 18:15:00,293.39204545454544,28.349107143636363,8387.25,4135001,HmiyD2TTLFNqkNe,25.879600133333334,25.6452434,0.0225988850666666,18,6,3,-0.2343567333333354
2020-06-04 18:30:00,47.03219697045454,4.534632034590909,8391.714286,4135001,HmiyD2TTLFNqkNe,25.49142246666667,23.901588933333336,0.0048826057146666,18,6,3,-1.5898335333333335
2020-06-04 18:45:00,0.0,0.0,8314.0,4135001,HmiyD2TTLFNqkNe,25.1925436,22.83024093333333,0.0,18,6,3,-2.3623026666666718
2020-06-04 19:00:00,0.0,0.0,8314.0,4135001,HmiyD2TTLFNqkNe,24.911574333333327,22.163502866666665,0.0,19,6,3,-2.748071466666662
2020-06-04 19:15:00,0.0,0.0,8314.0,4135001,HmiyD2TTLFNqkNe,24.712389285714284,21.731079,0.0,19,6,3,-2.981310285714283
2020-06-04 19:30:00,0.0,0.0,8314.0,4135001,HmiyD2TTLFNqkNe,24.54659833333333,21.6505168,0.0,19,6,3,-2.89608153333333
2020-06-04 19:45:00,0.0,0.0,8314.0,4135001,HmiyD2TTLFNqkNe,24.379534866666667,21.8173706,0.0,19,6,3,-2.5621642666666666
2020-06-04 20:00:00,0.0,0.0,8314.0,4135001,HmiyD2TTLFNqkNe,24.203576466666668,21.570215,0.0,20,6,3,-2.633361466666667
2020-06-04 20:15:00,0.0,0.0,8314.0,4135001,HmiyD2TTLFNqkNe,24.101764000000003,21.23585813333333,0.0,20,6,3,-2.8659058666666724
2020-06-04 20:30:00,0.0,0.0,8314.0,4135001,HmiyD2TTLFNqkNe,23.965206,21.24692586666667,0.0,20,6,3,-2.71828013333333
2020-06-04 20:45:00,0.0,0.0,8314.0,4135001,HmiyD2TTLFNqkNe,23.835375866666677,21.202567533333333,0.0,20,6,3,-2.632808333333344
2020-06-04 21:00:00,0.0,0.0,8314.0,4135001,HmiyD2TTLFNqkNe,23.622412133333327,20.969897533333327,0.0,21,6,3,-2.6525146
2020-06-04 21:15:00,0.0,0.0,8314.0,4135001,HmiyD2TTLFNqkNe,23.4776306,20.89159753333333,0.0,21,6,3,-2.5860330666666727
2020-06-04 21:30:00,0.0,0.0,8314.0,4135001,HmiyD2TTLFNqkNe,23.413728857142857,20.771161785714288,0.0,21,6,3,-2.6425670714285694
2020-06-04 21:45:00,0.0,0.0,8314.0,4135001,HmiyD2TTLFNqkNe,23.33440973333333,20.6240682,0.0,21,6,3,-2.710341533333331
2020-06-04 22:00:00,0.0,0.0,8314.0,4135001,HmiyD2TTLFNqkNe,23.249265666666663,20.51773266666667,0.0,22,6,3,-2.7315329999999918
2020-06-04 22:15:00,0.0,0.0,8314.0,4135001,HmiyD2TTLFNqkNe,23.155983466666665,20.41728313333333,0.0,22,6,3,-2.738700333333334
2020-06-04 22:30:00,0.0,0.0,8314.0,4135001,HmiyD2TTLFNqkNe,23.038757333333333,20.23143106666667,0.0,22,6,3,-2.8073262666666636
2020-06-04 22:45:00,0.0,0.0,8314.0,4135001,HmiyD2TTLFNqkNe,22.871164866666668,19.952642666666662,0.0,22,6,3,-2.9185222000000053
2020-06-04 23:00:00,0.0,0.0,8314.0,4135001,HmiyD2TTLFNqkNe,22.668090866666663,19.605348533333327,0.0,23,6,3,-3.062742333333336
2020-06-04 23:15:00,0.0,0.0,8314.0,4135001,HmiyD2TTLFNqkNe,22.45358486666667,19.460750333333333,0.0,23,6,3,-2.992834533333337
2020-06-04 23:30:00,0.0,0.0,8314.0,4135001,HmiyD2TTLFNqkNe,22.224973357142854,19.48148457142857,0.0,23,6,3,-2.743488785714284
2020-06-04 23:45:00,0.0,0.0,8314.0,4135001,HmiyD2TTLFNqkNe,22.242348199999995,19.674829133333336,0.0,23,6,3,-2.5675190666666587
2020-06-05 00:00:00,0.0,0.0,1168.285714,4135001,HmiyD2TTLFNqkNe,22.369673533333334,19.865987266666668,0.0,0,6,4,-2.5036862666666657
2020-06-05 00:15:00,0.0,0.0,0.0,4135001,HmiyD2TTLFNqkNe,22.405242866666665,19.973746666666667,0.0,0,6,4,-2.431496199999998
2020-06-05 00:30:00,0.0,0.0,0.0,4135001,HmiyD2TTLFNqkNe,22.451550266666665,20.014420466666664,0.0,0,6,4,-2.437129800000001
2020-06-05 00:45:00,0.0,0.0,0.0,4135001,HmiyD2TTLFNqkNe,22.355903933333337,19.858323266666662,0.0,0,6,4,-2.497580666666675
2020-06-05 01:00:00,0.0,0.0,0.0,4135001,HmiyD2TTLFNqkNe,22.390741066666664,19.870471266666662,0.0,1,6,4,-2.5202698000000012
2020-06-05 01:15:00,0.0,0.0,0.0,4135001,HmiyD2TTLFNqkNe,22.2637308,19.622493400000003,0.0,1,6,4,-2.641237399999998
2020-06-05 01:30:00,0.0,0.0,0.0,4135001,HmiyD2TTLFNqkNe,22.06980021428572,19.27036821428572,0.0,1,6,4,-2.7994319999999995
2020-06-05 01:45:00,0.0,0.0,0.0,4135001,HmiyD2TTLFNqkNe,21.935835733333334,19.1575074,0.0,1,6,4,-2.7783283333333344
2020-06-05 02:00:00,0.0,0.0,0.0,4135001,HmiyD2TTLFNqkNe,22.032619133333327,19.467915866666672,0.0,2,6,4,-2.5647032666666547
2020-06-05 02:15:00,0.0,0.0,0.0,4135001,HmiyD2TTLFNqkNe,21.996008466666662,19.4962546,0.0,2,6,4,-2.499753866666662
2020-06-05 02:30:00,0.0,0.0,0.0,4135001,HmiyD2TTLFNqkNe,21.915641266666665,19.503106733333333,0.0,2,6,4,-2.412534533333332
2020-06-05 02:45:00,0.0,0.0,0.0,4135001,HmiyD2TTLFNqkNe,21.971559666666664,19.6524252,0.0,2,6,4,-2.3191344666666645
2020-06-05 03:00:00,0.0,0.0,0.0,4135001,HmiyD2TTLFNqkNe,21.960252,19.703836933333335,0.0,3,6,4,-2.2564150666666656
2020-06-05 03:15:00,0.0,0.0,0.0,4135001,HmiyD2TTLFNqkNe,21.962046333333333,19.6375468,0.0,3,6,4,-2.3244995333333343
2020-06-05 03:30:00,0.0,0.0,0.0,4135001,HmiyD2TTLFNqkNe,21.864501933333333,19.492871133333328,0.0,3,6,4,-2.3716308000000055
2020-06-05 03:45:00,0.0,0.0,0.0,4135001,HmiyD2TTLFNqkNe,21.829637785714283,19.66063135714285,0.0,3,6,4,-2.169006428571432
2020-06-05 04:00:00,0.0,0.0,0.0,4135001,HmiyD2TTLFNqkNe,21.81910206666667,19.6920982,0.0,4,6,4,-2.1270038666666693
2020-06-05 04:15:00,0.0,0.0,0.0,4135001,HmiyD2TTLFNqkNe,21.70368653333333,19.42711973333333,0.0,4,6,4,-2.2765667999999977
2020-06-05 04:30:00,0.0,0.0,0.0,4135001,HmiyD2TTLFNqkNe,21.62841786666667,19.356872600000003,0.0,4,6,4,-2.271545266666667
2020-06-05 04:45:00,0.0,0.0,0.0,4135001,HmiyD2TTLFNqkNe,21.594506866666663,19.278796600000003,0.0,4,6,4,-2.3157102666666596
2020-06-05 05:00:00,0.0,0.0,0.0,4135001,HmiyD2TTLFNqkNe,21.4732484,19.290275066666663,0.0,5,6,4,-2.1829733333333365
2020-06-05 05:15:00,0.0,0.0,0.0,4135001,HmiyD2TTLFNqkNe,21.5055624,19.3941224,0.0,5,6,4,-2.111439999999998
2020-06-05 05:30:00,0.0,0.0,0.0,4135001,HmiyD2TTLFNqkNe,21.6951396,19.82488413333333,0.0,5,6,4,-1.87025546666667
2020-06-05 05:45:00,0.0,0.0,0.0,4135001,HmiyD2TTLFNqkNe,21.663992714285715,19.751652214285716,0.0008480133085714,5,6,4,-1.912340499999999
2020-06-05 06:00:00,91.44561688136363,8.824594155590908,1.375,4135001,HmiyD2TTLFNqkNe,21.581693466666664,19.651005,0.0091445350066666,6,6,4,-1.9306884666666626
2020-06-05 06:15:00,301.0681818181818,29.086688311363638,7.142857143,4135001,HmiyD2TTLFNqkNe,21.653328466666665,19.7878378,0.0237962576,6,6,4,-1.8654906666666662
2020-06-05 06:30:00,576.1152597409091,55.768181818636364,19.125,4135001,HmiyD2TTLFNqkNe,21.863590533333333,20.2624066,0.0381347714,6,6,4,-1.6011839333333349
2020-06-05 06:45:00,1372.478896090909,133.8641233818182,45.71428571,4135001,HmiyD2TTLFNqkNe,22.2525206,21.710430866666663,0.0946579585333333,6,6,4,-0.5420897333333379
2020-06-05 07:00:00,1452.636363590909,141.79821428636365,84.0,4135001,HmiyD2TTLFNqkNe,22.578601066666668,23.143766266666663,0.1046293030666666,7,6,4,0.5651651999999956
2020-06-05 07:15:00,1912.8595779999998,187.43676947727272,126.0,4135001,HmiyD2TTLFNqkNe,22.747050133333335,24.6323364,0.1354008960666666,7,6,4,1.8852862666666645
2020-06-05 07:30:00,2141.103896090909,209.9159902590909,181.0,4135001,HmiyD2TTLFNqkNe,22.947841333333333,26.071952400000004,0.1550759426666666,7,6,4,3.1241110666666714
2020-06-05 07:45:00,2346.9675324545456,230.13116883636366,238.8571429,4135001,HmiyD2TTLFNqkNe,23.115711714285712,26.6308375,0.1674217992857143,7,6,4,3.515125785714286
2020-06-05 08:00:00,2835.8352272727275,278.36201298636365,305.125,4135001,HmiyD2TTLFNqkNe,23.45101913333333,28.194765,0.2060087846666666,8,6,4,4.743745866666671
2020-06-05 08:15:00,5268.710227318182,516.2728896136364,417.5714286,4135001,HmiyD2TTLFNqkNe,23.990735,31.34313753333333,0.3701208159999999,8,6,4,7.352402533333329
2020-06-05 08:30:00,6950.736201318182,680.6812499954546,579.125,4135001,HmiyD2TTLFNqkNe,24.78111993333333,37.137320933333335,0.5538165126666666,8,6,4,12.356201000000006
2020-06-05 08:45:00,7408.485389636364,725.2302759772728,775.2857143,4135001,HmiyD2TTLFNqkNe,25.71807246666667,42.10721,0.6010126913333332,8,6,4,16.389137533333333
2020-06-05 09:00:00,7283.176136363636,712.8199675363637,967.375,4135001,HmiyD2TTLFNqkNe,26.1081848,44.455601,0.4937874026666666,9,6,4,18.3474162
2020-06-05 09:15:00,8823.671266227273,863.0491883090908,1160.0,4135001,HmiyD2TTLFNqkNe,26.326908333333336,43.22573646666668,0.661408742,9,6,4,16.898828133333346
2020-06-05 09:30:00,9768.855520272728,954.4511363318182,1407.875,4135001,HmiyD2TTLFNqkNe,27.173240066666672,47.9939452,0.6939978406666665,9,6,4,20.820705133333327
2020-06-05 09:45:00,5769.198863590908,565.3234577909091,1617.5,4135001,HmiyD2TTLFNqkNe,27.300339800000003,45.74378906666668,0.403045044,9,6,4,18.443449266666676
2020-06-05 10:00:00,10620.630681818182,1037.0399351772728,1805.875,4135001,HmiyD2TTLFNqkNe,27.44654421428572,46.09474850000001,0.7867404085714285,10,6,4,18.64820428571429
2020-06-05 10:15:00,6479.882305181818,634.693506490909,2047.0,4135001,HmiyD2TTLFNqkNe,27.920831266666664,48.78672900000001,0.4621650586666667,10,6,4,20.865897733333345
2020-06-05 10:30:00,10166.909091772728,992.8606331090909,2231.714286,4135001,HmiyD2TTLFNqkNe,27.469006399999994,45.76378179999999,0.7480077733333332,10,6,4,18.294775399999995
2020-06-05 10:45:00,10088.489447727274,985.0421266454545,2527.125,4135001,HmiyD2TTLFNqkNe,28.038039066666663,54.683736466666666,0.7114153480000001,10,6,4,26.645697400000003
2020-06-05 11:00:00,9484.990259636364,926.7012175272728,2772.857143,4135001,HmiyD2TTLFNqkNe,27.55344846666667,47.8497312,0.6841737733333335,11,6,4,20.29628273333333
2020-06-05 11:15:00,10684.998376363637,1043.0920454590907,3028.0,4135001,HmiyD2TTLFNqkNe,28.1088298,54.984794066666666,0.9138139586666668,11,6,4,26.875964266666667
2020-06-05 11:30:00,12376.693182272727,1207.3021916363637,3276.571429,4135001,HmiyD2TTLFNqkNe,28.699442466666667,59.51716313333333,1.0468158086666666,11,6,4,30.81772066666666
2020-06-05 11:45:00,11520.314935454546,1123.9916396545455,3591.75,4135001,HmiyD2TTLFNqkNe,28.785264266666665,60.75704953333334,0.9516839406666668,11,6,4,31.97178526666667
2020-06-05 12:00:00,4716.452922227272,462.6734577863636,3757.571429,4135001,HmiyD2TTLFNqkNe,28.726664714285715,48.51885335714286,0.3794895364285714,12,6,4,19.792188642857145
2020-06-05 12:15:00,4666.583603954546,457.81331168636365,3876.0,4135001,HmiyD2TTLFNqkNe,27.64007353333333,40.50380226666666,0.323248656,12,6,4,12.863728733333332
2020-06-05 12:30:00,3614.3636363636365,355.2691558454545,3970.571429,4135001,HmiyD2TTLFNqkNe,24.78254793333333,27.2943788,0.2201477426666666,12,6,4,2.5118308666666707
2020-06-05 12:45:00,5362.6574675,525.7703733727272,4077.5,4135001,HmiyD2TTLFNqkNe,23.833673,27.06917933333333,0.3283600913333332,12,6,4,3.23550633333333
2020-06-05 13:00:00,8416.742694818182,823.5297889499999,4265.428571,4135001,HmiyD2TTLFNqkNe,24.98657813333333,35.3831992,0.549665794,13,6,4,10.396621066666668
2020-06-05 13:15:00,8084.349837545455,790.7083603909091,4485.625,4135001,HmiyD2TTLFNqkNe,25.75082,43.90548686666667,0.5586564773333333,13,6,4,18.15466686666667
2020-06-05 13:30:00,10277.983767,1003.6529221,4675.142857,4135001,HmiyD2TTLFNqkNe,26.45047,45.249314466666654,0.7687173853333333,13,6,4,18.798844466666655
2020-06-05 13:45:00,13093.51217590909,1276.6551947272726,4990.0,4135001,HmiyD2TTLFNqkNe,28.032407666666664,55.623793733333336,0.9986998006666664,13,6,4,27.591386066666672
2020-06-05 14:00:00,11892.243506818182,1160.1222402272726,5321.571429,4135001,HmiyD2TTLFNqkNe,29.018203714285715,57.50350071428572,0.88675423,14,6,4,28.485297000000006
2020-06-05 14:15:00,6219.025162318182,608.7767857136364,5566.5,4135001,HmiyD2TTLFNqkNe,28.8636616,49.925148466666656,0.4664396726666666,14,6,4,21.061486866666655
2020-06-05 14:30:00,11518.810876818183,1124.159902590909,5788.857143,4135001,HmiyD2TTLFNqkNe,29.279667000000003,49.60990173333333,0.8546898013333333,14,6,4,20.330234733333327
2020-06-05 14:45:00,10800.567370045454,1055.4147728363637,6059.25,4135001,HmiyD2TTLFNqkNe,29.678208266666665,52.84774173333333,0.7957694813333333,14,6,4,23.169533466666664
2020-06-05 15:00:00,8820.838474,862.2121753318181,6301.571429,4135001,HmiyD2TTLFNqkNe,29.9443218,51.73378113333333,0.6257630746666667,15,6,4,21.78945933333333
2020-06-05 15:15:00,6843.2199674545445,669.4463474090909,6487.0,4135001,HmiyD2TTLFNqkNe,29.553806533333333,46.45627853333334,0.495956084,15,6,4,16.902472000000007
2020-06-05 15:30:00,4316.693181818182,422.74383116818177,6599.0,4135001,HmiyD2TTLFNqkNe,28.67100406666667,38.05905166666666,0.330956198,15,6,4,9.388047599999993
2020-06-05 15:45:00,8818.172077954545,862.69310065,6772.428571,4135001,HmiyD2TTLFNqkNe,28.982812333333328,44.096299066666674,0.630338126,15,6,4,15.113486733333346
2020-06-05 16:00:00,7416.940746818183,726.2062499954545,6973.125,4135001,HmiyD2TTLFNqkNe,29.360011642857145,44.37733914285714,0.5304860364285712,16,6,4,15.017327499999993
2020-06-05 16:15:00,6515.8879870909095,638.2888798636363,7146.285714,4135001,HmiyD2TTLFNqkNe,29.21803193333333,42.5737022,0.4668261126666666,16,6,4,13.355670266666671
2020-06-05 16:30:00,6071.365259727273,594.8299512909091,7313.875,4135001,HmiyD2TTLFNqkNe,29.177992733333337,41.37456040000001,0.4489735653333333,16,6,4,12.19656766666667
2020-06-05 16:45:00,4629.992694818182,454.25251623181816,7453.0,4135001,HmiyD2TTLFNqkNe,28.7667054,38.25223593333334,0.341884376,16,6,4,9.485530533333339
2020-06-05 17:00:00,4103.1485388636365,402.6357954590909,7572.75,4135001,HmiyD2TTLFNqkNe,28.383642466666668,36.3026832,0.2911635239999999,17,6,4,7.919040733333329
2020-06-05 17:15:00,3875.2345779090906,380.28295454999994,7675.714286,4135001,HmiyD2TTLFNqkNe,28.329986466666664,35.2929974,0.2869888493333333,17,6,4,6.963010933333333
2020-06-05 17:30:00,3680.7175325454546,361.69878246818183,7770.125,4135001,HmiyD2TTLFNqkNe,28.312951533333333,34.75277326666667,0.274644008,17,6,4,6.439821733333339
2020-06-05 17:45:00,2261.2426948636366,221.7285714227273,7847.857143,4135001,HmiyD2TTLFNqkNe,28.13737193333333,33.33803933333334,0.1736663853333333,17,6,4,5.200667400000011
2020-06-05 18:00:00,1161.454545409091,113.05438310863637,7891.0,4135001,HmiyD2TTLFNqkNe,27.676138642857143,30.6434,0.0959535507857142,18,6,4,2.9672613571428563
2020-06-05 18:15:00,543.3782467545454,52.598944805909085,7911.857143,4135001,HmiyD2TTLFNqkNe,27.09036053333333,28.24562973333333,0.0424932424666666,18,6,4,1.1552691999999993
2020-06-05 18:30:00,119.16044372590909,11.503679653818182,7919.625,4135001,HmiyD2TTLFNqkNe,26.31346433333333,25.84845173333333,0.0086745569666666,18,6,4,-0.4650125999999979
2020-06-05 18:45:00,0.0,0.0,7920.0,4135001,HmiyD2TTLFNqkNe,25.68867206666667,23.948681533333335,0.000129449935,18,6,4,-1.7399905333333336
2020-06-05 19:00:00,0.0,0.0,7920.0,4135001,HmiyD2TTLFNqkNe,25.31771846666667,23.1047118,0.0,19,6,4,-2.2130066666666686
2020-06-05 19:15:00,0.0,0.0,7920.0,4135001,HmiyD2TTLFNqkNe,24.977532733333334,22.49722306666667,0.0,19,6,4,-2.4803096666666633
2020-06-05 19:30:00,0.0,0.0,7920.0,4135001,HmiyD2TTLFNqkNe,24.760622133333335,22.101621533333333,0.0,19,6,4,-2.6590006000000024
2020-06-05 19:45:00,0.0,0.0,7920.0,4135001,HmiyD2TTLFNqkNe,24.567763266666667,21.854593933333334,0.0,19,6,4,-2.713169333333333
2020-06-05 20:00:00,0.0,0.0,7920.0,4135001,HmiyD2TTLFNqkNe,24.40181171428572,21.609599642857145,0.0,20,6,4,-2.792212071428576
2020-06-05 20:15:00,0.0,0.0,7920.0,4135001,HmiyD2TTLFNqkNe,24.2519918,21.444433733333334,0.0,20,6,4,-2.8075580666666653
2020-06-05 20:30:00,0.0,0.0,7920.0,4135001,HmiyD2TTLFNqkNe,24.041046266666665,21.321700266666667,0.0,20,6,4,-2.719345999999998
2020-06-05 20:45:00,0.0,0.0,7920.0,4135001,HmiyD2TTLFNqkNe,23.881455466666665,21.0441874,0.0,20,6,4,-2.8372680666666668
2020-06-05 21:00:00,0.0,0.0,7920.0,4135001,HmiyD2TTLFNqkNe,23.661025,20.71221926666667,0.0,21,6,4,-2.94880573333333
2020-06-05 21:15:00,0.0,0.0,7920.0,4135001,HmiyD2TTLFNqkNe,23.538511133333333,20.65864653333333,0.0,21,6,4,-2.8798646000000048
2020-06-05 21:30:00,0.0,0.0,7920.0,4135001,HmiyD2TTLFNqkNe,23.4621744,20.5305968,0.0,21,6,4,-2.931577599999997
2020-06-05 21:45:00,0.0,0.0,7920.0,4135001,HmiyD2TTLFNqkNe,23.38109546666667,20.44203673333333,0.0,21,6,4,-2.93905873333334
2020-06-05 22:00:00,0.0,0.0,7920.0,4135001,HmiyD2TTLFNqkNe,23.249294066666664,20.27038166666667,0.0,22,6,4,-2.978912399999995
2020-06-05 22:15:00,0.0,0.0,7920.0,4135001,HmiyD2TTLFNqkNe,23.104354857142855,20.18705107142857,0.0,22,6,4,-2.917303785714285
2020-06-05 22:30:00,0.0,0.0,7920.0,4135001,HmiyD2TTLFNqkNe,22.92467253333333,20.01558633333333,0.0,22,6,4,-2.9090861999999973
2020-06-05 22:45:00,0.0,0.0,7920.0,4135001,HmiyD2TTLFNqkNe,22.75687046666667,19.76906513333333,0.0,22,6,4,-2.9878053333333376
2020-06-05 23:00:00,0.0,0.0,7920.0,4135001,HmiyD2TTLFNqkNe,22.555259266666667,19.601790333333337,0.0,23,6,4,-2.9534689333333297
2020-06-05 23:15:00,0.0,0.0,7920.0,4135001,HmiyD2TTLFNqkNe,22.5601338,19.6811666,0.0,23,6,4,-2.878967199999998
2020-06-05 23:30:00,0.0,0.0,7920.0,4135001,HmiyD2TTLFNqkNe,22.5417704,19.7616006,0.0,23,6,4,-2.7801697999999995
2020-06-05 23:45:00,0.0,0.0,7838.0,4135001,HmiyD2TTLFNqkNe,22.524619466666667,19.7942504,0.0,23,6,4,-2.7303690666666682
2020-06-06 00:00:00,0.0,0.0,1105.571429,4135001,HmiyD2TTLFNqkNe,22.4748738,19.6556172,0.0,0,6,5,-2.8192566000000028
2020-06-06 00:15:00,0.0,0.0,0.0,4135001,HmiyD2TTLFNqkNe,22.446710466666666,19.7401856,0.0,0,6,5,-2.7065248666666655
2020-06-06 00:30:00,0.0,0.0,0.0,4135001,HmiyD2TTLFNqkNe,22.32631013333333,19.624399800000003,0.0,0,6,5,-2.701910333333327
2020-06-06 00:45:00,0.0,0.0,0.0,4135001,HmiyD2TTLFNqkNe,22.243926857142856,19.516771785714287,0.0,0,6,5,-2.7271550714285695
2020-06-06 01:00:00,0.0,0.0,0.0,4135001,HmiyD2TTLFNqkNe,22.207804266666663,19.5121276,0.0,1,6,5,-2.695676666666664
2020-06-06 01:15:00,0.0,0.0,0.0,4135001,HmiyD2TTLFNqkNe,22.23102213333333,19.660040066666667,0.0,1,6,5,-2.5709820666666623
2020-06-06 01:30:00,0.0,0.0,0.0,4135001,HmiyD2TTLFNqkNe,22.152329466666668,19.582956933333328,0.0,1,6,5,-2.5693725333333397
2020-06-06 01:45:00,0.0,0.0,0.0,4135001,HmiyD2TTLFNqkNe,21.9829162,19.36170873333333,0.0,1,6,5,-2.621207466666668
2020-06-06 02:00:00,0.0,0.0,0.0,4135001,HmiyD2TTLFNqkNe,21.92101433333333,19.488366666666664,0.0,2,6,5,-2.4326476666666643
2020-06-06 02:15:00,0.0,0.0,0.0,4135001,HmiyD2TTLFNqkNe,21.976127066666663,19.5315044,0.0,2,6,5,-2.444622666666664
2020-06-06 02:30:00,0.0,0.0,0.0,4135001,HmiyD2TTLFNqkNe,21.894398866666663,19.451336666666677,0.0,2,6,5,-2.4430621999999858
2020-06-06 02:45:00,0.0,0.0,0.0,4135001,HmiyD2TTLFNqkNe,21.701495466666668,19.232078066666663,0.0,2,6,5,-2.4694174000000046
2020-06-06 03:00:00,0.0,0.0,0.0,4135001,HmiyD2TTLFNqkNe,21.51942878571429,19.068950142857144,0.0,3,6,5,-2.4504786428571457
2020-06-06 03:15:00,0.0,0.0,0.0,4135001,HmiyD2TTLFNqkNe,21.438657733333336,19.052948066666666,0.0,3,6,5,-2.3857096666666706
2020-06-06 03:30:00,0.0,0.0,0.0,4135001,HmiyD2TTLFNqkNe,21.588897933333328,19.275600133333327,0.0,3,6,5,-2.313297800000001
2020-06-06 03:45:00,0.0,0.0,0.0,4135001,HmiyD2TTLFNqkNe,21.5690164,19.236916333333333,0.0,3,6,5,-2.3321000666666656
2020-06-06 04:00:00,0.0,0.0,0.0,4135001,HmiyD2TTLFNqkNe,21.469618733333327,19.0515952,0.0,4,6,5,-2.4180235333333258
2020-06-06 04:15:00,0.0,0.0,0.0,4135001,HmiyD2TTLFNqkNe,21.32059926666667,18.93925773333333,0.0,4,6,5,-2.3813415333333374
2020-06-06 04:30:00,0.0,0.0,0.0,4135001,HmiyD2TTLFNqkNe,21.27923166666667,19.024615466666663,0.0,4,6,5,-2.254616200000008
2020-06-06 04:45:00,0.0,0.0,0.0,4135001,HmiyD2TTLFNqkNe,21.113210066666667,18.840543666666665,0.0,4,6,5,-2.272666400000002
2020-06-06 05:00:00,0.0,0.0,0.0,4135001,HmiyD2TTLFNqkNe,20.971514,18.501708928571425,0.0,5,6,5,-2.469805071428574
2020-06-06 05:15:00,0.0,0.0,0.0,4135001,HmiyD2TTLFNqkNe,20.875439533333328,18.285264066666663,0.0,5,6,5,-2.5901754666666648
2020-06-06 05:30:00,0.0,0.0,0.0,4135001,HmiyD2TTLFNqkNe,20.4631672,18.140415466666663,0.0,5,6,5,-2.3227517333333374
2020-06-06 05:45:00,0.0,0.0,0.0,4135001,HmiyD2TTLFNqkNe,20.398504866666663,18.242307533333335,0.001050105428,5,6,5,-2.1561973333333277
2020-06-06 06:00:00,134.67694805,12.997321428181818,1.5,4135001,HmiyD2TTLFNqkNe,20.426454666666668,18.25406093333333,0.0112804514933333,6,6,5,-2.1723937333333367
2020-06-06 06:15:00,422.95860389090905,40.888555194545454,8.714285714,4135001,HmiyD2TTLFNqkNe,21.026063933333333,19.1683044,0.0318784349333333,6,6,5,-1.8577595333333328
2020-06-06 06:30:00,746.8482142818182,72.42118506454545,23.0,4135001,HmiyD2TTLFNqkNe,21.30387786666667,19.903894,0.0505427079333333,6,6,5,-1.3999838666666697
2020-06-06 06:45:00,1452.9407468181819,141.82491883181817,53.875,4135001,HmiyD2TTLFNqkNe,21.7675536,21.045220800000003,0.1083668231333333,6,6,5,-0.7223327999999967
2020-06-06 07:00:00,2643.4788961363633,259.3386363590909,113.1428571,4135001,HmiyD2TTLFNqkNe,22.418231133333336,24.00137146666667,0.241690604,7,6,5,1.5831403333333327
2020-06-06 07:15:00,3344.890422045454,328.57581168636364,185.0,4135001,HmiyD2TTLFNqkNe,23.072224285714285,26.810551285714286,0.291636115,7,6,5,3.7383270000000017
2020-06-06 07:30:00,3830.430194818182,376.4215909136364,285.625,4135001,HmiyD2TTLFNqkNe,23.4391542,29.62755733333333,0.3192179526666666,7,6,5,6.188403133333328
2020-06-06 07:45:00,4557.690746727272,447.27621752727276,398.0,4135001,HmiyD2TTLFNqkNe,24.040710200000003,33.153322333333335,0.3658943839999999,7,6,5,9.112612133333332
2020-06-06 08:00:00,5199.911525954545,509.7495129909091,531.125,4135001,HmiyD2TTLFNqkNe,24.8309816,37.33390526666666,0.4089987206666667,8,6,5,12.50292366666666
2020-06-06 08:15:00,5388.596590909091,528.2121753181818,670.7142857,4135001,HmiyD2TTLFNqkNe,25.26646733333333,38.90950326666666,0.4213385493333333,8,6,5,13.64303593333333
2020-06-06 08:30:00,7003.916396090909,685.8579545454545,835.75,4135001,HmiyD2TTLFNqkNe,25.8001344,42.2704184,0.5379956300000001,8,6,5,16.470283999999996
2020-06-06 08:45:00,6083.177759727273,596.0063311636363,998.7142857,4135001,HmiyD2TTLFNqkNe,26.29952173333333,42.8193886,0.458073066,8,6,5,16.519866866666675
2020-06-06 09:00:00,3825.2881493636364,375.76647726818186,1125.5,4135001,HmiyD2TTLFNqkNe,26.346307466666666,38.737007666666656,0.2645778099999999,9,6,5,12.39070019999999
2020-06-06 09:15:00,5267.008116909091,516.4323863681818,1244.428571,4135001,HmiyD2TTLFNqkNe,26.485955866666668,36.686997266666665,0.3741500186666666,9,6,5,10.201041399999998
2020-06-06 09:30:00,9159.149350727273,895.5294642909091,1434.75,4135001,HmiyD2TTLFNqkNe,26.816632928571423,41.40657221428572,0.6841655264285715,9,6,5,14.589939285714294
2020-06-06 09:45:00,6917.852272727273,676.8593344181818,1666.428571,4135001,HmiyD2TTLFNqkNe,27.40662013333333,45.656620466666666,0.5831875886666666,9,6,5,18.250000333333336
2020-06-06 10:00:00,10498.955357318182,1025.270698059091,1873.0,4135001,HmiyD2TTLFNqkNe,27.516166266666666,48.38149606666668,0.7896276833333333,10,6,5,20.865329800000012
2020-06-06 10:15:00,8627.115259909091,842.7323052136363,2142.0,4135001,HmiyD2TTLFNqkNe,27.909726666666668,53.5194478,0.660908664,10,6,5,25.609721133333334
2020-06-06 10:30:00,9203.49594131818,897.9817370090909,2317.0,4135001,HmiyD2TTLFNqkNe,27.891768466666665,46.3823122,0.7134718886666666,10,6,5,18.490543733333336
2020-06-06 10:45:00,8482.43993509091,829.0087662363636,2584.142857,4135001,HmiyD2TTLFNqkNe,28.858711866666663,49.9206544,0.592244042,10,6,5,21.061942533333333
2020-06-06 11:00:00,10105.109578318183,986.9080356772727,2803.75,4135001,HmiyD2TTLFNqkNe,29.0410462,52.9128622,0.833716566,11,6,5,23.871816
2020-06-06 11:15:00,11275.235390272726,1100.3173700727273,3069.142857,4135001,HmiyD2TTLFNqkNe,29.5964662,54.43137613333333,0.8457802326666666,11,6,5,24.834909933333332
2020-06-06 11:30:00,7549.678571454546,737.6482142863637,3317.0,4135001,HmiyD2TTLFNqkNe,29.662364357142856,49.18731492857143,0.442447935,11,6,5,19.524950571428576
2020-06-06 11:45:00,5229.245129818182,511.55194805454545,3483.125,4135001,HmiyD2TTLFNqkNe,29.043869866666665,43.17022886666666,0.4059969573333333,11,6,5,14.126358999999997
2020-06-06 12:00:00,8162.788961045455,797.5087662318182,3620.571429,4135001,HmiyD2TTLFNqkNe,28.9149232,43.233393066666665,0.6368961286666666,12,6,5,14.318469866666664
2020-06-06 12:15:00,8749.3839285,854.6705357090909,3883.125,4135001,HmiyD2TTLFNqkNe,29.854372133333328,53.01691526666667,0.6880469099999998,12,6,5,23.162543133333344
2020-06-06 12:30:00,10114.779220272727,987.4127435272727,4064.285714,4135001,HmiyD2TTLFNqkNe,29.957515466666667,48.48572366666667,0.7764533440000001,12,6,5,18.528208200000005
2020-06-06 12:45:00,8709.758116909092,851.0449675318182,4293.5,4135001,HmiyD2TTLFNqkNe,30.168788466666665,52.53135606666668,0.7886542966666666,12,6,5,22.362567600000016
2020-06-06 13:00:00,12523.561688181817,1221.5374187727273,4559.714286,4135001,HmiyD2TTLFNqkNe,30.398728400000003,55.526068,0.9654513833333332,13,6,5,25.1273396
2020-06-06 13:15:00,4082.693181818182,399.7379870090909,4788.625,4135001,HmiyD2TTLFNqkNe,29.198299066666667,45.0946062,0.3182395246666667,13,6,5,15.896307133333334
2020-06-06 13:30:00,8388.099025954545,819.9690746772728,4912.571429,4135001,HmiyD2TTLFNqkNe,26.463971,30.740364866666663,0.5331907740000001,13,6,5,4.2763938666666625
2020-06-06 13:45:00,10192.64691609091,995.173863740909,5194.625,4135001,HmiyD2TTLFNqkNe,28.371896071428573,46.56454507142857,0.76237895,13,6,5,18.192648999999996
2020-06-06 14:00:00,7565.249188272727,739.9443181818182,5375.571429,4135001,HmiyD2TTLFNqkNe,28.25725513333333,43.641306466666656,0.456957692,14,6,5,15.384051333333325
2020-06-06 14:15:00,11962.211850636364,1167.0670455909092,5645.625,4135001,HmiyD2TTLFNqkNe,27.5224672,50.04055993333334,0.9430199413333334,14,6,5,22.51809273333334
2020-06-06 14:30:00,4537.482954545455,443.58084415454545,5849.428571,4135001,HmiyD2TTLFNqkNe,28.193302266666667,48.016939066666666,0.3527128088,14,6,5,19.8236368
2020-06-06 14:45:00,2415.6136364090908,236.93092532727272,5904.0,4135001,HmiyD2TTLFNqkNe,25.385963933333336,27.446895466666668,0.1509989932,14,6,5,2.0609315333333313
2020-06-06 15:00:00,4071.895292272727,399.8171266227273,5985.0,4135001,HmiyD2TTLFNqkNe,25.10567633333333,26.625590066666664,0.254934934,15,6,5,1.5199137333333326
2020-06-06 15:15:00,4963.415584363636,486.6549513045455,6104.375,4135001,HmiyD2TTLFNqkNe,25.97744133333333,31.4134398,0.325346652,15,6,5,5.435998466666668
2020-06-06 15:30:00,4307.012987,422.82743506818184,6225.0,4135001,HmiyD2TTLFNqkNe,26.587683066666667,34.3489056,0.28833439,15,6,5,7.761222533333335
2020-06-06 15:45:00,3308.6615260000003,325.0534090909091,6318.125,4135001,HmiyD2TTLFNqkNe,26.64763521428571,33.14010199999999,0.2204616164285714,15,6,5,6.4924667857142815
2020-06-06 16:00:00,2676.9772726818182,262.6055194863636,6397.0,4135001,HmiyD2TTLFNqkNe,26.31139526666667,31.449766266666668,0.1760581826666666,16,6,5,5.138370999999999
2020-06-06 16:15:00,1542.5543831363639,150.66144480454545,6448.857143,4135001,HmiyD2TTLFNqkNe,26.046683800000004,29.318176333333334,0.1018763052666666,16,6,5,3.27149253333333
2020-06-06 16:30:00,1365.3522727727272,132.92938311818182,6483.5,4135001,HmiyD2TTLFNqkNe,25.648555266666666,27.703678333333333,0.0869533126666666,16,6,5,2.055123066666667
2020-06-06 16:45:00,1285.483766181818,125.06363636818182,6518.142857,4135001,HmiyD2TTLFNqkNe,25.334818533333337,27.200339666666668,0.0816072844666666,16,6,5,1.8655211333333312
2020-06-06 17:00:00,927.6047077818181,90.09245129909091,6545.625,4135001,HmiyD2TTLFNqkNe,24.9111592,26.31437593333333,0.0596414616666666,17,6,5,1.4032167333333305
2020-06-06 17:15:00,643.4569805181818,62.30235389545455,6565.571429,4135001,HmiyD2TTLFNqkNe,24.6149332,25.334737333333333,0.0415707431333333,17,6,5,0.7198041333333336
2020-06-06 17:30:00,452.2735389636364,43.73376623363636,6579.5,4135001,HmiyD2TTLFNqkNe,24.514550666666665,24.669201600000005,0.0294998014666666,17,6,5,0.15465093333333968
2020-06-06 17:45:00,329.84902597727273,31.866396104545455,6589.714286,4135001,HmiyD2TTLFNqkNe,24.373624600000003,24.219653266666665,0.0218913211333333,17,6,5,-0.15397133333333812
2020-06-06 18:00:00,219.4650974,21.186038961363636,6597.0,4135001,HmiyD2TTLFNqkNe,24.214307571428574,23.84339257142857,0.0164651889285714,18,6,5,-0.37091500000000366
2020-06-06 18:15:00,107.455357142,10.3639285727,6601.714286,4135001,HmiyD2TTLFNqkNe,24.0314636,23.445373466666663,0.0088829525333333,18,6,5,-0.5860901333333359
2020-06-06 18:30:00,0.0,0.0,6603.0,4135001,HmiyD2TTLFNqkNe,23.8018982,23.067795866666664,0.002114633124,18,6,5,-0.7341023333333361
2020-06-06 18:45:00,0.0,0.0,6603.0,4135001,HmiyD2TTLFNqkNe,23.566296399999995,22.568906800000004,0.0,18,6,5,-0.9973895999999911
2020-06-06 19:00:00,0.0,0.0,6603.0,4135001,HmiyD2TTLFNqkNe,23.388924066666664,22.3684164,0.0,19,6,5,-1.0205076666666635
2020-06-06 19:15:00,0.0,0.0,6603.0,4135001,HmiyD2TTLFNqkNe,23.178334533333334,22.046354066666662,0.0,19,6,5,-1.131980466666672
2020-06-06 19:30:00,0.0,0.0,6603.0,4135001,HmiyD2TTLFNqkNe,23.032047533333333,21.725838133333333,0.0,19,6,5,-1.3062094000000002
2020-06-06 19:45:00,0.0,0.0,6603.0,4135001,HmiyD2TTLFNqkNe,22.61733606666667,21.18924546666667,0.0,19,6,5,-1.4280906000000009
2020-06-06 20:00:00,0.0,0.0,6603.0,4135001,HmiyD2TTLFNqkNe,22.435105266666664,20.8517252,0.0,20,6,5,-1.5833800666666633
2020-06-06 20:15:00,0.0,0.0,6603.0,4135001,HmiyD2TTLFNqkNe,22.393408266666665,20.394838466666663,0.0,20,6,5,-1.998569800000002
2020-06-06 20:30:00,0.0,0.0,6603.0,4135001,HmiyD2TTLFNqkNe,22.334638285714284,20.134107285714283,0.0,20,6,5,-2.2005310000000016
2020-06-06 20:45:00,0.0,0.0,6603.0,4135001,HmiyD2TTLFNqkNe,22.187079066666666,20.1460408,0.0,20,6,5,-2.041038266666664
2020-06-06 21:00:00,0.0,0.0,6603.0,4135001,HmiyD2TTLFNqkNe,22.1833922,20.334501,0.0,21,6,5,-1.8488912000000006
2020-06-06 21:15:00,0.0,0.0,6603.0,4135001,HmiyD2TTLFNqkNe,22.210577533333336,20.432326266666664,0.0,21,6,5,-1.7782512666666719
2020-06-06 21:30:00,0.0,0.0,6603.0,4135001,HmiyD2TTLFNqkNe,22.211206066666666,20.508386266666665,0.0,21,6,5,-1.7028198000000003
2020-06-06 21:45:00,0.0,0.0,6603.0,4135001,HmiyD2TTLFNqkNe,22.21850393333333,20.4641012,0.0,21,6,5,-1.754402733333329
2020-06-06 22:00:00,0.0,0.0,6603.0,4135001,HmiyD2TTLFNqkNe,22.19037266666667,20.292954466666668,0.0,22,6,5,-1.8974182000000006
2020-06-06 22:15:00,0.0,0.0,6603.0,4135001,HmiyD2TTLFNqkNe,22.1516112,20.19132286666667,0.0,22,6,5,-1.960288333333331
2020-06-06 22:30:00,0.0,0.0,6603.0,4135001,HmiyD2TTLFNqkNe,22.1585,20.181113866666664,0.0,22,6,5,-1.9773861333333365
2020-06-06 22:45:00,0.0,0.0,6603.0,4135001,HmiyD2TTLFNqkNe,22.119533266666664,20.250876933333327,0.0,22,6,5,-1.8686563333333375
2020-06-06 23:00:00,0.0,0.0,6603.0,4135001,HmiyD2TTLFNqkNe,22.125963571428567,20.27607721428572,0.0,23,6,5,-1.8498863571428465
2020-06-06 23:15:00,0.0,0.0,6603.0,4135001,HmiyD2TTLFNqkNe,22.194932066666663,20.21912826666667,0.0,23,6,5,-1.9758037999999942
2020-06-06 23:30:00,0.0,0.0,6603.0,4135001,HmiyD2TTLFNqkNe,22.081917266666665,20.148321600000003,0.0,23,6,5,-1.9335956666666618
2020-06-06 23:45:00,0.0,0.0,6496.0,4135001,HmiyD2TTLFNqkNe,22.123830266666666,20.20074466666667,0.0,23,6,5,-1.9230855999999967
2020-06-07 00:00:00,0.0,0.0,907.8571429,4135001,HmiyD2TTLFNqkNe,22.05573953333333,20.297180266666665,0.0,0,6,6,-1.7585592666666656
2020-06-07 00:15:00,0.0,0.0,0.0,4135001,HmiyD2TTLFNqkNe,22.10319206666666,20.39622393333333,0.0,0,6,6,-1.70696813333333
2020-06-07 00:30:00,0.0,0.0,0.0,4135001,HmiyD2TTLFNqkNe,22.224560666666665,20.518798866666668,0.0,0,6,6,-1.7057617999999977
2020-06-07 00:45:00,0.0,0.0,0.0,4135001,HmiyD2TTLFNqkNe,22.30642906666667,20.727630533333336,0.0,0,6,6,-1.5787985333333339
2020-06-07 01:00:00,0.0,0.0,0.0,4135001,HmiyD2TTLFNqkNe,22.26318146666667,20.769368466666663,0.0,1,6,6,-1.4938130000000065
2020-06-07 01:15:00,0.0,0.0,0.0,4135001,HmiyD2TTLFNqkNe,22.224988642857145,20.794174357142857,0.0,1,6,6,-1.4308142857142876
2020-06-07 01:30:00,0.0,0.0,0.0,4135001,HmiyD2TTLFNqkNe,22.250954266666668,20.80826,0.0,1,6,6,-1.442694266666667
2020-06-07 01:45:00,0.0,0.0,0.0,4135001,HmiyD2TTLFNqkNe,22.245330666666668,20.7225952,0.0,1,6,6,-1.522735466666667
2020-06-07 02:00:00,0.0,0.0,0.0,4135001,HmiyD2TTLFNqkNe,22.1836792,20.5272158,0.0,2,6,6,-1.6564633999999998
2020-06-07 02:15:00,0.0,0.0,0.0,4135001,HmiyD2TTLFNqkNe,22.071877,20.389953666666667,0.0,2,6,6,-1.6819233333333337
2020-06-07 02:30:00,0.0,0.0,0.0,4135001,HmiyD2TTLFNqkNe,22.029390266666667,20.386875133333337,0.0,2,6,6,-1.6425151333333297
2020-06-07 02:45:00,0.0,0.0,0.0,4135001,HmiyD2TTLFNqkNe,21.9825462,20.358048333333333,0.0,2,6,6,-1.624497866666669
2020-06-07 03:00:00,0.0,0.0,0.0,4135001,HmiyD2TTLFNqkNe,21.9359068,20.357409733333327,0.0,3,6,6,-1.5784970666666744
2020-06-07 03:15:00,0.0,0.0,0.0,4135001,HmiyD2TTLFNqkNe,21.953224666666664,20.305244866666676,0.0,3,6,6,-1.6479797999999874
2020-06-07 03:30:00,0.0,0.0,0.0,4135001,HmiyD2TTLFNqkNe,21.89431971428571,20.10399957142857,0.0,3,6,6,-1.7903201428571407
2020-06-07 03:45:00,0.0,0.0,0.0,4135001,HmiyD2TTLFNqkNe,21.831136,20.094527266666667,0.0,3,6,6,-1.736608733333334
2020-06-07 04:00:00,0.0,0.0,0.0,4135001,HmiyD2TTLFNqkNe,21.918208866666667,20.265173333333333,0.0,4,6,6,-1.653035533333334
2020-06-07 04:15:00,0.0,0.0,0.0,4135001,HmiyD2TTLFNqkNe,21.9437256,20.334055600000003,0.0,4,6,6,-1.6096699999999977
2020-06-07 04:30:00,0.0,0.0,0.0,4135001,HmiyD2TTLFNqkNe,21.946582066666668,20.434261,0.0,4,6,6,-1.5123210666666687
2020-06-07 04:45:00,0.0,0.0,0.0,4135001,HmiyD2TTLFNqkNe,21.94075313333333,20.4068746,0.0,4,6,6,-1.5338785333333327
2020-06-07 05:00:00,0.0,0.0,0.0,4135001,HmiyD2TTLFNqkNe,21.97220246666667,20.491691,0.0,5,6,6,-1.4805114666666697
2020-06-07 05:15:00,0.0,0.0,0.0,4135001,HmiyD2TTLFNqkNe,22.067002399999996,20.666540466666667,0.0,5,6,6,-1.4004619333333288
2020-06-07 05:30:00,0.0,0.0,0.0,4135001,HmiyD2TTLFNqkNe,22.19018973333333,20.891292133333334,0.0,5,6,6,-1.2988975999999965
2020-06-07 05:45:00,0.0,0.0,0.0,4135001,HmiyD2TTLFNqkNe,22.18672828571429,20.98682278571429,0.0002446326267021,5,6,6,-1.1999054999999998
2020-06-07 06:00:00,60.39042207772727,5.83027597409091,0.285714286,4135001,HmiyD2TTLFNqkNe,22.086163266666663,20.94403673333333,0.0071169433199999,6,6,6,-1.1421265333333324
2020-06-07 06:15:00,399.84253246818184,38.655275973636364,6.0,4135001,HmiyD2TTLFNqkNe,22.0659282,21.123944133333328,0.0289893672,6,6,6,-0.9419840666666701
2020-06-07 06:30:00,791.6469155863637,76.79748376590909,21.0,4135001,HmiyD2TTLFNqkNe,22.062723666666667,21.586832733333328,0.0563336587333333,6,6,6,-0.4758909333333392
2020-06-07 06:45:00,1476.659902590909,144.27240259545454,48.75,4135001,HmiyD2TTLFNqkNe,22.173250333333336,22.970973666666666,0.1072139355999999,6,6,6,0.7977233333333302
2020-06-07 07:00:00,1759.831168681818,172.46404220454545,95.14285714,4135001,HmiyD2TTLFNqkNe,22.4537842,25.09706033333333,0.1285492849999999,7,6,6,2.6432761333333303
2020-06-07 07:15:00,1848.2646103636364,181.16964285454546,140.25,4135001,HmiyD2TTLFNqkNe,22.4785766,25.566410266666665,0.1265910513333333,7,6,6,3.087833666666665
2020-06-07 07:30:00,2060.129870090909,201.96168831818184,190.4285714,4135001,HmiyD2TTLFNqkNe,22.61050626666667,26.383687266666666,0.1389610499999999,7,6,6,3.7731809999999975
2020-06-07 07:45:00,2500.3563311363637,245.19902597727275,246.75,4135001,HmiyD2TTLFNqkNe,22.6054098,27.0571594,0.1693729433333333,7,6,6,4.451749599999999
2020-06-07 08:00:00,3374.1339286363636,331.6589285772727,321.8571429,4135001,HmiyD2TTLFNqkNe,22.874956357142857,28.931237142857142,0.2271388021428571,8,6,6,6.056280785714286
2020-06-07 08:15:00,3539.1282467272727,347.8891233772727,411.625,4135001,HmiyD2TTLFNqkNe,23.19970913333333,30.617470133333327,0.2377031446666667,8,6,6,7.417760999999999
2020-06-07 08:30:00,3613.7840909545457,355.2099837681818,500.7142857,4135001,HmiyD2TTLFNqkNe,23.165612733333333,30.43214306666667,0.2436291773333333,8,6,6,7.2665303333333355
2020-06-07 08:45:00,5007.250811681818,491.1068181818182,606.75,4135001,HmiyD2TTLFNqkNe,23.40423586666667,31.958345733333328,0.3413168086666666,8,6,6,8.554109866666657
2020-06-07 09:00:00,9191.89448059091,899.0898538954546,790.4285714,4135001,HmiyD2TTLFNqkNe,23.9829488,38.8167622,0.6309158766666667,9,6,6,14.8338134
2020-06-07 09:15:00,8376.94886359091,819.7475649318181,1013.125,4135001,HmiyD2TTLFNqkNe,24.389473466666665,42.34455979999999,0.5920114606666667,9,6,6,17.955086333333327
2020-06-07 09:30:00,6932.689123363636,678.8939935045454,1215.714286,4135001,HmiyD2TTLFNqkNe,24.661753399999995,42.03903773333332,0.4748543633333333,9,6,6,17.37728433333333
2020-06-07 09:45:00,6190.902597363636,606.5543831181818,1359.285714,4135001,HmiyD2TTLFNqkNe,24.460260066666663,38.327647133333336,0.4301018386666667,9,6,6,13.867387066666673
2020-06-07 10:00:00,6685.4310065909085,654.8292207772728,1530.5,4135001,HmiyD2TTLFNqkNe,24.88059273333333,39.5672728,0.4554531606666666,10,6,6,14.686680066666668
2020-06-07 10:15:00,7791.638798727273,762.622808440909,1705.142857,4135001,HmiyD2TTLFNqkNe,25.090109714285717,39.83215985714286,0.537035125,10,6,6,14.742050142857146
2020-06-07 10:30:00,9605.958603863635,939.1711850636365,1922.5,4135001,HmiyD2TTLFNqkNe,25.68664953333333,43.83857633333333,0.6541739533333331,10,6,6,18.1519268
2020-06-07 10:45:00,13074.673701363638,1275.1126622727272,2225.857143,4135001,HmiyD2TTLFNqkNe,26.655895933333333,52.52440386666667,1.0379223366666668,10,6,6,25.868507933333333
2020-06-07 11:00:00,11439.076298636362,1116.6614448181817,2515.5,4135001,HmiyD2TTLFNqkNe,27.075844133333334,53.64908433333333,0.8485740693333333,11,6,6,26.573240199999994
2020-06-07 11:15:00,13517.967532272729,1318.1693993636363,2832.428571,4135001,HmiyD2TTLFNqkNe,27.4672506,58.268178266666666,1.093312369333333,11,6,6,30.800927666666666
2020-06-07 11:30:00,11619.972402727273,1134.296915590909,3150.75,4135001,HmiyD2TTLFNqkNe,27.8593812,57.1712628,0.855925206,11,6,6,29.3118816
2020-06-07 11:45:00,11102.59740181818,1084.3246753318183,3435.714286,4135001,HmiyD2TTLFNqkNe,27.78503,53.52336233333334,0.8263966746666666,11,6,6,25.73833233333334
2020-06-07 12:00:00,13125.137987272727,1279.7561688636363,3747.75,4135001,HmiyD2TTLFNqkNe,28.042243,56.312655,1.017537535,12,6,6,28.270412
2020-06-07 12:15:00,11566.28084440909,1127.7134740318181,4079.428571,4135001,HmiyD2TTLFNqkNe,28.7483338,59.98777086666667,1.0242290946666668,12,6,6,31.23943706666667
2020-06-07 12:30:00,10729.71103909091,1046.1435876818182,4403.25,4135001,HmiyD2TTLFNqkNe,28.884908,59.149143266666655,1.00650392,12,6,6,30.264235266666656
2020-06-07 12:45:00,9833.761363,958.7897727272727,4728.714286,4135001,HmiyD2TTLFNqkNe,29.4468058,57.7418068,0.9985397593333332,12,6,6,28.295001
2020-06-07 13:00:00,9193.400162272726,896.3603084090909,5050.0,4135001,HmiyD2TTLFNqkNe,30.082822666666665,56.89508453333334,0.9434325606666668,13,6,6,26.812261866666674
2020-06-07 13:15:00,9242.67532409091,901.1994318181819,5364.142857,4135001,HmiyD2TTLFNqkNe,30.003688533333328,56.585726,0.954714792,13,6,6,26.582037466666673
2020-06-07 13:30:00,8134.278409136364,793.7895292000001,5663.25,4135001,HmiyD2TTLFNqkNe,29.89033,55.8342632,0.8324597433333333,13,6,6,25.943933200000004
2020-06-07 13:45:00,5740.627435045454,561.6579545454546,5889.571429,4135001,HmiyD2TTLFNqkNe,29.951885866666665,49.84045633333334,0.5917694113333333,13,6,6,19.88857046666668
2020-06-07 14:00:00,9529.905844,930.9095778999999,6079.571429,4135001,HmiyD2TTLFNqkNe,29.934474666666667,48.0433046,0.7634629593333334,14,6,6,18.108829933333332
2020-06-07 14:15:00,8533.07467540909,833.6029220727272,6355.875,4135001,HmiyD2TTLFNqkNe,30.526469571428567,52.11067421428572,0.6577993407142857,14,6,6,21.584204642857156
2020-06-07 14:30:00,7027.5600648636355,687.0747564954545,6564.285714,4135001,HmiyD2TTLFNqkNe,30.276324400000004,46.78619793333333,0.5078556253333332,14,6,6,16.509873533333323
2020-06-07 14:45:00,4513.6087662,442.7263798718182,6740.25,4135001,HmiyD2TTLFNqkNe,29.847798466666667,42.69290366666666,0.3273317526666667,14,6,6,12.845105199999992
2020-06-07 15:00:00,9156.720779272728,894.4336038954546,6908.142857,4135001,HmiyD2TTLFNqkNe,30.049153666666665,45.10961906666667,0.62916335,15,6,6,15.060465400000002
2020-06-07 15:15:00,6992.082792181818,684.41939935,7098.75,4135001,HmiyD2TTLFNqkNe,30.311199866666666,45.478786266666674,0.493897726,15,6,6,15.167586400000008
2020-06-07 15:30:00,7859.406655818181,769.2045454636365,7288.571429,4135001,HmiyD2TTLFNqkNe,30.26257326666667,45.12008893333333,0.5565673573333334,15,6,6,14.857515666666657
2020-06-07 15:45:00,6357.950487,622.5813311681818,7488.75,4135001,HmiyD2TTLFNqkNe,30.42411086666667,46.23066786666667,0.4599821506666666,15,6,6,15.806557000000002
2020-06-07 16:00:00,7311.129870136364,715.8720779227273,7646.142857,4135001,HmiyD2TTLFNqkNe,30.24165666666667,42.94891766666666,0.5092201013333332,16,6,6,12.707260999999988
2020-06-07 16:15:00,6104.7305195,598.1289772727273,7802.75,4135001,HmiyD2TTLFNqkNe,30.361437285714285,42.96282521428572,0.4548798128571428,16,6,6,12.601387928571437
2020-06-07 16:30:00,3459.223214272727,339.33814934090907,7916.285714,4135001,HmiyD2TTLFNqkNe,29.8172668,39.14588853333333,0.263809032,16,6,6,9.328621733333328
2020-06-07 16:45:00,5073.087662318182,497.37954544999997,8016.625,4135001,HmiyD2TTLFNqkNe,29.1737934,37.11314493333333,0.3538028446666666,16,6,6,7.93935153333333
2020-06-07 17:00:00,3342.1753246363633,328.0093344227273,8128.0,4135001,HmiyD2TTLFNqkNe,28.939170133333327,36.249540200000006,0.2442546013333333,17,6,6,7.310370066666678
2020-06-07 17:15:00,3402.625811681818,334.3073863681818,8206.375,4135001,HmiyD2TTLFNqkNe,28.74334113333333,34.1222822,0.2501518,17,6,6,5.37894106666667
2020-06-07 17:30:00,2171.722402590909,212.87775974545454,8274.857143,4135001,HmiyD2TTLFNqkNe,28.263501133333328,32.293276,0.1567773945333333,17,6,6,4.029774866666671
2020-06-07 17:45:00,1176.8701299545455,114.46055194545455,8312.571429,4135001,HmiyD2TTLFNqkNe,27.518345000000004,29.254244,0.0808109167333333,17,6,6,1.7358989999999963
2020-06-07 18:00:00,664.57305195,64.38904220818182,8335.75,4135001,HmiyD2TTLFNqkNe,26.890378866666666,27.107940666666668,0.0459691700666666,18,6,6,0.21756180000000214
2020-06-07 18:15:00,301.64448052272724,29.14431818181818,8348.0,4135001,HmiyD2TTLFNqkNe,26.388253500000005,25.75343757142857,0.02162753825,18,6,6,-0.6348159285714345
2020-06-07 18:30:00,60.50892857090909,5.836525974045455,8352.75,4135001,HmiyD2TTLFNqkNe,25.811604733333333,24.302943866666663,0.0059234326933333,18,6,6,-1.5086608666666699
2020-06-07 18:45:00,0.0,0.0,8353.0,4135001,HmiyD2TTLFNqkNe,25.57590346666667,23.5736836,6.189576866666667e-05,18,6,6,-2.002219866666671
2020-06-07 19:00:00,0.0,0.0,8353.0,4135001,HmiyD2TTLFNqkNe,25.26825146666667,23.117767266666668,0.0,19,6,6,-2.150484200000001
2020-06-07 19:15:00,0.0,0.0,8353.0,4135001,HmiyD2TTLFNqkNe,24.971708133333333,22.590867266666667,0.0,19,6,6,-2.3808408666666665
2020-06-07 19:30:00,0.0,0.0,8353.0,4135001,HmiyD2TTLFNqkNe,24.6788004,22.31903893333333,0.0,19,6,6,-2.3597614666666686
2020-06-07 19:45:00,0.0,0.0,8353.0,4135001,HmiyD2TTLFNqkNe,24.43683873333333,22.21263826666667,0.0,19,6,6,-2.2242004666666624
2020-06-07 20:00:00,0.0,0.0,8353.0,4135001,HmiyD2TTLFNqkNe,24.214486357142857,22.019662,0.0,20,6,6,-2.1948243571428563
2020-06-07 20:15:00,0.0,0.0,8353.0,4135001,HmiyD2TTLFNqkNe,24.0908446,22.044309533333337,0.0,20,6,6,-2.0465350666666637
2020-06-07 20:30:00,0.0,0.0,8353.0,4135001,HmiyD2TTLFNqkNe,24.030011066666667,22.1147014,0.0,20,6,6,-1.9153096666666656
2020-06-07 20:45:00,0.0,0.0,8353.0,4135001,HmiyD2TTLFNqkNe,23.948044733333337,22.21106766666667,0.0,20,6,6,-1.7369770666666682
2020-06-07 21:00:00,0.0,0.0,8353.0,4135001,HmiyD2TTLFNqkNe,23.908459466666663,22.34423213333333,0.0,21,6,6,-1.564227333333335
2020-06-07 21:15:00,0.0,0.0,8353.0,4135001,HmiyD2TTLFNqkNe,23.7859924,22.157234666666668,0.0,21,6,6,-1.6287577333333338
2020-06-07 21:30:00,0.0,0.0,8353.0,4135001,HmiyD2TTLFNqkNe,23.628920533333336,22.05108853333333,0.0,21,6,6,-1.5778320000000043
2020-06-07 21:45:00,0.0,0.0,8353.0,4135001,HmiyD2TTLFNqkNe,23.4653096,21.887560933333337,0.0,21,6,6,-1.5777486666666647
2020-06-07 22:00:00,0.0,0.0,8353.0,4135001,HmiyD2TTLFNqkNe,23.3559875,21.672494,0.0,22,6,6,-1.6834935000000009
2020-06-07 22:15:00,0.0,0.0,8353.0,4135001,HmiyD2TTLFNqkNe,23.23333333333333,21.3967896,0.0,22,6,6,-1.836543733333329
2020-06-07 22:30:00,0.0,0.0,8353.0,4135001,HmiyD2TTLFNqkNe,23.10634146666667,21.14976193333333,0.0,22,6,6,-1.9565795333333398
2020-06-07 22:45:00,0.0,0.0,8353.0,4135001,HmiyD2TTLFNqkNe,23.106390333333334,21.290132733333333,0.0,22,6,6,-1.8162576000000001
2020-06-07 23:00:00,0.0,0.0,8353.0,4135001,HmiyD2TTLFNqkNe,23.136674066666668,21.55108446666667,0.0,23,6,6,-1.5855895999999987
2020-06-07 23:15:00,0.0,0.0,8353.0,4135001,HmiyD2TTLFNqkNe,23.212194733333337,21.89227706666667,0.0,23,6,6,-1.3199176666666688
2020-06-07 23:30:00,0.0,0.0,8353.0,4135001,HmiyD2TTLFNqkNe,23.321769133333333,22.1704956,0.0,23,6,6,-1.1512735333333346
2020-06-07 23:45:00,0.0,0.0,8277.0,4135001,HmiyD2TTLFNqkNe,23.338594466666667,22.251352866666664,0.0,23,6,6,-1.0872416000000023
2020-06-08 00:00:00,0.0,0.0,1169.0,4135001,HmiyD2TTLFNqkNe,23.31643,22.217734214285716,0.0,0,6,0,-1.098695785714284
2020-06-08 00:15:00,0.0,0.0,0.0,4135001,HmiyD2TTLFNqkNe,23.257477,22.07641986666667,0.0,0,6,0,-1.1810571333333328
2020-06-08 00:30:00,0.0,0.0,0.0,4135001,HmiyD2TTLFNqkNe,23.057411733333332,21.816440933333336,0.0,0,6,0,-1.240970799999996
2020-06-08 00:45:00,0.0,0.0,0.0,4135001,HmiyD2TTLFNqkNe,22.822715266666663,21.3458352,0.0,0,6,0,-1.4768800666666628
2020-06-08 01:00:00,0.0,0.0,0.0,4135001,HmiyD2TTLFNqkNe,22.663851,20.767582200000003,0.0,1,6,0,-1.8962687999999979
2020-06-08 01:15:00,0.0,0.0,0.0,4135001,HmiyD2TTLFNqkNe,22.5861776,20.7061768,0.0,1,6,0,-1.8800007999999977
2020-06-08 01:30:00,0.0,0.0,0.0,4135001,HmiyD2TTLFNqkNe,22.593149866666668,21.09493413333333,0.0,1,6,0,-1.498215733333339
2020-06-08 01:45:00,0.0,0.0,0.0,4135001,HmiyD2TTLFNqkNe,22.584224142857146,21.25341378571429,0.0,1,6,0,-1.3308103571428553
2020-06-08 02:00:00,0.0,0.0,0.0,4135001,HmiyD2TTLFNqkNe,22.550337733333336,21.27018826666666,0.0,2,6,0,-1.2801494666666748
2020-06-08 02:15:00,0.0,0.0,0.0,4135001,HmiyD2TTLFNqkNe,22.486499,21.208319133333337,0.0,2,6,0,-1.2781798666666617
2020-06-08 02:30:00,0.0,0.0,0.0,4135001,HmiyD2TTLFNqkNe,22.406974266666666,21.0984478,0.0,2,6,0,-1.3085264666666667
2020-06-08 02:45:00,0.0,0.0,0.0,4135001,HmiyD2TTLFNqkNe,22.321024533333333,21.0637756,0.0,2,6,0,-1.257248933333333
2020-06-08 03:00:00,0.0,0.0,0.0,4135001,HmiyD2TTLFNqkNe,22.250909466666663,21.1413372,0.0,3,6,0,-1.1095722666666639
2020-06-08 03:15:00,0.0,0.0,0.0,4135001,HmiyD2TTLFNqkNe,22.15685633333333,21.056901000000003,0.0,3,6,0,-1.0999553333333267
2020-06-08 03:30:00,0.0,0.0,0.0,4135001,HmiyD2TTLFNqkNe,22.115911933333336,20.916247533333333,0.0,3,6,0,-1.1996644000000032
2020-06-08 03:45:00,0.0,0.0,0.0,4135001,HmiyD2TTLFNqkNe,22.099921214285715,20.814019357142858,0.0,3,6,0,-1.285901857142857
2020-06-08 04:00:00,0.0,0.0,0.0,4135001,HmiyD2TTLFNqkNe,22.113940533333327,20.84771533333333,0.0,4,6,0,-1.2662251999999974
2020-06-08 04:15:00,0.0,0.0,0.0,4135001,HmiyD2TTLFNqkNe,22.091783785714288,20.774348642857145,0.0,4,6,0,-1.3174351428571427
2020-06-08 04:30:00,0.0,0.0,0.0,4135001,HmiyD2TTLFNqkNe,21.984562066666665,20.695650066666666,0.0,4,6,0,-1.2889119999999998
2020-06-08 04:45:00,0.0,0.0,0.0,4135001,HmiyD2TTLFNqkNe,21.846445666666664,20.4833924,0.0,4,6,0,-1.3630532666666646
2020-06-08 05:00:00,0.0,0.0,0.0,4135001,HmiyD2TTLFNqkNe,21.70021153333333,20.267336066666665,0.0,5,6,0,-1.4328754666666654
2020-06-08 05:15:00,0.0,0.0,0.0,4135001,HmiyD2TTLFNqkNe,21.57822073333333,20.21853233333333,0.0,5,6,0,-1.3596883999999996
2020-06-08 05:30:00,0.0,0.0,0.0,4135001,HmiyD2TTLFNqkNe,21.538749066666668,20.1673342,0.0,5,6,0,-1.3714148666666688
2020-06-08 05:45:00,0.0,0.0,0.0,4135001,HmiyD2TTLFNqkNe,21.5162558,20.20396513333333,0.0010356957873333,5,6,0,-1.3122906666666694
2020-06-08 06:00:00,101.82548701636364,9.827678571681817,1.25,4135001,HmiyD2TTLFNqkNe,21.456706357142856,20.32755842857143,0.0094697153714285,6,6,0,-1.1291479285714274
2020-06-08 06:15:00,450.42126623181815,43.55811688318182,8.0,4135001,HmiyD2TTLFNqkNe,21.47708533333333,20.763635333333333,0.0306464463999999,6,6,0,-0.7134499999999981
2020-06-08 06:30:00,843.5081168863636,81.86241883136364,23.71428571,4135001,HmiyD2TTLFNqkNe,21.680248933333328,21.65212806666667,0.0579955505333333,6,6,0,-0.028120866666657918
2020-06-08 06:45:00,1106.0957792272727,107.52134740000001,48.75,4135001,HmiyD2TTLFNqkNe,21.8746846,22.385380200000004,0.0781386402,6,6,0,0.5106956000000054
2020-06-08 07:00:00,1547.9837662727273,151.20925325,81.42857143,4135001,HmiyD2TTLFNqkNe,22.075207466666665,23.212565,0.1196465384666666,7,6,0,1.1373575333333363
2020-06-08 07:15:00,1930.0105519545455,189.1826298681818,130.875,4135001,HmiyD2TTLFNqkNe,22.4391438,25.193231133333327,0.1471483106666666,7,6,0,2.7540873333333273
2020-06-08 07:30:00,2455.6103896363634,240.88530845000003,187.7142857,4135001,HmiyD2TTLFNqkNe,22.7113486,26.3737446,0.18606803,7,6,0,3.6623959999999975
2020-06-08 07:45:00,3902.4310065,383.25211039090914,274.25,4135001,HmiyD2TTLFNqkNe,23.1475484,30.10846553333333,0.2930392133333333,7,6,0,6.960917133333329
2020-06-08 08:00:00,4131.713474045455,405.7889610409091,385.0,4135001,HmiyD2TTLFNqkNe,23.706215533333328,33.3340642,0.3029486386666666,8,6,0,9.627848666666672
2020-06-08 08:15:00,3320.0608765909087,326.3625811636364,479.0,4135001,HmiyD2TTLFNqkNe,23.957190357142856,33.04921178571428,0.2416248742857143,8,6,0,9.092021428571421
2020-06-08 08:30:00,5452.531655909091,534.5236201272727,588.0,4135001,HmiyD2TTLFNqkNe,24.36926893333333,33.90226446666667,0.3876267686666667,8,6,0,9.532995533333342
2020-06-08 08:45:00,7236.747564954546,708.6160714272727,761.75,4135001,HmiyD2TTLFNqkNe,24.83987853333333,40.04876733333333,0.519743282,8,6,0,15.2088888
2020-06-08 09:00:00,6778.853084454546,663.9374188227273,938.4285714,4135001,HmiyD2TTLFNqkNe,25.66906733333333,41.449745733333344,0.4867305466666667,9,6,0,15.780678400000014
2020-06-08 09:15:00,9327.429545454546,912.0797294409091,1134.25,4135001,HmiyD2TTLFNqkNe,26.13696276923077,42.4293093076923,0.6613730869230768,9,6,0,16.29234653846153
2020-06-08 09:30:00,11192.759739863635,1092.8892857409091,1422.0,4135001,HmiyD2TTLFNqkNe,26.860954846153845,51.02621476923077,0.8462327415384615,9,6,0,24.165259923076924
2020-06-08 09:45:00,11402.285985,1113.080762909091,1714.5,4135001,HmiyD2TTLFNqkNe,27.848698214285715,52.77142364285714,0.8597301164285714,9,6,0,24.92272542857142
2020-06-08 10:00:00,12156.923701363638,1185.646672090909,2007.0,4135001,HmiyD2TTLFNqkNe,27.8729086,53.675834,0.9226384173333332,10,6,0,25.802925400000003
2020-06-08 10:15:00,10796.446429090909,1053.74472395,2281.428571,4135001,HmiyD2TTLFNqkNe,28.32269292857143,53.273069,0.7926809900000001,10,6,0,24.95037607142857
2020-06-08 10:30:00,11488.157466863637,1120.8784902681818,2567.5,4135001,HmiyD2TTLFNqkNe,28.07024346666667,50.669427600000006,0.890231224,10,6,0,22.599184133333335
2020-06-08 10:45:00,11460.027597272727,1118.2418019090908,2858.142857,4135001,HmiyD2TTLFNqkNe,28.479555266666665,50.63910959999999,0.8419270273333334,10,6,0,22.159554333333325
2020-06-08 11:00:00,11889.53652590909,1159.8365259545453,3163.625,4135001,HmiyD2TTLFNqkNe,28.487312733333336,52.2207926,0.8870374373333332,11,6,0,23.733479866666666
2020-06-08 11:15:00,11197.924513181819,1092.838311709091,3442.285714,4135001,HmiyD2TTLFNqkNe,28.845757866666663,51.12463166666667,0.8209725893333333,11,6,0,22.27887380000001
2020-06-08 11:30:00,10246.663149045455,1000.7963474,3719.0,4135001,HmiyD2TTLFNqkNe,28.81794433333333,49.03407186666667,0.7561285946666667,11,6,0,20.216127533333342
2020-06-08 11:45:00,10351.021915818183,1010.9741882545455,3987.571429,4135001,HmiyD2TTLFNqkNe,28.96788953333333,48.28042806666666,0.7681858726666667,11,6,0,19.312538533333328
2020-06-08 12:00:00,10214.757304954544,998.6084415454545,4246.75,4135001,HmiyD2TTLFNqkNe,28.983550933333333,47.150412800000005,0.7595703319999999,12,6,0,18.16686186666667
2020-06-08 12:15:00,8811.127435181817,861.9051948,4490.0,4135001,HmiyD2TTLFNqkNe,29.0513102,46.425813733333335,0.6268856413333332,12,6,0,17.374503533333336
2020-06-08 12:30:00,11750.689935,1146.822646090909,4746.5,4135001,HmiyD2TTLFNqkNe,29.023849428571427,47.74052392857144,0.8942029785714286,12,6,0,18.716674500000014
2020-06-08 12:45:00,7692.851460999999,752.591558440909,4999.142857,4135001,HmiyD2TTLFNqkNe,29.55849613333333,48.52688860000001,0.5889013319999999,12,6,0,18.96839246666668
2020-06-08 13:00:00,9691.542207954546,946.5570616818183,5216.75,4135001,HmiyD2TTLFNqkNe,29.653950933333327,48.487363866666655,0.7446046793333331,13,6,0,18.833412933333328
2020-06-08 13:15:00,8883.659902636364,867.7972402590909,5489.0,4135001,HmiyD2TTLFNqkNe,30.076267400000003,53.77259313333333,0.7097949053333333,13,6,0,23.696325733333328
2020-06-08 13:30:00,8080.073051954546,789.7952110409092,5673.875,4135001,HmiyD2TTLFNqkNe,29.864121533333336,48.110203000000006,0.6660282526666667,13,6,0,18.24608146666667
2020-06-08 13:45:00,9980.967532090908,974.6355519272728,5921.428571,4135001,HmiyD2TTLFNqkNe,30.200903066666665,51.813018666666665,0.8238694766666665,13,6,0,21.6121156
2020-06-08 14:00:00,9943.496753272728,970.9301948181818,6188.375,4135001,HmiyD2TTLFNqkNe,30.39099113333333,53.7158892,0.7729503573333332,14,6,0,23.32489806666667
2020-06-08 14:15:00,10495.124188454545,1024.5344967363637,6437.571429,4135001,HmiyD2TTLFNqkNe,30.42245486666667,51.15997893333333,0.8049972373333332,14,6,0,20.73752406666666
2020-06-08 14:30:00,11074.021104090909,1081.7112012272728,6698.857143,4135001,HmiyD2TTLFNqkNe,30.9528036,53.510760266666665,0.7918533413333332,14,6,0,22.557956666666666
2020-06-08 14:45:00,9627.101461,941.0629058454546,6962.25,4135001,HmiyD2TTLFNqkNe,30.929628642857143,52.4254235,0.6676724242857142,14,6,0,21.495794857142858
2020-06-08 15:00:00,9921.792208136363,970.0624188045455,7201.285714,4135001,HmiyD2TTLFNqkNe,30.896520866666663,49.9358562,0.7478432246666665,15,6,0,19.03933533333334
2020-06-08 15:15:00,9308.615259727272,910.4172889590908,7447.375,4135001,HmiyD2TTLFNqkNe,31.104663,49.31515293333333,0.7102237526666668,15,6,0,18.21048993333333
2020-06-08 15:30:00,6893.270292136363,674.8384740181818,7640.857143,4135001,HmiyD2TTLFNqkNe,30.64887906666667,45.644804066666666,0.4696780846666667,15,6,0,14.995924999999996
2020-06-08 15:45:00,7142.332792227273,699.0844967545455,7814.625,4135001,HmiyD2TTLFNqkNe,30.492716666666663,44.21325053333334,0.4645947773333333,15,6,0,13.720533866666674
2020-06-08 16:00:00,4796.9935065,469.50267857272723,7975.0,4135001,HmiyD2TTLFNqkNe,30.0527444,42.11031486666668,0.3384765497333333,16,6,0,12.057570466666675
2020-06-08 16:15:00,3368.9975649090907,330.5275162363636,8068.125,4135001,HmiyD2TTLFNqkNe,29.425960266666667,36.528108333333336,0.250397254,16,6,0,7.102148066666668
2020-06-08 16:30:00,5466.321428545454,535.8391233772727,8172.428571,4135001,HmiyD2TTLFNqkNe,28.0150064,35.23329273333334,0.383318604,16,6,0,7.218286333333342
2020-06-08 16:45:00,5433.337662318182,532.6136363681818,8315.875,4135001,HmiyD2TTLFNqkNe,28.595495666666668,38.5366638,0.388584996,16,6,0,9.941168133333331
2020-06-08 17:00:00,3292.9066558636364,323.1591720818182,8424.142857,4135001,HmiyD2TTLFNqkNe,28.989379857142858,37.32118635714286,0.2491690678571428,17,6,0,8.331806499999999
2020-06-08 17:15:00,2322.2337662272726,227.6177759727273,8484.875,4135001,HmiyD2TTLFNqkNe,28.7508078,33.324613199999995,0.174294533,17,6,0,4.573805399999994
2020-06-08 17:30:00,1943.3181817272728,190.37077922272726,8533.142857,4135001,HmiyD2TTLFNqkNe,28.5177898,31.437489733333333,0.154667054,17,6,0,2.9196999333333338
2020-06-08 17:45:00,1270.1387987272728,123.78855519090908,8573.375,4135001,HmiyD2TTLFNqkNe,28.333721866666668,30.3950194,0.1064024638666666,17,6,0,2.061297533333331
2020-06-08 18:00:00,809.7678571409091,78.55649350636364,8596.857143,4135001,HmiyD2TTLFNqkNe,27.9018616,28.519918,0.0711483807333333,18,6,0,0.6180564000000004
2020-06-08 18:15:00,448.0316558409091,43.32199675318182,8611.75,4135001,HmiyD2TTLFNqkNe,27.304530933333336,26.9788308,0.0355560784666666,18,6,0,-0.3257001333333349
2020-06-08 18:30:00,120.24512987272728,11.607386362727272,8619.0,4135001,HmiyD2TTLFNqkNe,26.836218333333328,25.515785533333336,0.00998024594,18,6,0,-1.3204327999999919
2020-06-08 18:45:00,0.0,0.0,8620.0,4135001,HmiyD2TTLFNqkNe,26.470400066666667,24.559830733333328,0.0008603421582,18,6,0,-1.9105693333333384
2020-06-08 19:00:00,0.0,0.0,8620.0,4135001,HmiyD2TTLFNqkNe,25.99734293333333,23.86692093333333,0.0,19,6,0,-2.1304219999999994
2020-06-08 19:15:00,0.0,0.0,8620.0,4135001,HmiyD2TTLFNqkNe,25.64765271428572,23.230061,0.0,19,6,0,-2.41759171428572
2020-06-08 19:30:00,0.0,0.0,8620.0,4135001,HmiyD2TTLFNqkNe,25.331020066666667,22.70933033333333,0.0,19,6,0,-2.621689733333337
2020-06-08 19:45:00,0.0,0.0,8620.0,4135001,HmiyD2TTLFNqkNe,25.03207186666667,22.2262248,0.0,19,6,0,-2.8058470666666686
2020-06-08 20:00:00,0.0,0.0,8620.0,4135001,HmiyD2TTLFNqkNe,24.80070386666667,21.85834973333333,0.0,20,6,0,-2.942354133333339
2020-06-08 20:15:00,0.0,0.0,8620.0,4135001,HmiyD2TTLFNqkNe,24.524369400000005,21.2573832,0.0,20,6,0,-3.266986200000005
2020-06-08 20:30:00,0.0,0.0,8620.0,4135001,HmiyD2TTLFNqkNe,24.091544666666664,20.82428393333333,0.0,20,6,0,-3.267260733333334
2020-06-08 20:45:00,0.0,0.0,8620.0,4135001,HmiyD2TTLFNqkNe,23.884928333333328,20.60881153333333,0.0,20,6,0,-3.276116799999997
2020-06-08 21:00:00,0.0,0.0,8620.0,4135001,HmiyD2TTLFNqkNe,23.782458333333334,20.775785200000005,0.0,21,6,0,-3.0066731333333294
2020-06-08 21:15:00,0.0,0.0,8620.0,4135001,HmiyD2TTLFNqkNe,23.71181633333333,20.849894133333333,0.0,21,6,0,-2.8619221999999986
2020-06-08 21:30:00,0.0,0.0,8620.0,4135001,HmiyD2TTLFNqkNe,23.427514142857145,20.46247421428572,0.0,21,6,0,-2.965039928571425
2020-06-08 21:45:00,0.0,0.0,8620.0,4135001,HmiyD2TTLFNqkNe,23.135550933333327,20.27771806666667,0.0,21,6,0,-2.8578328666666586
2020-06-08 22:00:00,0.0,0.0,8620.0,4135001,HmiyD2TTLFNqkNe,23.16300233333333,20.393292266666663,0.0,22,6,0,-2.7697100666666685
2020-06-08 22:15:00,0.0,0.0,8620.0,4135001,HmiyD2TTLFNqkNe,23.182796133333337,20.5698486,0.0,22,6,0,-2.6129475333333367
2020-06-08 22:30:00,0.0,0.0,8620.0,4135001,HmiyD2TTLFNqkNe,23.24828273333333,20.992332,0.0,22,6,0,-2.2559507333333286
2020-06-08 22:45:00,0.0,0.0,8620.0,4135001,HmiyD2TTLFNqkNe,23.1708048,21.03197846666667,0.0,22,6,0,-2.1388263333333306
2020-06-08 23:00:00,0.0,0.0,8620.0,4135001,HmiyD2TTLFNqkNe,23.1155682,20.764007666666664,0.0,23,6,0,-2.351560533333334
2020-06-08 23:15:00,0.0,0.0,8620.0,4135001,HmiyD2TTLFNqkNe,22.929185,20.342742933333334,0.0,23,6,0,-2.5864420666666668
2020-06-08 23:30:00,0.0,0.0,8620.0,4135001,HmiyD2TTLFNqkNe,22.61636746666667,20.058746266666667,0.0,23,6,0,-2.5576212000000034
2020-06-08 23:45:00,0.0,0.0,8509.0,4135001,HmiyD2TTLFNqkNe,22.369203733333336,19.744277,0.0,23,6,0,-2.6249267333333357
2020-06-09 00:00:00,0.0,0.0,1212.571429,4135001,HmiyD2TTLFNqkNe,22.394712071428568,19.520928571428573,0.0,0,6,1,-2.8737834999999947
2020-06-09 00:15:00,0.0,0.0,0.0,4135001,HmiyD2TTLFNqkNe,22.2603392,19.43515213333333,0.0,0,6,1,-2.825187066666672
2020-06-09 00:30:00,0.0,0.0,0.0,4135001,HmiyD2TTLFNqkNe,22.07046713333333,19.244576066666664,0.0,0,6,1,-2.8258910666666672
2020-06-09 00:45:00,0.0,0.0,0.0,4135001,HmiyD2TTLFNqkNe,22.147100866666666,19.34456793333333,0.0,0,6,1,-2.8025329333333353
2020-06-09 01:00:00,0.0,0.0,0.0,4135001,HmiyD2TTLFNqkNe,22.046030666666667,19.464695133333336,0.0,1,6,1,-2.5813355333333305
2020-06-09 01:15:00,0.0,0.0,0.0,4135001,HmiyD2TTLFNqkNe,21.911110466666667,19.602132133333328,0.0,1,6,1,-2.3089783333333394
2020-06-09 01:30:00,0.0,0.0,0.0,4135001,HmiyD2TTLFNqkNe,21.777062866666668,19.580401600000005,0.0,1,6,1,-2.1966612666666627
2020-06-09 01:45:00,0.0,0.0,0.0,4135001,HmiyD2TTLFNqkNe,21.64939373333333,19.30126753333333,0.0,1,6,1,-2.3481261999999994
2020-06-09 02:00:00,0.0,0.0,0.0,4135001,HmiyD2TTLFNqkNe,21.49035633333333,18.986755333333328,0.0,2,6,1,-2.5036010000000033
2020-06-09 02:15:00,0.0,0.0,0.0,4135001,HmiyD2TTLFNqkNe,21.363643,19.02554985714286,0.0,2,6,1,-2.33809314285714
2020-06-09 02:30:00,0.0,0.0,0.0,4135001,HmiyD2TTLFNqkNe,21.38877553333333,19.293451,0.0,2,6,1,-2.0953245333333292
2020-06-09 02:45:00,0.0,0.0,0.0,4135001,HmiyD2TTLFNqkNe,21.4268412,19.4470174,0.0,2,6,1,-1.9798237999999984
2020-06-09 03:00:00,0.0,0.0,0.0,4135001,HmiyD2TTLFNqkNe,21.33233446666667,19.382389266666667,0.0,3,6,1,-1.949945200000002
2020-06-09 03:15:00,0.0,0.0,0.0,4135001,HmiyD2TTLFNqkNe,21.3412516,19.418463133333333,0.0,3,6,1,-1.9227884666666668
2020-06-09 03:30:00,0.0,0.0,0.0,4135001,HmiyD2TTLFNqkNe,21.33793146666667,19.33086346666667,0.0,3,6,1,-2.0070680000000003
2020-06-09 03:45:00,0.0,0.0,0.0,4135001,HmiyD2TTLFNqkNe,21.24451273333333,19.1137146,0.0,3,6,1,-2.130798133333329
2020-06-09 04:00:00,0.0,0.0,0.0,4135001,HmiyD2TTLFNqkNe,21.1673442,19.38418393333333,0.0,4,6,1,-1.7831602666666697
2020-06-09 04:15:00,0.0,0.0,0.0,4135001,HmiyD2TTLFNqkNe,21.2718855,19.7034935,0.0,4,6,1,-1.5683919999999993
2020-06-09 04:30:00,0.0,0.0,0.0,4135001,HmiyD2TTLFNqkNe,21.4086548,19.872054066666667,0.0,4,6,1,-1.5366007333333336
2020-06-09 04:45:00,0.0,0.0,0.0,4135001,HmiyD2TTLFNqkNe,21.372410133333336,19.7928222,0.0,4,6,1,-1.579587933333336
2020-06-09 05:00:00,0.0,0.0,0.0,4135001,HmiyD2TTLFNqkNe,21.358131866666668,19.8575724,0.0,5,6,1,-1.5005594666666688
2020-06-09 05:15:00,0.0,0.0,0.0,4135001,HmiyD2TTLFNqkNe,21.25706573333333,19.69253353333333,0.0,5,6,1,-1.5645322000000021
2020-06-09 05:30:00,0.0,0.0,0.0,4135001,HmiyD2TTLFNqkNe,21.154750333333336,19.1813436,0.0,5,6,1,-1.9734067333333343
2020-06-09 05:45:00,0.0,0.0,0.0,4135001,HmiyD2TTLFNqkNe,21.082100399999995,18.921358066666667,0.0009824882666666,5,6,1,-2.160742333333328
2020-06-09 06:00:00,160.71428571363637,15.51485389590909,1.5,4135001,HmiyD2TTLFNqkNe,21.290627133333327,19.30538333333333,0.0129515775266666,6,6,1,-1.9852437999999957
2020-06-09 06:15:00,485.9699675227273,47.002029220909094,9.714285714,4135001,HmiyD2TTLFNqkNe,21.44021593333333,19.8552002,0.0358883196666666,6,6,1,-1.5850157333333321
2020-06-09 06:30:00,844.6866883136364,81.9693993509091,27.875,4135001,HmiyD2TTLFNqkNe,21.67111642857143,20.642885571428568,0.0578216434285714,6,6,1,-1.0282308571428622
2020-06-09 06:45:00,1430.4155843181818,139.6287337772727,58.0,4135001,HmiyD2TTLFNqkNe,22.135064666666665,21.531044466666668,0.0975767968666666,6,6,1,-0.6040201999999972
2020-06-09 07:00:00,2230.4326298636365,218.68644480909094,110.375,4135001,HmiyD2TTLFNqkNe,22.7244914,23.87672733333333,0.2020374493333333,7,6,1,1.1522359333333299
2020-06-09 07:15:00,2676.125,262.5157467454546,179.1428571,4135001,HmiyD2TTLFNqkNe,23.15576373333333,26.169586200000005,0.2366774426666666,7,6,1,3.0138224666666744
2020-06-09 07:30:00,2744.825487,269.4815746727273,261.375,4135001,HmiyD2TTLFNqkNe,23.595208533333327,28.269993133333333,0.2372982906666666,7,6,1,4.674784600000006
2020-06-09 07:45:00,2513.281655818182,246.61672077727272,324.7142857,4135001,HmiyD2TTLFNqkNe,23.671679533333336,28.50362966666667,0.1992273946666666,7,6,1,4.831950133333333
2020-06-09 08:00:00,5254.7564935,515.1802759772728,429.375,4135001,HmiyD2TTLFNqkNe,24.25037833333333,33.30309460000001,0.4016198786666667,8,6,1,9.052716266666678
2020-06-09 08:15:00,6228.597402590909,610.2418019454545,585.8571429,4135001,HmiyD2TTLFNqkNe,25.00489506666667,39.233233733333336,0.4785613493333333,8,6,1,14.228338666666666
2020-06-09 08:30:00,6906.610389636364,676.4044642863636,746.5714286,4135001,HmiyD2TTLFNqkNe,25.744004266666664,41.03405133333333,0.5463582793333333,8,6,1,15.290047066666666
2020-06-09 08:45:00,7624.747564954546,746.3701298681818,931.25,4135001,HmiyD2TTLFNqkNe,26.306878285714287,42.7021635,0.5768498564285715,8,6,1,16.39528521428571
2020-06-09 09:00:00,8617.798701363638,843.2465909045454,1145.285714,4135001,HmiyD2TTLFNqkNe,26.633241666666667,45.43911179999999,0.6503182173333333,9,6,1,18.805870133333325
2020-06-09 09:15:00,8116.504058454546,794.0741883136362,1373.5,4135001,HmiyD2TTLFNqkNe,27.3424154,47.41862173333334,0.5939330333333332,9,6,1,20.07620633333334
2020-06-09 09:30:00,8834.584415727273,863.2005681954546,1568.0,4135001,HmiyD2TTLFNqkNe,27.63543293333333,46.078991866666655,0.693143726,9,6,1,18.443558933333325
2020-06-09 09:45:00,9640.968344545456,941.6465097363636,1825.125,4135001,HmiyD2TTLFNqkNe,28.3880454,49.06960486666667,0.7191839106666666,9,6,1,20.681559466666673
2020-06-09 10:00:00,5672.050324636364,555.5111201318182,1998.428571,4135001,HmiyD2TTLFNqkNe,27.494000133333333,40.65558086666666,0.4062958466666666,10,6,1,13.161580733333327
2020-06-09 10:15:00,9864.198052227272,962.9025162545455,2189.0,4135001,HmiyD2TTLFNqkNe,27.778367,44.30236186666666,0.7673879126666666,10,6,1,16.52399486666666
2020-06-09 10:30:00,12366.525162272726,1205.9898537727274,2483.285714,4135001,HmiyD2TTLFNqkNe,28.7513204,52.048053133333326,0.907252704,10,6,1,23.296732733333325
2020-06-09 10:45:00,11869.21347409091,1157.8885551818182,2797.25,4135001,HmiyD2TTLFNqkNe,29.42598253333333,55.1536072,0.9500225986666668,10,6,1,25.727624666666674
2020-06-09 11:00:00,11558.020293045454,1127.7004870136363,3075.142857,4135001,HmiyD2TTLFNqkNe,29.910441928571423,55.183059642857145,0.94011294,11,6,1,25.272617714285722
2020-06-09 11:15:00,11664.827922454546,1138.1999188272728,3389.25,4135001,HmiyD2TTLFNqkNe,30.3790954,57.830800333333336,0.9227545226666668,11,6,1,27.451704933333335
2020-06-09 11:30:00,8619.056006409091,842.3051948,3588.428571,4135001,HmiyD2TTLFNqkNe,29.469486666666665,48.266762,0.622338436,11,6,1,18.797275333333335
2020-06-09 11:45:00,12011.890422727272,1171.870048727273,3881.75,4135001,HmiyD2TTLFNqkNe,30.10877073333333,56.5026448,0.917001178,11,6,1,26.39387406666667
2020-06-09 12:00:00,9205.209415863636,899.4736201272727,4138.142857,4135001,HmiyD2TTLFNqkNe,30.3104532,51.566701466666665,0.6967051026666666,12,6,1,21.256248266666663
2020-06-09 12:15:00,8113.126623409091,792.9071428590909,4397.75,4135001,HmiyD2TTLFNqkNe,30.598740733333337,51.564969866666665,0.6296874326666666,12,6,1,20.96622913333333
2020-06-09 12:30:00,10500.295455045454,1024.9515421590909,4606.142857,4135001,HmiyD2TTLFNqkNe,30.08868206666667,48.752494133333336,0.7802876913333333,12,6,1,18.663812066666665
2020-06-09 12:45:00,9951.625,971.9331980181818,4886.125,4135001,HmiyD2TTLFNqkNe,30.58775246666667,52.985744666666655,0.7895503819999999,12,6,1,22.397992199999983
2020-06-09 13:00:00,10535.478084954546,1028.4099025636365,5134.714286,4135001,HmiyD2TTLFNqkNe,30.5386128,54.49439886666666,0.84871055,13,6,1,23.955786066666658
2020-06-09 13:15:00,10526.272727727272,1027.7901785454544,5389.571429,4135001,HmiyD2TTLFNqkNe,31.37843957142857,59.80717471428572,0.8512261735714286,13,6,1,28.428735142857153
2020-06-09 13:30:00,9386.458603772728,917.0012175227272,5626.25,4135001,HmiyD2TTLFNqkNe,31.16986893333333,54.52318526666667,0.6648343986666667,13,6,1,23.353316333333343
2020-06-09 13:45:00,9033.718344272727,882.7846590909091,5832.285714,4135001,HmiyD2TTLFNqkNe,31.263549933333337,50.6611794,0.6735253459999999,13,6,1,19.397629466666665
2020-06-09 14:00:00,6092.453733772727,596.8184253272727,6050.5,4135001,HmiyD2TTLFNqkNe,31.3439494,48.177488333333336,0.437669044,14,6,1,16.833538933333337
2020-06-09 14:15:00,6514.086850636363,638.0003246818181,6186.571429,4135001,HmiyD2TTLFNqkNe,30.51236366666667,42.5576074,0.466744864,14,6,1,12.045243733333333
2020-06-09 14:30:00,8699.127435045455,850.4249188363636,6395.75,4135001,HmiyD2TTLFNqkNe,30.8700052,46.78769106666667,0.5976702813333334,14,6,1,15.917685866666666
2020-06-09 14:45:00,7794.392045545454,762.7951298727272,6579.0,4135001,HmiyD2TTLFNqkNe,30.576977533333327,44.940977,0.5432410099999999,14,6,1,14.36399946666667
2020-06-09 15:00:00,8251.57792209091,807.5119318136364,6796.5,4135001,HmiyD2TTLFNqkNe,31.041467333333333,47.85286426666667,0.5735764053333332,15,6,1,16.811396933333338
2020-06-09 15:15:00,8185.785714272727,801.1542207727272,6998.428571,4135001,HmiyD2TTLFNqkNe,30.592580066666667,44.846677466666655,0.581595316,15,6,1,14.254097399999988
2020-06-09 15:30:00,8433.729707863637,825.3092532545455,7202.0,4135001,HmiyD2TTLFNqkNe,30.38283207142857,44.99036521428571,0.6008947264285714,15,6,1,14.60753314285714
2020-06-09 15:45:00,7509.218344181819,735.2025974136363,7398.857143,4135001,HmiyD2TTLFNqkNe,30.2250672,44.1388428,0.5342717266666666,15,6,1,13.913775599999997
2020-06-09 16:00:00,6406.710227272727,627.63319805,7577.0,4135001,HmiyD2TTLFNqkNe,30.180094333333333,42.5790158,0.46231383,16,6,1,12.398921466666668
2020-06-09 16:15:00,5571.438311636364,546.0521103863637,7724.875,4135001,HmiyD2TTLFNqkNe,29.8809834,40.778582533333335,0.3971458206666666,16,6,1,10.897599133333333
2020-06-09 16:30:00,5141.7069805,504.06704544999997,7862.142857,4135001,HmiyD2TTLFNqkNe,29.803035600000005,39.41787906666666,0.3661181566666667,16,6,1,9.614843466666652
2020-06-09 16:45:00,4205.733766136364,413.03376623636365,7981.625,4135001,HmiyD2TTLFNqkNe,29.61870526666667,37.96412553333333,0.302090306,16,6,1,8.345420266666661
2020-06-09 17:00:00,3220.1858765909087,316.4479707818182,8076.142857,4135001,HmiyD2TTLFNqkNe,29.1915486,35.55735073333334,0.2322751866666666,17,6,1,6.365802133333336
2020-06-09 17:15:00,2705.3092532727273,265.3360389636364,8150.75,4135001,HmiyD2TTLFNqkNe,28.551151466666663,33.27215386666667,0.194773326,17,6,1,4.721002400000007
2020-06-09 17:30:00,2099.7719155454547,205.85819805,8212.571429,4135001,HmiyD2TTLFNqkNe,28.141567066666667,31.68454,0.1512628246666666,17,6,1,3.5429729333333313
2020-06-09 17:45:00,1429.0211038636362,139.4240259681818,8257.125,4135001,HmiyD2TTLFNqkNe,27.744334714285717,30.04228421428571,0.1033491631428571,17,6,1,2.2979494999999943
2020-06-09 18:00:00,851.7313311727273,82.66006493500001,8286.142857,4135001,HmiyD2TTLFNqkNe,27.397143533333328,28.361094066666663,0.0619993643333333,18,6,1,0.9639505333333354
2020-06-09 18:15:00,424.6030844181818,41.05495129909091,8302.0,4135001,HmiyD2TTLFNqkNe,27.1000306,26.8339234,0.03094462,18,6,1,-0.26610720000000043
2020-06-09 18:30:00,93.01785714181818,8.975000000045455,8308.428571,4135001,HmiyD2TTLFNqkNe,26.634965,25.6072164,0.0084486021133333,18,6,1,-1.0277486000000025
2020-06-09 18:45:00,0.0,0.0,8309.0,4135001,HmiyD2TTLFNqkNe,26.056652733333333,24.46637366666667,0.0001658766313333,18,6,1,-1.590279066666664
2020-06-09 19:00:00,0.0,0.0,8309.0,4135001,HmiyD2TTLFNqkNe,25.74157933333333,23.5481262,0.0,19,6,1,-2.193453133333332
2020-06-09 19:15:00,0.0,0.0,8309.0,4135001,HmiyD2TTLFNqkNe,25.408785,23.105635666666664,0.0,19,6,1,-2.3031493333333373
2020-06-09 19:30:00,0.0,0.0,8309.0,4135001,HmiyD2TTLFNqkNe,25.168434733333328,22.873846333333336,0.0,19,6,1,-2.2945883999999914
2020-06-09 19:45:00,0.0,0.0,8309.0,4135001,HmiyD2TTLFNqkNe,25.07621266666667,22.721396933333335,0.0,19,6,1,-2.3548157333333357
2020-06-09 20:00:00,0.0,0.0,8309.0,4135001,HmiyD2TTLFNqkNe,24.950962571428573,22.476462357142857,0.0,20,6,1,-2.4745002142857153
2020-06-09 20:15:00,0.0,0.0,8309.0,4135001,HmiyD2TTLFNqkNe,24.670693000000004,22.23764033333333,0.0,20,6,1,-2.433052666666672
2020-06-09 20:30:00,0.0,0.0,8309.0,4135001,HmiyD2TTLFNqkNe,24.41775913333333,22.03767506666667,0.0,20,6,1,-2.3800840666666616
2020-06-09 20:45:00,0.0,0.0,8309.0,4135001,HmiyD2TTLFNqkNe,24.260123600000004,21.96341146666666,0.0,20,6,1,-2.296712133333344
2020-06-09 21:00:00,0.0,0.0,8309.0,4135001,HmiyD2TTLFNqkNe,24.0924174,21.810034266666666,0.0,21,6,1,-2.282383133333333
2020-06-09 21:15:00,0.0,0.0,8309.0,4135001,HmiyD2TTLFNqkNe,23.906719933333328,21.5963338,0.0,21,6,1,-2.3103861333333278
2020-06-09 21:30:00,0.0,0.0,8309.0,4135001,HmiyD2TTLFNqkNe,23.705725066666663,21.280470866666665,0.0,21,6,1,-2.4252541999999977
2020-06-09 21:45:00,0.0,0.0,8309.0,4135001,HmiyD2TTLFNqkNe,23.53315420000001,21.05003653333333,0.0,21,6,1,-2.483117666666679
2020-06-09 22:00:00,0.0,0.0,8309.0,4135001,HmiyD2TTLFNqkNe,23.41632073333333,20.97011306666667,0.0,22,6,1,-2.446207666666659
2020-06-09 22:15:00,0.0,0.0,8309.0,4135001,HmiyD2TTLFNqkNe,23.200923357142855,20.7300525,0.0,22,6,1,-2.470870857142856
2020-06-09 22:30:00,0.0,0.0,8309.0,4135001,HmiyD2TTLFNqkNe,23.082973333333328,20.659122666666665,0.0,22,6,1,-2.423850666666663
2020-06-09 22:45:00,0.0,0.0,8309.0,4135001,HmiyD2TTLFNqkNe,22.946915466666667,20.55419913333333,0.0,22,6,1,-2.392716333333336
2020-06-09 23:00:00,0.0,0.0,8309.0,4135001,HmiyD2TTLFNqkNe,22.88319513333333,20.490859,0.0,23,6,1,-2.3923361333333304
2020-06-09 23:15:00,0.0,0.0,8309.0,4135001,HmiyD2TTLFNqkNe,22.89231373333333,20.5713644,0.0,23,6,1,-2.3209493333333313
2020-06-09 23:30:00,0.0,0.0,8309.0,4135001,HmiyD2TTLFNqkNe,22.8668152,20.661737066666667,0.0,23,6,1,-2.205078133333334
2020-06-09 23:45:00,0.0,0.0,8309.0,4135001,HmiyD2TTLFNqkNe,22.825907333333337,20.686539866666667,0.0,23,6,1,-2.1393674666666698
2020-06-10 00:00:00,0.0,0.0,1160.0,4135001,HmiyD2TTLFNqkNe,22.8427876,20.7872398,0.0,0,6,2,-2.055547800000003
2020-06-10 00:15:00,0.0,0.0,0.0,4135001,HmiyD2TTLFNqkNe,22.775156466666665,20.82377526666667,0.0,0,6,2,-1.9513811999999966
2020-06-10 00:30:00,0.0,0.0,0.0,4135001,HmiyD2TTLFNqkNe,22.709958785714285,20.85670028571428,0.0,0,6,2,-1.8532585000000061
2020-06-10 00:45:00,0.0,0.0,0.0,4135001,HmiyD2TTLFNqkNe,22.7072754,20.97303453333333,0.0,0,6,2,-1.7342408666666707
2020-06-10 01:00:00,0.0,0.0,0.0,4135001,HmiyD2TTLFNqkNe,22.628609266666665,20.859824600000003,0.0,1,6,2,-1.7687846666666616
2020-06-10 01:15:00,0.0,0.0,0.0,4135001,HmiyD2TTLFNqkNe,22.56594833333333,20.73139866666667,0.0,1,6,2,-1.8345496666666605
2020-06-10 01:30:00,0.0,0.0,0.0,4135001,HmiyD2TTLFNqkNe,22.507914333333336,20.614268066666664,0.0,1,6,2,-1.8936462666666714
2020-06-10 01:45:00,0.0,0.0,0.0,4135001,HmiyD2TTLFNqkNe,22.3333334,20.51122013333333,0.0,1,6,2,-1.822113266666669
2020-06-10 02:00:00,0.0,0.0,0.0,4135001,HmiyD2TTLFNqkNe,22.2797972,20.55592453333333,0.0,2,6,2,-1.7238726666666722
2020-06-10 02:15:00,0.0,0.0,0.0,4135001,HmiyD2TTLFNqkNe,22.323323733333336,20.62407426666667,0.0,2,6,2,-1.6992494666666644
2020-06-10 02:30:00,0.0,0.0,0.0,4135001,HmiyD2TTLFNqkNe,22.42767333333333,20.7307984,0.0,2,6,2,-1.69687493333333
2020-06-10 02:45:00,0.0,0.0,0.0,4135001,HmiyD2TTLFNqkNe,22.395074,20.697845428571423,0.0,2,6,2,-1.6972285714285782
2020-06-10 03:00:00,0.0,0.0,0.0,4135001,HmiyD2TTLFNqkNe,22.332193866666668,20.47033066666667,0.0,3,6,2,-1.8618631999999984
2020-06-10 03:15:00,0.0,0.0,0.0,4135001,HmiyD2TTLFNqkNe,22.251780066666665,20.1620504,0.0,3,6,2,-2.089729666666667
2020-06-10 03:30:00,0.0,0.0,0.0,4135001,HmiyD2TTLFNqkNe,22.111023000000003,19.952040666666665,0.0,3,6,2,-2.1589823333333378
2020-06-10 03:45:00,0.0,0.0,0.0,4135001,HmiyD2TTLFNqkNe,22.039939333333336,19.941762333333333,0.0,3,6,2,-2.0981770000000033
2020-06-10 04:00:00,0.0,0.0,0.0,4135001,HmiyD2TTLFNqkNe,21.9428224,19.8509522,0.0,4,6,2,-2.0918702000000025
2020-06-10 04:15:00,0.0,0.0,0.0,4135001,HmiyD2TTLFNqkNe,21.84420573333333,19.80890100000001,0.0,4,6,2,-2.0353047333333194
2020-06-10 04:30:00,0.0,0.0,0.0,4135001,HmiyD2TTLFNqkNe,21.8886394,19.82512,0.0,4,6,2,-2.0635194000000006
2020-06-10 04:45:00,0.0,0.0,0.0,4135001,HmiyD2TTLFNqkNe,21.924647928571428,19.850221714285716,0.0,4,6,2,-2.0744262142857117
2020-06-10 05:00:00,0.0,0.0,0.0,4135001,HmiyD2TTLFNqkNe,21.943217000000004,19.759975333333333,0.0,5,6,2,-2.183241666666671
2020-06-10 05:15:00,0.0,0.0,0.0,4135001,HmiyD2TTLFNqkNe,21.934802266666665,19.634918133333333,0.0,5,6,2,-2.2998841333333324
2020-06-10 05:30:00,0.0,0.0,0.0,4135001,HmiyD2TTLFNqkNe,21.806713866666662,19.316455,0.0,5,6,2,-2.490258866666661
2020-06-10 05:45:00,0.0,0.0,0.0,4135001,HmiyD2TTLFNqkNe,21.7722168,19.202215400000007,0.0002504884802,5,6,2,-2.5700013999999918
2020-06-10 06:00:00,96.72727272909091,9.333279220545455,1.285714286,4135001,HmiyD2TTLFNqkNe,21.767089866666662,19.326090533333332,0.0090791752333333,6,6,2,-2.4409993333333304
2020-06-10 06:15:00,429.9951298636364,41.576298700454544,8.625,4135001,HmiyD2TTLFNqkNe,21.83029386666667,19.779553133333337,0.0315773199333333,6,6,2,-2.050740733333331
2020-06-10 06:30:00,868.1866883045454,84.27102272818182,26.28571429,4135001,HmiyD2TTLFNqkNe,22.186450266666665,20.73989253333333,0.0600698337999999,6,6,2,-1.4465577333333357
2020-06-10 06:45:00,1334.8149350454546,130.0588474,55.375,4135001,HmiyD2TTLFNqkNe,22.50998785714286,22.357663928571423,0.0952975517857143,6,6,2,-0.1523239285714375
2020-06-10 07:00:00,2015.9732142272726,197.60340909090908,101.1428571,4135001,HmiyD2TTLFNqkNe,22.87512186666667,23.57799266666667,0.1765047716666666,7,6,2,0.7028707999999995
2020-06-10 07:15:00,2561.2938311363637,251.2254870090909,160.0,4135001,HmiyD2TTLFNqkNe,23.399713266666662,26.031282600000004,0.224655888,7,6,2,2.631569333333342
2020-06-10 07:30:00,3347.979707772727,329.04618506363636,241.5,4135001,HmiyD2TTLFNqkNe,23.833986466666666,30.019337866666667,0.2815921433333333,7,6,2,6.185351400000002
2020-06-10 07:45:00,4151.586850681819,407.7610389636364,341.8571429,4135001,HmiyD2TTLFNqkNe,24.35052086666667,33.07170006666667,0.337822402,7,6,2,8.721179200000002
2020-06-10 08:00:00,4290.963474045455,421.13262986818177,460.25,4135001,HmiyD2TTLFNqkNe,24.7890238,35.48205766666666,0.2994385973333333,8,6,2,10.693033866666664
2020-06-10 08:15:00,2948.2694805454544,289.5117694818182,551.0,4135001,HmiyD2TTLFNqkNe,25.02677213333333,33.531537,0.2062544126666666,8,6,2,8.504764866666669
2020-06-10 08:30:00,3568.9253247727274,350.73384740454543,636.5,4135001,HmiyD2TTLFNqkNe,25.16503906666667,32.88677139999999,0.2482180333333333,8,6,2,7.721732333333325
2020-06-10 08:45:00,6561.415584454546,642.7254870181819,761.0,4135001,HmiyD2TTLFNqkNe,25.693823266666666,36.7325926,0.47398864,8,6,2,11.038769333333331
2020-06-10 09:00:00,6889.926948045454,674.7639610409091,947.5,4135001,HmiyD2TTLFNqkNe,26.275140333333333,41.8781982,0.47842251,9,6,2,15.603057866666667
2020-06-10 09:15:00,7690.993506454545,752.8187499954546,1119.428571,4135001,HmiyD2TTLFNqkNe,26.62600271428571,41.63306128571429,0.5869376799999999,9,6,2,15.00705857142858
2020-06-10 09:30:00,8145.934253272728,797.1011363636363,1332.0,4135001,HmiyD2TTLFNqkNe,27.044360466666664,43.41336893333333,0.576820234,9,6,2,16.369008466666667
2020-06-10 09:45:00,5910.940746727272,579.2221590863636,1531.714286,4135001,HmiyD2TTLFNqkNe,27.166434800000005,41.88674519999999,0.4474333473333334,9,6,2,14.720310399999988
2020-06-10 10:00:00,4781.038149363637,469.0849837636364,1655.375,4135001,HmiyD2TTLFNqkNe,26.92045893333333,36.647984066666666,0.3198755806666667,10,6,2,9.727525133333337
2020-06-10 10:15:00,6938.134740272727,679.4288149318182,1795.428571,4135001,HmiyD2TTLFNqkNe,27.128527933333327,38.26693913333333,0.480099376,10,6,2,11.138411200000004
2020-06-10 10:30:00,6837.594967545455,669.4200486954545,1987.5,4135001,HmiyD2TTLFNqkNe,27.5968486,42.3875894,0.5104950893333333,10,6,2,14.790740800000002
2020-06-10 10:45:00,5879.215909090909,576.0163149363636,2148.571429,4135001,HmiyD2TTLFNqkNe,27.74402266666667,40.183040466666654,0.4285554833333333,10,6,2,12.439017799999984
2020-06-10 11:00:00,4825.842532454545,473.36972402727275,2292.125,4135001,HmiyD2TTLFNqkNe,27.95182086666667,38.8228558,0.320387256,11,6,2,10.87103493333333
2020-06-10 11:15:00,7664.710227272727,749.7855519454545,2439.714286,4135001,HmiyD2TTLFNqkNe,27.86605026666667,39.599638000000006,0.601040456,11,6,2,11.733587733333337
2020-06-10 11:30:00,8858.817370545456,865.7629058227274,2648.142857,4135001,HmiyD2TTLFNqkNe,28.374143285714283,47.20608521428572,0.683142175,11,6,2,18.83194192857144
2020-06-10 11:45:00,9141.991071590908,893.1525974181818,2835.125,4135001,HmiyD2TTLFNqkNe,28.499033466666667,45.56717713333333,0.6853178500000001,11,6,2,17.068143666666664
2020-06-10 12:00:00,13250.17532409091,1292.0341721363636,3135.285714,4135001,HmiyD2TTLFNqkNe,29.79234406666667,53.1358704,1.0311831480000002,12,6,2,23.343526333333333
2020-06-10 12:15:00,10401.594156,1015.5333603818182,3438.0,4135001,HmiyD2TTLFNqkNe,30.189037933333328,54.239634266666656,0.869060306,12,6,2,24.050596333333328
2020-06-10 12:30:00,12173.133929090907,1187.5012987272728,3697.0,4135001,HmiyD2TTLFNqkNe,30.080072133333328,53.7302392,0.8686483159999999,12,6,2,23.650167066666672
2020-06-10 12:45:00,11538.47646,1125.7138798636363,4009.0,4135001,HmiyD2TTLFNqkNe,30.85634553333333,54.68991706666667,0.8653040006666666,12,6,2,23.833571533333345
2020-06-10 13:00:00,9610.910714136364,939.0685876681819,4278.857143,4135001,HmiyD2TTLFNqkNe,30.978605133333332,51.86274186666666,0.7052360026666665,13,6,2,20.884136733333328
2020-06-10 13:15:00,7835.505681818182,766.4435876590909,4488.75,4135001,HmiyD2TTLFNqkNe,30.685426933333336,46.79792493333333,0.5753350319999999,13,6,2,16.11249799999999
2020-06-10 13:30:00,11496.526786363636,1121.8341721363636,4742.0,4135001,HmiyD2TTLFNqkNe,31.166330933333327,50.69978426666668,0.8527403740000001,13,6,2,19.533453333333355
2020-06-10 13:45:00,9418.046266454547,921.0856331136364,5008.125,4135001,HmiyD2TTLFNqkNe,31.30421228571429,51.35374028571429,0.6546923735714285,13,6,2,20.049528
2020-06-10 14:00:00,7206.963474045455,705.5792207772728,5213.714286,4135001,HmiyD2TTLFNqkNe,31.09232593333333,46.04329853333333,0.5378590466666667,14,6,2,14.950972599999997
2020-06-10 14:15:00,9309.421266227273,910.5335227318182,5420.75,4135001,HmiyD2TTLFNqkNe,31.361989333333334,48.560525000000005,0.6801754139999999,14,6,2,17.19853566666667
2020-06-10 14:30:00,5912.465909136364,578.9488636363636,5636.0,4135001,HmiyD2TTLFNqkNe,31.511543666666668,48.153831,0.444713674,14,6,2,16.64228733333333
2020-06-10 14:45:00,975.8514610318181,94.79707792272728,5699.0,4135001,HmiyD2TTLFNqkNe,26.491621866666662,29.685520466666663,0.0639606361333333,14,6,2,3.1938986000000007
2020-06-10 15:00:00,2117.846590909091,207.43717531818183,5735.142857,4135001,HmiyD2TTLFNqkNe,23.6877706,23.490259000000005,0.1306238946666666,15,6,2,-0.197511599999995
2020-06-10 15:15:00,3457.722402681818,339.6928571409091,5807.125,4135001,HmiyD2TTLFNqkNe,24.0490642,25.863409466666663,0.2161701353333333,15,6,2,1.8143452666666633
2020-06-10 15:30:00,4671.546266181817,458.3695616954546,5917.142857,4135001,HmiyD2TTLFNqkNe,25.028104666666668,29.65835566666667,0.2919487846666666,15,6,2,4.630251000000001
2020-06-10 15:45:00,3812.313311681818,374.6539772681818,6021.25,4135001,HmiyD2TTLFNqkNe,25.1799176,32.45616233333334,0.2474112733333333,15,6,2,7.276244733333339
2020-06-10 16:00:00,4164.313311681818,409.0476461045455,6121.0,4135001,HmiyD2TTLFNqkNe,25.529737071428567,33.1866565,0.2724546621428571,16,6,2,7.656919428571431
2020-06-10 16:15:00,5309.816558454546,520.4775162409092,6232.571429,4135001,HmiyD2TTLFNqkNe,26.168872133333338,35.321976600000006,0.3537411073333333,16,6,2,9.153104466666669
2020-06-10 16:30:00,3495.6582791818178,343.2676948,6350.875,4135001,HmiyD2TTLFNqkNe,26.560512333333328,35.3695456,0.2438012486666666,16,6,2,8.809033266666674
2020-06-10 16:45:00,2775.588474,272.42629869999996,6428.857143,4135001,HmiyD2TTLFNqkNe,26.307415666666667,32.08403093333333,0.1932886153333333,16,6,2,5.7766152666666635
2020-06-10 17:00:00,2432.976461,238.57873376818182,6490.375,4135001,HmiyD2TTLFNqkNe,26.02376913333333,30.4908548,0.1673700179999999,17,6,2,4.467085666666669
2020-06-10 17:15:00,2453.5186688636363,240.59935065,6555.428571,4135001,HmiyD2TTLFNqkNe,26.0763428,30.701261466666665,0.17003262,17,6,2,4.624918666666666
2020-06-10 17:30:00,1488.5659090909091,145.2784090909091,6598.8,4135001,HmiyD2TTLFNqkNe,25.9601472,29.5002533,0.1014331655,17,6,2,3.540106099999999
2020-06-10 17:45:00,1184.0714285909091,115.15779219545453,6637.428571,4135001,HmiyD2TTLFNqkNe,25.69048421428572,27.858786357142854,0.0826623008571428,17,6,2,2.168302142857133
2020-06-10 18:00:00,560.2142857136364,54.231818181363636,6657.857143,4135001,HmiyD2TTLFNqkNe,25.403283666666667,26.133491933333328,0.0386987639333333,18,6,2,0.7302082666666614
2020-06-10 18:15:00,116.39204545454545,11.232954545454545,6665.625,4135001,HmiyD2TTLFNqkNe,25.1838216,24.934887866666667,0.0091324596666666,18,6,2,-0.24893373333333457
2020-06-10 18:30:00,0.0,0.0,6667.0,4135001,HmiyD2TTLFNqkNe,25.0308594,24.326002933333328,0.0013383184030266,18,6,2,-0.7048564666666728
2020-06-10 18:45:00,0.0,0.0,6667.0,4135001,HmiyD2TTLFNqkNe,24.898394866666667,24.0229962,0.0,18,6,2,-0.8753986666666655
2020-06-10 19:00:00,0.0,0.0,6667.0,4135001,HmiyD2TTLFNqkNe,24.796325666666664,23.751652,0.0,19,6,2,-1.0446736666666645
2020-06-10 19:15:00,0.0,0.0,6667.0,4135001,HmiyD2TTLFNqkNe,24.6726442,23.437866333333336,0.0,19,6,2,-1.234777866666665
2020-06-10 19:30:00,0.0,0.0,6667.0,4135001,HmiyD2TTLFNqkNe,24.4905418,22.90063273333333,0.0,19,6,2,-1.5899090666666673
2020-06-10 19:45:00,0.0,0.0,6667.0,4135001,HmiyD2TTLFNqkNe,24.240319214285712,22.724879500000004,0.0,19,6,2,-1.5154397142857086
2020-06-10 20:00:00,0.0,0.0,6667.0,4135001,HmiyD2TTLFNqkNe,23.8389954,22.53573606666667,0.0,20,6,2,-1.303259333333333
2020-06-10 20:15:00,0.0,0.0,6667.0,4135001,HmiyD2TTLFNqkNe,23.097306266666667,21.900569666666662,0.0,20,6,2,-1.1967366000000048
2020-06-10 20:30:00,0.0,0.0,6667.0,4135001,HmiyD2TTLFNqkNe,22.638631266666664,21.44738153333333,0.0,20,6,2,-1.1912497333333327
2020-06-10 20:45:00,0.0,0.0,6667.0,4135001,HmiyD2TTLFNqkNe,22.402168866666667,21.304317066666663,0.0,20,6,2,-1.0978518000000044
2020-06-10 21:00:00,0.0,0.0,6667.0,4135001,HmiyD2TTLFNqkNe,22.29684226666667,21.24188433333333,0.0,21,6,2,-1.0549579333333376
2020-06-10 21:15:00,0.0,0.0,6667.0,4135001,HmiyD2TTLFNqkNe,22.301875866666663,21.22502233333333,0.0,21,6,2,-1.0768535333333311
2020-06-10 21:30:00,0.0,0.0,6667.0,4135001,HmiyD2TTLFNqkNe,22.351090466666665,21.098295066666672,0.0,21,6,2,-1.252795399999993
2020-06-10 21:45:00,0.0,0.0,6667.0,4135001,HmiyD2TTLFNqkNe,22.359759533333328,20.81857506666667,0.0,21,6,2,-1.5411844666666568
2020-06-10 22:00:00,0.0,0.0,6667.0,4135001,HmiyD2TTLFNqkNe,22.1506266,20.516988066666663,0.0,22,6,2,-1.633638533333336
2020-06-10 22:15:00,0.0,0.0,6667.0,4135001,HmiyD2TTLFNqkNe,22.00165442857143,20.468538571428567,0.0,22,6,2,-1.5331158571428638
2020-06-10 22:30:00,0.0,0.0,6667.0,4135001,HmiyD2TTLFNqkNe,21.997644,20.7359436,0.0,22,6,2,-1.2617004000000023
2020-06-10 22:45:00,0.0,0.0,6667.0,4135001,HmiyD2TTLFNqkNe,22.014015666666666,20.856579533333335,0.0,22,6,2,-1.1574361333333307
2020-06-10 23:00:00,0.0,0.0,6667.0,4135001,HmiyD2TTLFNqkNe,22.087756466666665,20.8401488,0.0,23,6,2,-1.2476076666666636
2020-06-10 23:15:00,0.0,0.0,6667.0,4135001,HmiyD2TTLFNqkNe,22.24785753333333,20.93400873333333,0.0,23,6,2,-1.3138488000000024
2020-06-10 23:30:00,0.0,0.0,6667.0,4135001,HmiyD2TTLFNqkNe,22.4090638,21.169836533333328,0.0,23,6,2,-1.2392272666666706
2020-06-10 23:45:00,0.0,0.0,6667.0,4135001,HmiyD2TTLFNqkNe,22.643738066666664,21.613045333333336,0.0,23,6,2,-1.0306927333333284
2020-06-11 00:00:00,0.0,0.0,822.25,4135001,HmiyD2TTLFNqkNe,22.739367733333328,21.784452266666666,0.0,0,6,3,-0.9549154666666624
2020-06-11 00:15:00,0.0,0.0,0.0,4135001,HmiyD2TTLFNqkNe,22.770773785714287,21.83486957142857,0.0,0,6,3,-0.935904214285717
2020-06-11 00:30:00,0.0,0.0,0.0,4135001,HmiyD2TTLFNqkNe,22.346177133333327,21.4652264,0.0,0,6,3,-0.8809507333333286
2020-06-11 00:45:00,0.0,0.0,0.0,4135001,HmiyD2TTLFNqkNe,22.243847666666667,21.32475,0.0,0,6,3,-0.9190976666666657
2020-06-11 01:00:00,0.0,0.0,0.0,4135001,HmiyD2TTLFNqkNe,22.373763,21.36869693333333,0.0,1,6,3,-1.0050660666666715
2020-06-11 01:15:00,0.0,0.0,0.0,4135001,HmiyD2TTLFNqkNe,22.274361200000005,21.019885333333328,0.0,1,6,3,-1.2544758666666773
2020-06-11 01:30:00,0.0,0.0,0.0,4135001,HmiyD2TTLFNqkNe,22.2262044,20.8927876,0.0,1,6,3,-1.333416800000002
2020-06-11 01:45:00,0.0,0.0,0.0,4135001,HmiyD2TTLFNqkNe,22.188857066666667,20.82486373333333,0.0,1,6,3,-1.3639933333333367
2020-06-11 02:00:00,0.0,0.0,0.0,4135001,HmiyD2TTLFNqkNe,22.104992666666668,20.830979533333338,0.0,2,6,3,-1.2740131333333302
2020-06-11 02:15:00,0.0,0.0,0.0,4135001,HmiyD2TTLFNqkNe,22.014145733333336,20.67282113333334,0.0,2,6,3,-1.3413245999999965
2020-06-11 02:30:00,0.0,0.0,0.0,4135001,HmiyD2TTLFNqkNe,21.882257133333333,20.452899066666667,0.0,2,6,3,-1.4293580666666656
2020-06-11 02:45:00,0.0,0.0,0.0,4135001,HmiyD2TTLFNqkNe,21.722754285714284,20.269165,0.0,2,6,3,-1.4535892857142834
2020-06-11 03:00:00,0.0,0.0,0.0,4135001,HmiyD2TTLFNqkNe,21.6394612,20.0675924,0.0,3,6,3,-1.5718688000000007
2020-06-11 03:15:00,0.0,0.0,0.0,4135001,HmiyD2TTLFNqkNe,21.511769733333328,19.800008133333336,0.0,3,6,3,-1.711761599999992
2020-06-11 03:30:00,0.0,0.0,0.0,4135001,HmiyD2TTLFNqkNe,21.408011866666666,19.59883613333333,0.0,3,6,3,-1.809175733333337
2020-06-11 03:45:00,0.0,0.0,0.0,4135001,HmiyD2TTLFNqkNe,21.25261846666667,19.653346666666668,0.0,3,6,3,-1.599271800000004
2020-06-11 04:00:00,0.0,0.0,0.0,4135001,HmiyD2TTLFNqkNe,21.17042653333333,19.669116266666663,0.0,4,6,3,-1.5013102666666676
2020-06-11 04:15:00,0.0,0.0,0.0,4135001,HmiyD2TTLFNqkNe,21.137506066666667,19.666155866666664,0.0,4,6,3,-1.4713502000000034
2020-06-11 04:30:00,0.0,0.0,0.0,4135001,HmiyD2TTLFNqkNe,21.11148893333333,19.4949688,0.0,4,6,3,-1.6165201333333314
2020-06-11 04:45:00,0.0,0.0,0.0,4135001,HmiyD2TTLFNqkNe,21.1515158,19.529553,0.0,4,6,3,-1.6219627999999986
2020-06-11 05:00:00,0.0,0.0,0.0,4135001,HmiyD2TTLFNqkNe,21.679722142857145,19.958999571428567,0.0,5,6,3,-1.7207225714285777
2020-06-11 05:15:00,0.0,0.0,0.0,4135001,HmiyD2TTLFNqkNe,21.8479166,20.282653666666665,0.0,5,6,3,-1.5652629333333365
2020-06-11 05:30:00,0.0,0.0,0.0,4135001,HmiyD2TTLFNqkNe,21.764787,20.28937980000001,0.0,5,6,3,-1.4754071999999887
2020-06-11 05:45:00,0.0,0.0,0.0,4135001,HmiyD2TTLFNqkNe,21.841320666666665,20.434340400000004,0.0,5,6,3,-1.406980266666661
2020-06-11 06:00:00,0.0,0.0,0.0,4135001,HmiyD2TTLFNqkNe,21.80440273333333,20.4181316,0.0024945839982,6,6,3,-1.3862711333333309
2020-06-11 06:15:00,149.78165584090908,14.457954545454545,2.0,4135001,HmiyD2TTLFNqkNe,21.87074993333333,20.6757548,0.0115848330599999,6,6,3,-1.1949951333333289
2020-06-11 06:30:00,363.67288960454545,35.143668831363634,8.5,4135001,HmiyD2TTLFNqkNe,21.9280518,21.149878,0.0245571073333333,6,6,3,-0.7781737999999976
2020-06-11 06:45:00,530.1006493545455,51.290827922272726,20.14285714,4135001,HmiyD2TTLFNqkNe,21.8738464,21.782067666666663,0.0349704387333333,6,6,3,-0.09177873333333864
2020-06-11 07:00:00,785.6047077954546,76.21258116863636,35.375,4135001,HmiyD2TTLFNqkNe,22.074057499999995,22.67060192857143,0.0519139962857142,7,6,3,0.5965444285714341
2020-06-11 07:15:00,1201.899350681818,116.88027596363636,60.42857143,4135001,HmiyD2TTLFNqkNe,22.155832933333333,23.475118133333336,0.0771933347333333,7,6,3,1.319285200000003
2020-06-11 07:30:00,1470.224026,143.44805194545455,94.25,4135001,HmiyD2TTLFNqkNe,22.33260493333333,24.388740933333327,0.0940940934,7,6,3,2.0561359999999986
2020-06-11 07:45:00,2017.781655818182,197.80040584545452,137.1428571,4135001,HmiyD2TTLFNqkNe,22.53172193333333,25.608616266666665,0.1302281486666666,7,6,3,3.0768943333333354
2020-06-11 08:00:00,2584.8855519545455,253.48944805,195.375,4135001,HmiyD2TTLFNqkNe,22.849924866666672,27.304630533333327,0.1688907413333333,8,6,3,4.454705666666655
2020-06-11 08:15:00,2889.136363727273,283.4019480590909,266.0,4135001,HmiyD2TTLFNqkNe,23.1288086,28.704862466666665,0.1892255126666666,8,6,3,5.5760538666666655
2020-06-11 08:30:00,3016.8522727272725,296.26761363636365,339.875,4135001,HmiyD2TTLFNqkNe,23.5816488,29.4664654,0.1961367113333333,8,6,3,5.884816600000001
2020-06-11 08:45:00,3402.480519545454,334.50519480909094,424.5714286,4135001,HmiyD2TTLFNqkNe,24.069722533333334,30.364528333333336,0.219947506,8,6,3,6.2948058000000024
2020-06-11 09:00:00,3787.994318181818,372.26590909090913,516.0,4135001,HmiyD2TTLFNqkNe,24.30036257142857,31.44437728571429,0.2430901692857142,9,6,3,7.144014714285721
2020-06-11 09:15:00,4182.201298636363,410.8448052045455,617.1428571,4135001,HmiyD2TTLFNqkNe,24.295941266666667,32.440757133333335,0.2680125333333333,9,6,3,8.144815866666669
2020-06-11 09:30:00,4449.211850681819,436.84366883181815,726.25,4135001,HmiyD2TTLFNqkNe,24.4268352,33.25334266666667,0.286548186,9,6,3,8.82650746666667
2020-06-11 09:45:00,4768.119318227273,467.6214285727273,842.5714286,4135001,HmiyD2TTLFNqkNe,24.623516666666664,34.098657333333335,0.30827921,9,6,3,9.475140666666672
2020-06-11 10:00:00,5143.139610363636,504.1805194818182,969.0,4135001,HmiyD2TTLFNqkNe,24.80515553333333,34.56906553333334,0.3341347466666667,10,6,3,9.763910000000006
2020-06-11 10:15:00,5597.008928545454,548.5484577909091,1103.714286,4135001,HmiyD2TTLFNqkNe,25.031361933333333,35.71532393333333,0.3664925886666666,10,6,3,10.683961999999998
2020-06-11 10:30:00,5714.599837636363,560.0412337727273,1249.25,4135001,HmiyD2TTLFNqkNe,25.47613733333333,36.90983686666667,0.3750224913333333,10,6,3,11.433699533333343
2020-06-11 10:45:00,5924.349837636363,580.5198051909091,1392.142857,4135001,HmiyD2TTLFNqkNe,25.753749666666668,36.50444326666668,0.388530498,10,6,3,10.750693600000009
2020-06-11 11:00:00,7197.244318090909,704.7694805181818,1562.25,4135001,HmiyD2TTLFNqkNe,26.2963116,38.61497386666667,0.4865309580000001,11,6,3,12.318662266666674
2020-06-11 11:15:00,7793.846590954546,762.9482142863636,1760.714286,4135001,HmiyD2TTLFNqkNe,26.492523071428568,40.41920307142857,0.5315657121428571,11,6,3,13.926680000000001
2020-06-11 11:30:00,7328.654220818182,717.5960227272727,1935.428571,4135001,HmiyD2TTLFNqkNe,26.57368573333333,40.655814933333325,0.4960136759999999,11,6,3,14.082129199999994
2020-06-11 11:45:00,8250.466720772727,807.4582792181819,2130.5,4135001,HmiyD2TTLFNqkNe,26.907450200000007,42.12864373333333,0.5611673299999999,11,6,3,15.22119353333332
2020-06-11 12:00:00,9281.554383136363,907.8607954636365,2349.714286,4135001,HmiyD2TTLFNqkNe,27.16000973333333,43.574774533333326,0.6383058133333332,12,6,3,16.414764799999997
2020-06-11 12:15:00,8924.173701272726,873.0563311727274,2585.875,4135001,HmiyD2TTLFNqkNe,27.4697428,43.46879073333333,0.6140467053333332,12,6,3,15.99904793333333
2020-06-11 12:30:00,7917.806818136363,775.0098214272726,2801.285714,4135001,HmiyD2TTLFNqkNe,27.567753066666665,42.5188598,0.5518808986666666,12,6,3,14.951106733333337
2020-06-11 12:45:00,5811.926136363636,569.5050324636363,2976.0,4135001,HmiyD2TTLFNqkNe,27.667081733333337,39.6965698,0.384930638,12,6,3,12.029488066666662
2020-06-11 13:00:00,6767.1883117727275,662.8032467454545,3135.0,4135001,HmiyD2TTLFNqkNe,27.793925066666667,40.65225413333333,0.4614137253333333,13,6,3,12.858329066666663
2020-06-11 13:15:00,7291.028409090909,713.9130681818182,3315.0,4135001,HmiyD2TTLFNqkNe,27.97164264285714,40.74435871428572,0.5024805850000001,13,6,3,12.772716071428576
2020-06-11 13:30:00,4824.779220818182,473.29220779545454,3476.428571,4135001,HmiyD2TTLFNqkNe,28.019702266666663,39.3556314,0.3363512746666666,13,6,3,11.335929133333337
2020-06-11 13:45:00,6409.000811681818,627.8504870136363,3614.125,4135001,HmiyD2TTLFNqkNe,27.88819186666667,37.721638866666666,0.4294617333333333,13,6,3,9.833446999999996
2020-06-11 14:00:00,6748.831168863637,660.9698051954546,3780.142857,4135001,HmiyD2TTLFNqkNe,28.2268556,39.822216533333325,0.463052552,14,6,3,11.595360933333325
2020-06-11 14:15:00,9405.227272863636,919.3581169045455,3984.625,4135001,HmiyD2TTLFNqkNe,28.652787199999995,42.90342799999999,0.6541221086666666,14,6,3,14.250640799999996
2020-06-11 14:30:00,10348.25081140909,1010.897240259091,4239.571429,4135001,HmiyD2TTLFNqkNe,28.91200753333333,46.4054178,0.702585196,14,6,3,17.49341026666667
2020-06-11 14:45:00,6174.621753227272,604.9468344090909,4438.0,4135001,HmiyD2TTLFNqkNe,28.541935266666663,42.981264133333326,0.4346433879999999,14,6,3,14.439328866666663
2020-06-11 15:00:00,7403.262175363637,724.7412337681818,4602.0,4135001,HmiyD2TTLFNqkNe,28.410937533333332,41.019122266666656,0.5243561353333333,15,6,3,12.608184733333324
2020-06-11 15:15:00,6306.891233818183,617.9139610409092,4785.75,4135001,HmiyD2TTLFNqkNe,28.499876,40.864774533333325,0.4330104273333333,15,6,3,12.364898533333324
2020-06-11 15:30:00,7161.314934954546,701.274594159091,4953.0,4135001,HmiyD2TTLFNqkNe,28.5198495,39.834891285714285,0.5047613450000001,15,6,3,11.315041785714286
2020-06-11 15:45:00,6337.559253227272,620.8624188272727,5111.142857,4135001,HmiyD2TTLFNqkNe,28.490726733333336,39.98254813333334,0.4242669086666667,15,6,3,11.491821400000003
2020-06-11 16:00:00,4805.651785727273,471.46534090909086,5253.0,4135001,HmiyD2TTLFNqkNe,28.066652533333336,37.5957134,0.3353831253333333,16,6,3,9.529060866666665
2020-06-11 16:15:00,4452.2102271818185,437.01128246818183,5366.857143,4135001,HmiyD2TTLFNqkNe,27.5691588,35.038138866666664,0.3022549713333332,16,6,3,7.4689800666666635
2020-06-11 16:30:00,3603.7751623181816,354.21785713636365,5468.125,4135001,HmiyD2TTLFNqkNe,27.460978266666665,33.56361520000001,0.2453987326666666,16,6,3,6.1026369333333434
2020-06-11 16:45:00,3151.3628248181817,309.60900974545456,5555.142857,4135001,HmiyD2TTLFNqkNe,27.1531046,30.6198468,0.2141466953333333,16,6,3,3.4667422000000023
2020-06-11 17:00:00,2391.211039,234.4737824681818,5625.5,4135001,HmiyD2TTLFNqkNe,26.86789553333333,27.269881133333328,0.163458322,17,6,3,0.4019855999999997
2020-06-11 17:15:00,1886.4025974545455,184.91298701363635,5679.428571,4135001,HmiyD2TTLFNqkNe,26.575002,28.584523666666666,0.1298209161333333,17,6,3,2.0095216666666644
2020-06-11 17:30:00,1422.4545454545455,138.6909090909091,5721.625,4135001,HmiyD2TTLFNqkNe,26.33208213333333,27.7955018,0.0971864702,17,6,3,1.4634196666666703
2020-06-11 17:45:00,985.0389610863637,95.70389610409092,5752.857143,4135001,HmiyD2TTLFNqkNe,26.070382142857145,26.87296621428572,0.0679638256428571,17,6,3,0.8025840714285764
2020-06-11 18:00:00,631.7288961045455,61.180681818636366,5773.375,4135001,HmiyD2TTLFNqkNe,25.856518466666664,25.91061213333333,0.04432217,18,6,3,0.05409366666666671
2020-06-11 18:15:00,297.88149350909094,28.779626622727275,5785.0,4135001,HmiyD2TTLFNqkNe,25.545349066666663,24.837803066666662,0.0214776268,18,6,3,-0.7075460000000007
2020-06-11 18:30:00,58.63555194818182,5.657386363590909,5789.625,4135001,HmiyD2TTLFNqkNe,25.260909000000005,23.9481894,0.0059466362266666,18,6,3,-1.3127196000000048
2020-06-11 18:45:00,0.0,0.0,5790.0,4135001,HmiyD2TTLFNqkNe,25.032338466666666,23.32562873333333,5.161001586666666e-05,18,6,3,-1.7067097333333372
2020-06-11 19:00:00,0.0,0.0,5790.0,4135001,HmiyD2TTLFNqkNe,24.81229646666667,23.04192926666667,0.0,19,6,3,-1.770367199999999
2020-06-11 19:15:00,0.0,0.0,5790.0,4135001,HmiyD2TTLFNqkNe,24.601367133333333,22.8550334,0.0,19,6,3,-1.7463337333333335
2020-06-11 19:30:00,0.0,0.0,5790.0,4135001,HmiyD2TTLFNqkNe,24.368300400000003,22.5817038,0.0,19,6,3,-1.7865966000000029
2020-06-11 19:45:00,0.0,0.0,5790.0,4135001,HmiyD2TTLFNqkNe,24.173594857142856,22.5616825,0.0,19,6,3,-1.611912357142856
2020-06-11 20:00:00,0.0,0.0,5790.0,4135001,HmiyD2TTLFNqkNe,24.0864298,22.66164153333333,0.0,20,6,3,-1.4247882666666705
2020-06-11 20:15:00,0.0,0.0,5790.0,4135001,HmiyD2TTLFNqkNe,24.059523533333333,22.747019333333327,0.0,20,6,3,-1.3125042000000064
2020-06-11 20:30:00,0.0,0.0,5790.0,4135001,HmiyD2TTLFNqkNe,24.018544466666665,22.83385,0.0,20,6,3,-1.184694466666663
2020-06-11 20:45:00,0.0,0.0,5790.0,4135001,HmiyD2TTLFNqkNe,23.949184266666663,22.594362466666663,0.0,20,6,3,-1.3548217999999999
2020-06-11 21:00:00,0.0,0.0,5790.0,4135001,HmiyD2TTLFNqkNe,23.82512006666667,22.368981933333338,0.0,21,6,3,-1.456138133333333
2020-06-11 21:15:00,0.0,0.0,5790.0,4135001,HmiyD2TTLFNqkNe,23.73761393333333,22.361889533333333,0.0,21,6,3,-1.3757243999999957
2020-06-11 21:30:00,0.0,0.0,5790.0,4135001,HmiyD2TTLFNqkNe,23.686230533333333,22.271466200000003,0.0,21,6,3,-1.4147643333333306
2020-06-11 21:45:00,0.0,0.0,5790.0,4135001,HmiyD2TTLFNqkNe,23.684969285714285,22.301834000000003,0.0,21,6,3,-1.3831352857142818
2020-06-11 22:00:00,0.0,0.0,5790.0,4135001,HmiyD2TTLFNqkNe,23.6376038,22.34254746666667,0.0,22,6,3,-1.2950563333333314
2020-06-11 22:15:00,0.0,0.0,5790.0,4135001,HmiyD2TTLFNqkNe,23.57180973333333,22.367293333333333,0.0,22,6,3,-1.2045163999999957
2020-06-11 22:30:00,0.0,0.0,5790.0,4135001,HmiyD2TTLFNqkNe,23.48927,22.27728473333333,0.0,22,6,3,-1.2119852666666695
2020-06-11 22:45:00,0.0,0.0,5790.0,4135001,HmiyD2TTLFNqkNe,23.419014533333332,22.2010274,0.0,22,6,3,-1.217987133333331
2020-06-11 23:00:00,0.0,0.0,5790.0,4135001,HmiyD2TTLFNqkNe,23.328574733333333,21.94969073333333,0.0,23,6,3,-1.3788840000000029
2020-06-11 23:15:00,0.0,0.0,5790.0,4135001,HmiyD2TTLFNqkNe,23.195113266666677,21.619791733333333,0.0,23,6,3,-1.5753215333333443
2020-06-11 23:30:00,0.0,0.0,5790.0,4135001,HmiyD2TTLFNqkNe,23.027634733333333,21.0713054,0.0,23,6,3,-1.9563293333333327
2020-06-11 23:45:00,0.0,0.0,5717.0,4135001,HmiyD2TTLFNqkNe,22.883350857142855,20.635208142857145,0.0,23,6,3,-2.2481427142857093
2020-06-12 00:00:00,0.0,0.0,1399.75,4135001,HmiyD2TTLFNqkNe,22.799922733333336,20.528210533333333,0.0,0,6,4,-2.271712200000003
2020-06-12 00:15:00,0.0,0.0,0.0,4135001,HmiyD2TTLFNqkNe,22.69196986666667,20.668831466666663,0.0,0,6,4,-2.0231384000000077
2020-06-12 00:30:00,0.0,0.0,0.0,4135001,HmiyD2TTLFNqkNe,22.757900000000003,21.138439800000004,0.0,0,6,4,-1.619460199999999
2020-06-12 00:45:00,0.0,0.0,0.0,4135001,HmiyD2TTLFNqkNe,22.682067866666667,20.969073466666664,0.0,0,6,4,-1.712994400000003
2020-06-12 01:00:00,0.0,0.0,0.0,4135001,HmiyD2TTLFNqkNe,22.602435133333337,20.8421712,0.0,1,6,4,-1.7602639333333379
2020-06-12 01:15:00,0.0,0.0,0.0,4135001,HmiyD2TTLFNqkNe,22.522731466666663,20.5014038,0.0,1,6,4,-2.0213276666666644
2020-06-12 01:30:00,0.0,0.0,0.0,4135001,HmiyD2TTLFNqkNe,22.480474866666665,20.49038893333333,0.0,1,6,4,-1.9900859333333365
2020-06-12 01:45:00,0.0,0.0,0.0,4135001,HmiyD2TTLFNqkNe,22.407838933333327,20.556685333333338,0.0,1,6,4,-1.8511535999999893
2020-06-12 02:00:00,0.0,0.0,0.0,4135001,HmiyD2TTLFNqkNe,22.360552285714288,20.44197957142857,0.0,2,6,4,-1.9185727142857196
2020-06-12 02:15:00,0.0,0.0,0.0,4135001,HmiyD2TTLFNqkNe,22.22029006666667,19.791581266666668,0.0,2,6,4,-2.4287088000000026
2020-06-12 02:30:00,0.0,0.0,0.0,4135001,HmiyD2TTLFNqkNe,22.049361200000003,19.63535353333333,0.0,2,6,4,-2.4140076666666737
2020-06-12 02:45:00,0.0,0.0,0.0,4135001,HmiyD2TTLFNqkNe,21.818412266666662,19.3708762,0.0,2,6,4,-2.447536066666661
2020-06-12 03:00:00,0.0,0.0,0.0,4135001,HmiyD2TTLFNqkNe,21.680625333333328,19.39233373333333,0.0,3,6,4,-2.2882915999999973
2020-06-12 03:15:00,0.0,0.0,0.0,4135001,HmiyD2TTLFNqkNe,21.79938153333333,20.0586528,0.0,3,6,4,-1.7407287333333308
2020-06-12 03:30:00,0.0,0.0,0.0,4135001,HmiyD2TTLFNqkNe,22.14472873333333,20.548067333333336,0.0,3,6,4,-1.596661399999995
2020-06-12 03:45:00,0.0,0.0,0.0,4135001,HmiyD2TTLFNqkNe,22.11750466666667,21.4555846,0.0,3,6,4,-0.6619200666666671
2020-06-12 04:00:00,0.0,0.0,0.0,4135001,HmiyD2TTLFNqkNe,21.33571573333333,20.44492186666667,0.0,4,6,4,-0.8907938666666588
2020-06-12 04:15:00,0.0,0.0,0.0,4135001,HmiyD2TTLFNqkNe,21.16746521428572,19.544621,0.0,4,6,4,-1.6228442142857205
2020-06-12 04:30:00,0.0,0.0,0.0,4135001,HmiyD2TTLFNqkNe,21.14945466666667,19.437854,0.0,4,6,4,-1.7116006666666692
2020-06-12 04:45:00,0.0,0.0,0.0,4135001,HmiyD2TTLFNqkNe,21.176210533333336,19.930458466666664,0.0,4,6,4,-1.2457520666666717
2020-06-12 05:00:00,0.0,0.0,0.0,4135001,HmiyD2TTLFNqkNe,21.17710573333333,20.062982066666663,0.0,5,6,4,-1.1141236666666678
2020-06-12 05:15:00,0.0,0.0,0.0,4135001,HmiyD2TTLFNqkNe,21.0787292,20.025736533333337,0.0,5,6,4,-1.0529926666666647
2020-06-12 05:30:00,0.0,0.0,0.0,4135001,HmiyD2TTLFNqkNe,20.894081466666663,19.889562933333337,0.0,5,6,4,-1.004518533333325
2020-06-12 05:45:00,0.0,0.0,0.0,4135001,HmiyD2TTLFNqkNe,20.751308333333327,19.813110266666666,0.0001221914806666,5,6,4,-0.9381980666666614
2020-06-12 06:00:00,0.0,0.0,0.0,4135001,HmiyD2TTLFNqkNe,20.89739573333333,20.124570866666662,0.0033814346733333,6,6,4,-0.7728248666666673
2020-06-12 06:15:00,159.41152597727273,15.38652597409091,2.25,4135001,HmiyD2TTLFNqkNe,21.11287226666667,20.467968733333333,0.0133244222,6,6,4,-0.6449035333333377
2020-06-12 06:30:00,364.7418831181818,35.257142857727274,8.857142857,4135001,HmiyD2TTLFNqkNe,21.31159314285714,20.909787928571426,0.0257571987857142,6,6,4,-0.4018052142857158
2020-06-12 06:45:00,695.3003246727272,67.38303571454546,22.25,4135001,HmiyD2TTLFNqkNe,21.4945944,21.6351522,0.0471279440666666,6,6,4,0.14055779999999984
2020-06-12 07:00:00,932.3133116909091,90.55892857136364,43.71428571,4135001,HmiyD2TTLFNqkNe,21.6540956,22.649001066666667,0.0630958514666666,7,6,4,0.9949054666666655
2020-06-12 07:15:00,1062.3376623181819,103.24626622727273,68.5,4135001,HmiyD2TTLFNqkNe,21.774928866666663,23.340763133333333,0.0711178362666666,7,6,4,1.5658342666666698
2020-06-12 07:30:00,934.3863636272727,90.75681818227272,93.57142857,4135001,HmiyD2TTLFNqkNe,21.926344866666668,23.469942133333333,0.0617966885999999,7,6,4,1.5435972666666657
2020-06-12 07:45:00,1302.377435090909,126.8146103909091,121.375,4135001,HmiyD2TTLFNqkNe,22.160595666666666,23.656638733333327,0.084014334,7,6,4,1.4960430666666618
2020-06-12 08:00:00,1792.4805194545456,175.37102272727273,157.7142857,4135001,HmiyD2TTLFNqkNe,22.443727666666664,24.818983933333335,0.1192626860666666,8,6,4,2.3752562666666712
2020-06-12 08:15:00,2793.7386363636365,274.0238636363636,218.375,4135001,HmiyD2TTLFNqkNe,22.82434493333333,26.831990666666663,0.1853613693333333,8,6,4,4.007645733333334
2020-06-12 08:30:00,3157.249188363636,310.28246754090907,293.7142857,4135001,HmiyD2TTLFNqkNe,23.0203716,26.054441200000003,0.2082250053333333,8,6,4,3.0340696000000023
2020-06-12 08:45:00,4088.270292227273,401.58595779090905,385.375,4135001,HmiyD2TTLFNqkNe,23.184509285714288,27.96154764285714,0.2725619585714286,8,6,4,4.777038357142853
2020-06-12 09:00:00,4977.186688318182,488.0086850681818,504.1428571,4135001,HmiyD2TTLFNqkNe,23.590940333333336,31.234486866666668,0.340201678,9,6,4,7.643546533333332
2020-06-12 09:15:00,5950.844967545455,583.1017857136363,651.5,4135001,HmiyD2TTLFNqkNe,23.993477333333328,34.5792848,0.4067895253333334,9,6,4,10.585807466666676
2020-06-12 09:30:00,5315.465909045454,521.0282467545454,790.8571429,4135001,HmiyD2TTLFNqkNe,24.37688393333333,35.00016073333333,0.35931397,9,6,4,10.623276800000003
2020-06-12 09:45:00,6488.888798681818,635.6509740272727,937.75,4135001,HmiyD2TTLFNqkNe,24.682629266666662,35.93726406666667,0.4422391126666667,9,6,4,11.254634800000009
2020-06-12 10:00:00,5785.083603909091,566.9148539045455,1097.142857,4135001,HmiyD2TTLFNqkNe,24.942492866666665,36.7749714,0.3904689026666667,10,6,4,11.832478533333333
2020-06-12 10:15:00,7706.587662318182,754.4034902681818,1253.142857,4135001,HmiyD2TTLFNqkNe,25.262884466666662,37.78594966666667,0.50926205,10,6,4,12.523065200000005
2020-06-12 10:30:00,8184.020292272728,800.9502435090909,1457.5,4135001,HmiyD2TTLFNqkNe,25.460363866666665,37.3852784,0.5591777066666666,10,6,4,11.924914533333332
2020-06-12 10:45:00,6684.5551947272725,654.71444805,1657.714286,4135001,HmiyD2TTLFNqkNe,25.431754533333333,38.33857613333334,0.4420255493333332,10,6,4,12.906821600000008
2020-06-12 11:00:00,6074.203733772727,595.1574675363637,1812.75,4135001,HmiyD2TTLFNqkNe,25.35791885714286,35.92258564285714,0.3929380471428571,11,6,4,10.564666785714284
2020-06-12 11:15:00,8311.337662318181,813.3492694863636,1995.142857,4135001,HmiyD2TTLFNqkNe,25.700242133333333,36.99481373333333,0.5402542266666664,11,6,4,11.294571599999998
2020-06-12 11:30:00,9940.426948272727,971.6541396454545,2238.5,4135001,HmiyD2TTLFNqkNe,25.79386393333333,40.80645753333332,0.6753042113333334,11,6,4,15.012593599999992
2020-06-12 11:45:00,9324.396915545454,912.0416396136363,2470.0,4135001,HmiyD2TTLFNqkNe,26.294516866666665,43.60148279999999,0.6536209333333333,11,6,4,17.306965933333327
2020-06-12 12:00:00,10167.302759545455,993.6200487272727,2723.25,4135001,HmiyD2TTLFNqkNe,26.7209514,47.15762106666666,0.7228255413333333,12,6,4,20.436669666666656
2020-06-12 12:15:00,7309.616883000001,715.7369318181818,2936.285714,4135001,HmiyD2TTLFNqkNe,27.061141066666668,45.5239648,0.507273356,12,6,4,18.462823733333334
2020-06-12 12:30:00,7082.949675272727,693.6318181863636,3117.875,4135001,HmiyD2TTLFNqkNe,27.073685666666663,42.09396553333334,0.4839689073333333,12,6,4,15.020279866666677
2020-06-12 12:45:00,7851.232954499999,768.5413149318182,3301.285714,4135001,HmiyD2TTLFNqkNe,27.122843333333336,40.93966879999999,0.544320384,12,6,4,13.816825466666657
2020-06-12 13:00:00,8043.840909045454,787.3210227272727,3503.0,4135001,HmiyD2TTLFNqkNe,27.410540933333333,42.2459552,0.563254726,13,6,4,14.835414266666664
2020-06-12 13:15:00,7828.915584363636,766.3724025909091,3713.571429,4135001,HmiyD2TTLFNqkNe,27.47486573333333,42.54781693333334,0.5366972139999999,13,6,4,15.072951200000006
2020-06-12 13:30:00,8328.469967636363,815.0492694772728,3914.0,4135001,HmiyD2TTLFNqkNe,27.546154666666663,42.22754713333333,0.576459514,13,6,4,14.681392466666669
2020-06-12 13:45:00,9547.970779227273,933.7699675318182,4141.142857,4135001,HmiyD2TTLFNqkNe,28.10111792857143,44.812733142857134,0.6685085735714286,13,6,4,16.711615214285704
2020-06-12 14:00:00,8751.965909045453,856.2919642863636,4377.0,4135001,HmiyD2TTLFNqkNe,28.347310466666663,45.494661266666654,0.6257596313333335,14,6,4,17.14735079999999
2020-06-12 14:15:00,7365.102272681818,721.1457792227274,4575.142857,4135001,HmiyD2TTLFNqkNe,28.47677,43.1335732,0.5180401986666665,14,6,4,14.656803200000002
2020-06-12 14:30:00,6387.504870136364,625.7528409136364,4732.428571,4135001,HmiyD2TTLFNqkNe,28.4605286,40.83483906666668,0.4465655733333333,14,6,4,12.374310466666682
2020-06-12 14:45:00,5959.546266227273,583.9663149363637,4885.75,4135001,HmiyD2TTLFNqkNe,28.428057933333328,39.44832773333333,0.4153775066666666,14,6,4,11.020269800000001
2020-06-12 15:00:00,5733.100649454545,561.839285709091,5029.142857,4135001,HmiyD2TTLFNqkNe,28.2338074,38.32697326666667,0.3964643046666666,15,6,4,10.09316586666667
2020-06-12 15:15:00,4896.2573052727275,480.12272727272733,5161.5,4135001,HmiyD2TTLFNqkNe,28.035068666666664,36.771075733333326,0.3378309306666666,15,6,4,8.736007066666662
2020-06-12 15:30:00,5815.599837681818,569.8934253272727,5297.857143,4135001,HmiyD2TTLFNqkNe,27.8538696,36.6129212,0.3998539546666666,15,6,4,8.759051600000003
2020-06-12 15:45:00,4585.306818227273,449.94780843636363,5439.375,4135001,HmiyD2TTLFNqkNe,27.934391200000004,36.66382873333334,0.3118431713333333,15,6,4,8.729437533333336
2020-06-12 16:00:00,2883.3798701363635,283.0393668772727,5531.857143,4135001,HmiyD2TTLFNqkNe,27.573211642857142,33.399052142857144,0.1978581207142857,16,6,4,5.825840500000002
2020-06-12 16:15:00,2721.1217532727273,266.88652597272727,5599.25,4135001,HmiyD2TTLFNqkNe,27.3096638,31.487119533333335,0.1830355166666666,16,6,4,4.1774557333333355
2020-06-12 16:30:00,2739.2394481363635,268.6620129909091,5668.285714,4135001,HmiyD2TTLFNqkNe,27.037646333333328,31.166569066666664,0.186726818,16,6,4,4.1289227333333365
2020-06-12 16:45:00,2612.911526,256.25056818181815,5736.125,4135001,HmiyD2TTLFNqkNe,26.854547133333337,30.850948,0.1810615513333333,16,6,4,3.9964008666666615
2020-06-12 17:00:00,1924.8985389090908,188.6934253318182,5794.428571,4135001,HmiyD2TTLFNqkNe,26.6788758,29.970585,0.1357463066666666,17,6,4,3.2917091999999997
2020-06-12 17:15:00,1799.8644480454545,176.41826298636363,5840.0,4135001,HmiyD2TTLFNqkNe,26.388924133333333,28.81902473333333,0.1273159356666666,17,6,4,2.430100599999996
2020-06-12 17:30:00,2174.341720772727,213.17792208181817,5888.142857,4135001,HmiyD2TTLFNqkNe,26.4417156,28.935205133333334,0.1581062406666667,17,6,4,2.493489533333335
2020-06-12 17:45:00,1562.6834414999998,152.5512987,5938.375,4135001,HmiyD2TTLFNqkNe,26.462915066666664,28.923132466666665,0.1159292518,17,6,4,2.460217400000001
2020-06-12 18:00:00,827.8295454590909,80.33125,5967.142857,4135001,HmiyD2TTLFNqkNe,26.235536666666665,27.3688028,0.0596401831333333,18,6,4,1.1332661333333363
2020-06-12 18:15:00,372.09659090909093,35.96274350681818,5981.625,4135001,HmiyD2TTLFNqkNe,25.90362353333333,26.05394893333333,0.0264554836,18,6,4,0.15032539999999983
2020-06-12 18:30:00,81.06737013045455,7.8224837661818185,5987.428571,4135001,HmiyD2TTLFNqkNe,25.559803357142854,24.90223478571428,0.0077439426142857,18,6,4,-0.6575685714285733
2020-06-12 18:45:00,0.0,0.0,5988.0,4135001,HmiyD2TTLFNqkNe,25.324770066666662,24.317897533333333,0.000143387096,18,6,4,-1.006872533333329
2020-06-12 19:00:00,0.0,0.0,5988.0,4135001,HmiyD2TTLFNqkNe,24.899776066666668,23.7660442,0.0,19,6,4,-1.1337318666666683
2020-06-12 19:15:00,0.0,0.0,5988.0,4135001,HmiyD2TTLFNqkNe,24.384317933333328,23.15259813333333,0.0,19,6,4,-1.231719799999997
2020-06-12 19:30:00,0.0,0.0,5988.0,4135001,HmiyD2TTLFNqkNe,23.99760953333333,22.36348273333333,0.0,19,6,4,-1.634126799999997
2020-06-12 19:45:00,0.0,0.0,5988.0,4135001,HmiyD2TTLFNqkNe,23.60764766666667,21.81601153333333,0.0,19,6,4,-1.7916361333333377
2020-06-12 20:00:00,0.0,0.0,5988.0,4135001,HmiyD2TTLFNqkNe,23.3088806,21.7585368,0.0,20,6,4,-1.5503437999999967
2020-06-12 20:15:00,0.0,0.0,5988.0,4135001,HmiyD2TTLFNqkNe,23.036924333333328,21.592647466666666,0.0,20,6,4,-1.4442768666666623
2020-06-12 20:30:00,0.0,0.0,5988.0,4135001,HmiyD2TTLFNqkNe,22.773077400000005,21.2763896,0.0,20,6,4,-1.4966878000000037
2020-06-12 20:45:00,0.0,0.0,5988.0,4135001,HmiyD2TTLFNqkNe,22.748559142857147,21.08551028571429,0.0,20,6,4,-1.6630488571428579
2020-06-12 21:00:00,0.0,0.0,5988.0,4135001,HmiyD2TTLFNqkNe,22.71641853333333,21.064766599999995,0.0,21,6,4,-1.6516519333333335
2020-06-12 21:15:00,0.0,0.0,5988.0,4135001,HmiyD2TTLFNqkNe,22.585485866666662,21.05030713333333,0.0,21,6,4,-1.535178733333332
2020-06-12 21:30:00,0.0,0.0,5988.0,4135001,HmiyD2TTLFNqkNe,22.537847933333328,20.9415284,0.0,21,6,4,-1.5963195333333289
2020-06-12 21:45:00,0.0,0.0,5988.0,4135001,HmiyD2TTLFNqkNe,22.53233033333333,20.917602666666667,0.0,21,6,4,-1.6147276666666635
2020-06-12 22:00:00,0.0,0.0,5988.0,4135001,HmiyD2TTLFNqkNe,22.543857733333333,20.942254666666663,0.0,22,6,4,-1.6016030666666694
2020-06-12 22:15:00,0.0,0.0,5988.0,4135001,HmiyD2TTLFNqkNe,22.565901533333328,20.975079333333333,0.0,22,6,4,-1.5908221999999945
2020-06-12 22:30:00,0.0,0.0,5988.0,4135001,HmiyD2TTLFNqkNe,22.6292034,21.1653016,0.0,22,6,4,-1.4639018000000021
2020-06-12 22:45:00,0.0,0.0,5988.0,4135001,HmiyD2TTLFNqkNe,22.599839266666667,21.0623922,0.0,22,6,4,-1.5374470666666653
2020-06-12 23:00:00,0.0,0.0,5988.0,4135001,HmiyD2TTLFNqkNe,22.504606133333336,20.695809,0.0,23,6,4,-1.8087971333333357
2020-06-12 23:15:00,0.0,0.0,5988.0,4135001,HmiyD2TTLFNqkNe,22.398563857142857,20.52727628571429,0.0,23,6,4,-1.8712875714285673
2020-06-12 23:30:00,0.0,0.0,5988.0,4135001,HmiyD2TTLFNqkNe,22.1450378,19.8951722,0.0,23,6,4,-2.2498655999999997
2020-06-12 23:45:00,0.0,0.0,5903.0,4135001,HmiyD2TTLFNqkNe,21.820540333333334,19.3403564,0.0,23,6,4,-2.4801839333333326
2020-06-13 00:00:00,0.0,0.0,843.2857143,4135001,HmiyD2TTLFNqkNe,21.771612666666663,19.357529733333337,0.0,0,6,5,-2.414082933333326
2020-06-13 00:15:00,0.0,0.0,0.0,4135001,HmiyD2TTLFNqkNe,21.73004566666667,19.504081266666667,0.0,0,6,5,-2.2259644000000023
2020-06-13 00:30:00,0.0,0.0,0.0,4135001,HmiyD2TTLFNqkNe,21.68706846666667,19.5628032,0.0,0,6,5,-2.1242652666666686
2020-06-13 00:45:00,0.0,0.0,0.0,4135001,HmiyD2TTLFNqkNe,21.619232066666665,19.559181866666663,0.0,0,6,5,-2.0600502000000027
2020-06-13 01:00:00,0.0,0.0,0.0,4135001,HmiyD2TTLFNqkNe,21.62596846666667,19.7870584,0.0,1,6,5,-1.8389100666666707
2020-06-13 01:15:00,0.0,0.0,0.0,4135001,HmiyD2TTLFNqkNe,21.6098348,19.668430666666666,0.0,1,6,5,-1.9414041333333358
2020-06-13 01:30:00,0.0,0.0,0.0,4135001,HmiyD2TTLFNqkNe,21.69312946666667,19.528464800000005,0.0,1,6,5,-2.1646646666666634
2020-06-13 01:45:00,0.0,0.0,0.0,4135001,HmiyD2TTLFNqkNe,21.82476585714286,19.508193785714283,0.0,1,6,5,-2.3165720714285776
2020-06-13 02:00:00,0.0,0.0,0.0,4135001,HmiyD2TTLFNqkNe,21.8943176,19.922452733333337,0.0,2,6,5,-1.9718648666666638
2020-06-13 02:15:00,0.0,0.0,0.0,4135001,HmiyD2TTLFNqkNe,21.80948073333333,19.62547406666667,0.0,2,6,5,-2.1840066666666615
2020-06-13 02:30:00,0.0,0.0,0.0,4135001,HmiyD2TTLFNqkNe,21.824768133333333,19.722699,0.0,2,6,5,-2.102069133333334
2020-06-13 02:45:00,0.0,0.0,0.0,4135001,HmiyD2TTLFNqkNe,21.762382066666667,19.78051553333333,0.0,2,6,5,-1.9818665333333385
2020-06-13 03:00:00,0.0,0.0,0.0,4135001,HmiyD2TTLFNqkNe,21.80184526666667,19.9007874,0.0,3,6,5,-1.9010578666666724
2020-06-13 03:15:00,0.0,0.0,0.0,4135001,HmiyD2TTLFNqkNe,21.800122066666667,19.8409138,0.0,3,6,5,-1.9592082666666677
2020-06-13 03:30:00,0.0,0.0,0.0,4135001,HmiyD2TTLFNqkNe,21.771885066666663,19.845127266666665,0.0,3,6,5,-1.9267577999999972
2020-06-13 03:45:00,0.0,0.0,0.0,4135001,HmiyD2TTLFNqkNe,21.751633733333332,19.8883016,0.0,3,6,5,-1.8633321333333335
2020-06-13 04:00:00,0.0,0.0,0.0,4135001,HmiyD2TTLFNqkNe,21.695316785714287,19.801740357142855,0.0,4,6,5,-1.893576428571432
2020-06-13 04:15:00,0.0,0.0,0.0,4135001,HmiyD2TTLFNqkNe,21.687630066666667,19.7502948,0.0,4,6,5,-1.9373352666666683
2020-06-13 04:30:00,0.0,0.0,0.0,4135001,HmiyD2TTLFNqkNe,21.6996928,19.72627573333333,0.0,4,6,5,-1.97341706666667
2020-06-13 04:45:00,0.0,0.0,0.0,4135001,HmiyD2TTLFNqkNe,21.70644933333333,19.613462266666662,0.0,4,6,5,-2.0929870666666694
2020-06-13 05:00:00,0.0,0.0,0.0,4135001,HmiyD2TTLFNqkNe,21.69656973333333,19.487091133333333,0.0,5,6,5,-2.209478599999997
2020-06-13 05:15:00,0.0,0.0,0.0,4135001,HmiyD2TTLFNqkNe,21.651534,19.3644714,0.0,5,6,5,-2.2870626000000023
2020-06-13 05:30:00,0.0,0.0,0.0,4135001,HmiyD2TTLFNqkNe,21.506585666666663,19.00236393333333,0.0,5,6,5,-2.504221733333331
2020-06-13 05:45:00,0.0,0.0,0.0,4135001,HmiyD2TTLFNqkNe,21.320007266666668,18.526363133333334,0.0001515382176666,5,6,5,-2.793644133333334
2020-06-13 06:00:00,93.62987012954545,9.039285714272728,1.0,4135001,HmiyD2TTLFNqkNe,21.28513,18.491779714285716,0.0083566124785714,6,6,5,-2.7933502857142827
2020-06-13 06:15:00,361.3944805181818,34.92573051954545,7.375,4135001,HmiyD2TTLFNqkNe,21.227468,18.728928533333335,0.0266036344666666,6,6,5,-2.4985394666666636
2020-06-13 06:30:00,595.8222402636364,57.67564935136363,20.0,4135001,HmiyD2TTLFNqkNe,21.14960933333333,19.30752746666667,0.0437152266,6,6,5,-1.8420818666666605
2020-06-13 06:45:00,1081.0016233681818,105.07508116590908,42.125,4135001,HmiyD2TTLFNqkNe,21.4259318,20.3191406,0.0749735576,6,6,5,-1.1067912
2020-06-13 07:00:00,1793.2362012727274,175.53019480454546,80.875,4135001,HmiyD2TTLFNqkNe,22.15570466666667,22.733018,0.161645104,7,6,5,0.5773133333333327
2020-06-13 07:15:00,2635.566558409091,258.5040584454545,142.5714286,4135001,HmiyD2TTLFNqkNe,22.832635466666662,26.273624666666667,0.2261299179999999,7,6,5,3.440989200000004
2020-06-13 07:30:00,3365.2621753181816,330.70844155454546,224.75,4135001,HmiyD2TTLFNqkNe,23.55732406666667,29.705493133333327,0.27848515,7,6,5,6.148169066666657
2020-06-13 07:45:00,4283.367694818182,420.6401785636363,328.1428571,4135001,HmiyD2TTLFNqkNe,24.221519,32.6289328,0.3412023106666666,7,6,5,8.4074138
2020-06-13 08:00:00,5205.886363590909,510.3299512954545,459.375,4135001,HmiyD2TTLFNqkNe,24.7192118,35.47181186666666,0.4043418426666666,8,6,5,10.752600066666663
2020-06-13 08:15:00,6262.028409181818,613.5013798727273,611.5714286,4135001,HmiyD2TTLFNqkNe,25.18008221428571,37.9038915,0.4780336921428571,8,6,5,12.723809285714289
2020-06-13 08:30:00,6890.319805136363,674.8340097454546,785.625,4135001,HmiyD2TTLFNqkNe,25.640753066666665,39.91504320000001,0.5138973833333333,8,6,5,14.274290133333341
2020-06-13 08:45:00,7423.7402598181825,726.8229707772726,972.1428571,4135001,HmiyD2TTLFNqkNe,26.137734,41.55750153333333,0.5205082880000002,8,6,5,15.419767533333331
2020-06-13 09:00:00,7920.570616863636,775.2099025909091,1185.625,4135001,HmiyD2TTLFNqkNe,26.32546173333333,43.22846253333333,0.5899908493333333,9,6,5,16.903000799999997
2020-06-13 09:15:00,8387.219967590909,820.4379870181818,1417.142857,4135001,HmiyD2TTLFNqkNe,26.5877218,43.06868493333333,0.5980412346666665,9,6,5,16.48096313333333
2020-06-13 09:30:00,8082.737824636363,790.7288961136364,1626.428571,4135001,HmiyD2TTLFNqkNe,26.939325000000004,44.3578572,0.6172084186666666,9,6,5,17.418532199999994
2020-06-13 09:45:00,8705.99756509091,851.2034902954546,1860.0,4135001,HmiyD2TTLFNqkNe,27.206691533333327,45.463765,0.6706322820000001,9,6,5,18.257073466666675
2020-06-13 10:00:00,8950.840908681817,874.5278408863636,2114.285714,4135001,HmiyD2TTLFNqkNe,27.573553600000004,46.448215666666655,0.6152538133333332,10,6,5,18.87466206666665
2020-06-13 10:15:00,10317.915584227272,1007.4842532181818,2345.25,4135001,HmiyD2TTLFNqkNe,27.727917533333333,45.92864793333334,0.7577599673333335,10,6,5,18.200730400000005
2020-06-13 10:30:00,11579.60308409091,1129.8960227272728,2633.0,4135001,HmiyD2TTLFNqkNe,28.03033873333333,50.452890999999994,0.864056662,10,6,5,22.422552266666663
2020-06-13 10:45:00,10903.657467181818,1063.9804382863638,2906.5,4135001,HmiyD2TTLFNqkNe,28.622085714285717,50.49866800000001,0.7403816392857143,10,6,5,21.876582285714292
2020-06-13 11:00:00,11023.630682045456,1075.8103895863637,3160.571429,4135001,HmiyD2TTLFNqkNe,28.6059632,49.59524293333333,0.8167528573333332,11,6,5,20.98927973333333
2020-06-13 11:15:00,12767.30438318182,1244.9300325000002,3461.75,4135001,HmiyD2TTLFNqkNe,29.197790533333333,52.5881082,0.9622691533333332,11,6,5,23.390317666666668
2020-06-13 11:30:00,12500.017045909091,1219.0226461363636,3777.714286,4135001,HmiyD2TTLFNqkNe,29.45011986666667,53.953094466666656,0.8554001073333332,11,6,5,24.502974599999984
2020-06-13 11:45:00,12724.567370181818,1240.9263798818183,4075.125,4135001,HmiyD2TTLFNqkNe,29.6048524,54.930332333333325,1.0166871813333331,11,6,5,25.325479933333327
2020-06-13 12:00:00,12978.754869545455,1265.6053570909091,4395.571429,4135001,HmiyD2TTLFNqkNe,29.6144756,54.57635513333332,0.9582277686666664,12,6,5,24.961879533333324
2020-06-13 12:15:00,10889.616071045455,1063.1839285772728,4689.375,4135001,HmiyD2TTLFNqkNe,29.873128133333328,53.62572206666666,0.8893022273333333,12,6,5,23.752593933333333
2020-06-13 12:30:00,11848.181006363637,1156.2242695,5002.714286,4135001,HmiyD2TTLFNqkNe,29.448215866666665,51.5198242,0.8805713933333333,12,6,5,22.071608333333337
2020-06-13 12:45:00,12250.544642272727,1195.0725649545454,5309.0,4135001,HmiyD2TTLFNqkNe,29.577811800000003,51.7647218,0.9068482053333332,12,6,5,22.186909999999994
2020-06-13 13:00:00,9815.634740272728,958.3615259727273,5622.0,4135001,HmiyD2TTLFNqkNe,30.0071574,52.9624858,0.725001628,13,6,5,22.955328400000003
2020-06-13 13:15:00,8890.97077931818,868.8907467590908,5811.5,4135001,HmiyD2TTLFNqkNe,27.568512066666667,40.19833379999999,0.6002171826666667,13,6,5,12.629821733333326
2020-06-13 13:30:00,7753.655032454545,758.9996753272727,6054.428571,4135001,HmiyD2TTLFNqkNe,27.409600500000003,43.26149878571428,0.5372325964285714,13,6,5,15.851898285714277
2020-06-13 13:45:00,8369.063311727274,818.6502434954546,6226.0,4135001,HmiyD2TTLFNqkNe,26.354994666666663,39.2412842,0.597535766,13,6,5,12.88628953333334
2020-06-13 14:00:00,12222.377435454546,1192.4967532272728,6473.0,4135001,HmiyD2TTLFNqkNe,26.66739493333333,44.267293333333335,0.8979147206666667,14,6,5,17.599898400000004
2020-06-13 14:15:00,11154.703733636365,1088.9216720272727,6770.285714,4135001,HmiyD2TTLFNqkNe,26.824531933333333,48.231018133333336,0.812712094,14,6,5,21.406486200000003
2020-06-13 14:30:00,8773.315746727272,857.8277597454545,7012.5,4135001,HmiyD2TTLFNqkNe,26.771419266666665,46.43292826666667,0.6269522933333334,14,6,5,19.661509000000006
2020-06-13 14:45:00,10545.22646109091,1030.5607955045455,7233.857143,4135001,HmiyD2TTLFNqkNe,26.828759866666665,46.3600118,0.7655651646666665,14,6,5,19.531251933333337
2020-06-13 15:00:00,10378.453733954546,1014.4491882409092,7493.125,4135001,HmiyD2TTLFNqkNe,27.583284533333337,47.94728993333333,0.7337197726666665,15,6,5,20.364005399999993
2020-06-13 15:15:00,9926.899350818181,970.3850648863637,7748.428571,4135001,HmiyD2TTLFNqkNe,28.077185133333334,46.80665106666667,0.7478824706666666,15,6,5,18.729465933333334
2020-06-13 15:30:00,7605.005681863637,744.1074675318182,7980.125,4135001,HmiyD2TTLFNqkNe,28.1128438,46.23971173333333,0.5669934953333333,15,6,5,18.12686793333333
2020-06-13 15:45:00,5793.828733818182,567.7925324727273,8138.285714,4135001,HmiyD2TTLFNqkNe,27.57890557142857,40.546388785714285,0.4037250264285714,15,6,5,12.967483214285714
2020-06-13 16:00:00,6748.458603863636,660.9325487045454,8297.75,4135001,HmiyD2TTLFNqkNe,27.66269933333333,40.34541599999999,0.4595029573333333,16,6,5,12.682716666666664
2020-06-13 16:15:00,2976.2500000454547,292.09569805,8420.285714,4135001,HmiyD2TTLFNqkNe,27.509313866666663,37.922645866666656,0.2199188633333333,16,6,5,10.413331999999993
2020-06-13 16:30:00,3749.236201363636,368.1324675318182,8507.5,4135001,HmiyD2TTLFNqkNe,26.81922213333333,33.402895400000006,0.2536736326666666,16,6,5,6.5836732666666755
2020-06-13 16:45:00,2097.632305181818,205.52215908181816,8583.857143,4135001,HmiyD2TTLFNqkNe,26.540883333333333,32.085792999999995,0.1492018317333333,16,6,5,5.544909666666662
2020-06-13 17:00:00,1641.586039,160.6070616909091,8630.125,4135001,HmiyD2TTLFNqkNe,26.300193266666668,29.8108662,0.1145979226666666,17,6,5,3.510672933333332
2020-06-13 17:15:00,1770.968344181818,173.56404221363638,8675.285714,4135001,HmiyD2TTLFNqkNe,26.03677973333333,29.186376866666667,0.1254085300666666,17,6,5,3.1495971333333372
2020-06-13 17:30:00,1240.8238636818182,120.95438311818181,8713.5,4135001,HmiyD2TTLFNqkNe,25.933880733333336,28.44586786666666,0.0888713367333333,17,6,5,2.5119871333333244
2020-06-13 17:45:00,942.6728896090909,91.553165585,8739.285714,4135001,HmiyD2TTLFNqkNe,25.574387666666663,27.23193773333333,0.0694941764,17,6,5,1.6575500666666656
2020-06-13 18:00:00,596.3409090909091,57.72629870181818,8758.75,4135001,HmiyD2TTLFNqkNe,25.404423357142857,26.38234157142857,0.0459627706428571,18,6,5,0.9779182142857117
2020-06-13 18:15:00,287.02840909545455,27.726217531363638,8769.428571,4135001,HmiyD2TTLFNqkNe,25.2186848,25.28525993333333,0.0224368066666666,18,6,5,0.06657513333333043
2020-06-13 18:30:00,69.1014610390909,6.668181818227273,8773.714286,4135001,HmiyD2TTLFNqkNe,24.8120402,23.99075733333333,0.0072804718466666,18,6,5,-0.8212828666666674
2020-06-13 18:45:00,0.0,0.0,8774.0,4135001,HmiyD2TTLFNqkNe,24.372711266666663,22.6416768,0.0001250367553333,18,6,5,-1.7310344666666637
2020-06-13 19:00:00,0.0,0.0,8774.0,4135001,HmiyD2TTLFNqkNe,24.117745,21.8455302,0.0,19,6,5,-2.2722148000000004
2020-06-13 19:15:00,0.0,0.0,8774.0,4135001,HmiyD2TTLFNqkNe,24.000767066666665,21.948254400000003,0.0,19,6,5,-2.0525126666666615
2020-06-13 19:30:00,0.0,0.0,8774.0,4135001,HmiyD2TTLFNqkNe,23.966170266666676,22.251898266666664,0.0,19,6,5,-1.7142720000000118
2020-06-13 19:45:00,0.0,0.0,8774.0,4135001,HmiyD2TTLFNqkNe,23.870741666666667,22.224393733333336,0.0,19,6,5,-1.646347933333331
2020-06-13 20:00:00,0.0,0.0,8774.0,4135001,HmiyD2TTLFNqkNe,23.7636984,21.9795776,0.0,20,6,5,-1.7841208000000002
2020-06-13 20:15:00,0.0,0.0,8774.0,4135001,HmiyD2TTLFNqkNe,23.71126457142857,22.215547857142855,0.0,20,6,5,-1.495716714285713
2020-06-13 20:30:00,0.0,0.0,8774.0,4135001,HmiyD2TTLFNqkNe,23.6953736,22.675797466666666,0.0,20,6,5,-1.0195761333333344
2020-06-13 20:45:00,0.0,0.0,8774.0,4135001,HmiyD2TTLFNqkNe,23.479001866666664,22.0222046,0.0,20,6,5,-1.4567972666666655
2020-06-13 21:00:00,0.0,0.0,8774.0,4135001,HmiyD2TTLFNqkNe,23.2034668,21.3150636,0.0,21,6,5,-1.8884032000000026
2020-06-13 21:15:00,0.0,0.0,8774.0,4135001,HmiyD2TTLFNqkNe,23.0506512,21.006146266666665,0.0,21,6,5,-2.044504933333336
2020-06-13 21:30:00,0.0,0.0,8774.0,4135001,HmiyD2TTLFNqkNe,22.873112066666668,20.6070172,0.0,21,6,5,-2.2660948666666663
2020-06-13 21:45:00,0.0,0.0,8774.0,4135001,HmiyD2TTLFNqkNe,22.8499696,20.56525273333333,0.0,21,6,5,-2.2847168666666704
2020-06-13 22:00:00,0.0,0.0,8774.0,4135001,HmiyD2TTLFNqkNe,22.700738533333336,20.3067446,0.0,22,6,5,-2.3939939333333378
2020-06-13 22:15:00,0.0,0.0,8774.0,4135001,HmiyD2TTLFNqkNe,22.5735414,20.2055216,0.0,22,6,5,-2.368019799999999
2020-06-13 22:30:00,0.0,0.0,8774.0,4135001,HmiyD2TTLFNqkNe,22.44969607142857,20.013902785714283,0.0,22,6,5,-2.4357932857142863
2020-06-13 22:45:00,0.0,0.0,8774.0,4135001,HmiyD2TTLFNqkNe,22.265993133333332,19.826631933333335,0.0,22,6,5,-2.439361199999997
2020-06-13 23:00:00,0.0,0.0,8774.0,4135001,HmiyD2TTLFNqkNe,22.2271688,19.828367333333336,0.0,23,6,5,-2.398801466666665
2020-06-13 23:15:00,0.0,0.0,8774.0,4135001,HmiyD2TTLFNqkNe,22.3342062,20.330838933333336,0.0,23,6,5,-2.0033672666666646
2020-06-13 23:30:00,0.0,0.0,8774.0,4135001,HmiyD2TTLFNqkNe,22.237394333333327,20.012465333333328,0.0,23,6,5,-2.2249289999999995
2020-06-13 23:45:00,0.0,0.0,8774.0,4135001,HmiyD2TTLFNqkNe,22.205029333333336,20.459212133333327,0.0,23,6,5,-1.7458172000000083
2020-06-14 00:00:00,0.0,0.0,1194.714286,4135001,HmiyD2TTLFNqkNe,22.309425866666672,21.2856466,0.0,0,6,6,-1.023779266666672
2020-06-14 00:15:00,0.0,0.0,0.0,4135001,HmiyD2TTLFNqkNe,22.28362820000001,20.812499933333328,0.0,0,6,6,-1.4711282666666818
2020-06-14 00:30:00,0.0,0.0,0.0,4135001,HmiyD2TTLFNqkNe,22.41726073333333,20.8414306,0.0,0,6,6,-1.57583013333333
2020-06-14 00:45:00,0.0,0.0,0.0,4135001,HmiyD2TTLFNqkNe,22.447642785714287,20.77917907142857,0.0,0,6,6,-1.6684637142857177
2020-06-14 01:00:00,0.0,0.0,0.0,4135001,HmiyD2TTLFNqkNe,22.3396992,20.416589466666668,0.0,1,6,6,-1.9231097333333302
2020-06-14 01:15:00,0.0,0.0,0.0,4135001,HmiyD2TTLFNqkNe,22.3263162,20.45705973333333,0.0,1,6,6,-1.8692564666666698
2020-06-14 01:30:00,0.0,0.0,0.0,4135001,HmiyD2TTLFNqkNe,22.5932068,21.25759886666667,0.0,1,6,6,-1.335607933333332
2020-06-14 01:45:00,0.0,0.0,0.0,4135001,HmiyD2TTLFNqkNe,22.831146266666664,21.715635266666663,0.0,1,6,6,-1.1155110000000015
2020-06-14 02:00:00,0.0,0.0,0.0,4135001,HmiyD2TTLFNqkNe,22.801694666666663,21.8035766,0.0,2,6,6,-0.9981180666666631
2020-06-14 02:15:00,0.0,0.0,0.0,4135001,HmiyD2TTLFNqkNe,22.66150713333333,21.765783666666668,0.0,2,6,6,-0.8957234666666629
2020-06-14 02:30:00,0.0,0.0,0.0,4135001,HmiyD2TTLFNqkNe,22.49683426666666,21.054260400000004,0.0,2,6,6,-1.442573866666656
2020-06-14 02:45:00,0.0,0.0,0.0,4135001,HmiyD2TTLFNqkNe,22.413197866666668,20.7593812,0.0,2,6,6,-1.6538166666666676
2020-06-14 03:00:00,0.0,0.0,0.0,4135001,HmiyD2TTLFNqkNe,22.301548357142856,20.912530071428574,0.0,3,6,6,-1.3890182857142825
2020-06-14 03:15:00,0.0,0.0,0.0,4135001,HmiyD2TTLFNqkNe,22.193670666666662,20.3701516,0.0,3,6,6,-1.8235190666666625
2020-06-14 03:30:00,0.0,0.0,0.0,4135001,HmiyD2TTLFNqkNe,22.1761332,20.17767333333333,0.0,3,6,6,-1.9984598666666678
2020-06-14 03:45:00,0.0,0.0,0.0,4135001,HmiyD2TTLFNqkNe,22.184255066666665,20.324055933333334,0.0,3,6,6,-1.8601991333333316
2020-06-14 04:00:00,0.0,0.0,0.0,4135001,HmiyD2TTLFNqkNe,22.235868333333336,20.6231182,0.0,4,6,6,-1.6127501333333356
2020-06-14 04:15:00,0.0,0.0,0.0,4135001,HmiyD2TTLFNqkNe,22.29215506666667,20.591811133333334,0.0,4,6,6,-1.700343933333336
2020-06-14 04:30:00,0.0,0.0,0.0,4135001,HmiyD2TTLFNqkNe,22.25429486666667,20.381935666666667,0.0,4,6,6,-1.8723592000000018
2020-06-14 04:45:00,0.0,0.0,0.0,4135001,HmiyD2TTLFNqkNe,22.1893432,20.356459600000004,0.0,4,6,6,-1.8328835999999953
2020-06-14 05:00:00,0.0,0.0,0.0,4135001,HmiyD2TTLFNqkNe,22.2997984,20.906852200000003,0.0,5,6,6,-1.3929461999999972
2020-06-14 05:15:00,0.0,0.0,0.0,4135001,HmiyD2TTLFNqkNe,22.43938771428571,21.318453142857145,0.0,5,6,6,-1.1209345714285668
2020-06-14 05:30:00,0.0,0.0,0.0,4135001,HmiyD2TTLFNqkNe,22.441363466666665,21.168267866666667,0.0,5,6,6,-1.2730955999999978
2020-06-14 05:45:00,0.0,0.0,0.0,4135001,HmiyD2TTLFNqkNe,22.522914733333334,21.450738666666663,0.0005078938726666,5,6,6,-1.072176066666671
2020-06-14 06:00:00,48.46185065,4.67662337659091,0.714285714,4135001,HmiyD2TTLFNqkNe,22.556378266666663,21.5976542,0.0071151917066666,6,6,6,-0.9587240666666617
2020-06-14 06:15:00,320.7150974045455,30.990990259545455,5.625,4135001,HmiyD2TTLFNqkNe,22.56817026666667,21.94776,0.0241719286666666,6,6,6,-0.6204102666666707
2020-06-14 06:30:00,664.2556818181819,64.35016233818182,18.28571429,4135001,HmiyD2TTLFNqkNe,22.65616866666667,22.658846066666666,0.0487669142,6,6,6,0.002677399999996055
2020-06-14 06:45:00,1080.7215908636363,105.04310064545456,41.5,4135001,HmiyD2TTLFNqkNe,22.915026866666665,23.98563853333333,0.0770268140666666,6,6,6,1.0706116666666645
2020-06-14 07:00:00,1966.6314935,192.66063312272726,77.14285714,4135001,HmiyD2TTLFNqkNe,23.208211133333336,25.60406513333333,0.1471822867333333,7,6,6,2.395853999999993
2020-06-14 07:15:00,3200.943181772727,314.45689935454544,146.875,4135001,HmiyD2TTLFNqkNe,23.6073304,28.074818866666668,0.2255217446666666,7,6,6,4.467488466666669
2020-06-14 07:30:00,3200.0308441818183,314.35340909090905,227.4285714,4135001,HmiyD2TTLFNqkNe,23.587081,28.0358926,0.2196392886666666,7,6,6,4.448811599999999
2020-06-14 07:45:00,4294.382305227273,421.5907467545454,319.0,4135001,HmiyD2TTLFNqkNe,23.75348328571429,30.263634785714284,0.3072239171428571,7,6,6,6.510151499999996
2020-06-14 08:00:00,4226.149350636363,415.07987013181815,433.375,4135001,HmiyD2TTLFNqkNe,23.90954793333333,31.63181366666667,0.298065064,8,6,6,7.722265733333341
2020-06-14 08:15:00,3575.1850649090907,351.23262986363636,535.8571429,4135001,HmiyD2TTLFNqkNe,23.763501066666667,28.384606933333338,0.2447378533333333,8,6,6,4.621105866666671
2020-06-14 08:30:00,4850.375811727273,487.1603896045454,645.1428571,4135001,HmiyD2TTLFNqkNe,23.90183135714286,29.702830928571423,0.3353547692857142,8,6,6,5.800999571428562
2020-06-14 08:45:00,5413.500811636364,530.6702922045455,765.4285714,4135001,HmiyD2TTLFNqkNe,24.130067933333336,33.0580506,0.3819702386666666,8,6,6,8.927982666666665
2020-06-14 09:00:00,6029.879058454546,590.8113636318182,913.375,4135001,HmiyD2TTLFNqkNe,24.52345993333333,35.5528282,0.4278343173333333,9,6,6,11.029368266666669
2020-06-14 09:15:00,8115.070616863636,794.2449675272727,1103.857143,4135001,HmiyD2TTLFNqkNe,25.093788666666665,38.5421514,0.5664324566666666,9,6,6,13.448362733333337
2020-06-14 09:30:00,8034.832792227273,786.4435064954545,1311.25,4135001,HmiyD2TTLFNqkNe,25.808286599999995,41.24847206666666,0.5574083926666665,9,6,6,15.440185466666662
2020-06-14 09:45:00,8214.9310065,803.9576298636365,1513.285714,4135001,HmiyD2TTLFNqkNe,26.1179402,42.4683164,0.5722872473333334,9,6,6,16.3503762
2020-06-14 10:00:00,8478.523538954545,829.6119318136364,1744.625,4135001,HmiyD2TTLFNqkNe,26.354372285714287,43.27517914285714,0.5856356821428572,10,6,6,16.920806857142853
2020-06-14 10:15:00,7756.672077954546,759.3202110454546,1940.285714,4135001,HmiyD2TTLFNqkNe,26.09553013333333,40.98323173333333,0.5289236226666665,10,6,6,14.887701599999996
2020-06-14 10:30:00,10582.426947772728,1033.7416396136364,2172.875,4135001,HmiyD2TTLFNqkNe,26.36005846666667,38.9274884,0.7195252226666667,10,6,6,12.567429933333333
2020-06-14 10:45:00,11413.078733636365,1114.4287337727274,2474.428571,4135001,HmiyD2TTLFNqkNe,26.533363733333328,42.528473,0.8330450946666667,10,6,6,15.99510926666667
2020-06-14 11:00:00,9106.451298818181,889.9112012999999,2758.75,4135001,HmiyD2TTLFNqkNe,27.081068733333336,47.275213466666656,0.6406613233333333,11,6,6,20.19414473333332
2020-06-14 11:15:00,8650.249188454545,845.7551136363636,2987.714286,4135001,HmiyD2TTLFNqkNe,26.948706133333328,43.94926386666666,0.6502135673333332,11,6,6,17.000557733333334
2020-06-14 11:30:00,8784.5040585,858.8445616954546,3248.0,4135001,HmiyD2TTLFNqkNe,26.8470704,46.03145753333334,0.6621523706666665,11,6,6,19.18438713333334
2020-06-14 11:45:00,5758.05844159091,563.8968344181818,3423.142857,4135001,HmiyD2TTLFNqkNe,25.92304106666667,38.486489133333336,0.4262345726666666,11,6,6,12.563448066666666
2020-06-14 12:00:00,6755.356331136363,661.4086850681819,3601.285714,4135001,HmiyD2TTLFNqkNe,25.218285714285717,37.81592471428572,0.4920235971428571,12,6,6,12.597639000000004
2020-06-14 12:15:00,6462.509740227272,632.8625000045454,3777.0,4135001,HmiyD2TTLFNqkNe,24.93256013333333,36.6068582,0.4727646679999999,12,6,6,11.674298066666669
2020-06-14 12:30:00,6315.225649318181,618.4902597454546,3954.142857,4135001,HmiyD2TTLFNqkNe,24.945296133333336,35.61483133333333,0.454945416,12,6,6,10.669535199999991
2020-06-14 12:45:00,7151.731331227274,700.0752435090909,4135.375,4135001,HmiyD2TTLFNqkNe,25.431060866666662,37.15700086666667,0.519268844,12,6,6,11.725940000000008
2020-06-14 13:00:00,7955.922077909091,778.4044642818182,4340.714286,4135001,HmiyD2TTLFNqkNe,25.37993566666667,34.78068233333334,0.5761803393333333,13,6,6,9.40074666666667
2020-06-14 13:15:00,9894.550325,966.3091720909091,4601.25,4135001,HmiyD2TTLFNqkNe,25.898872933333333,42.364294333333326,0.7343688020000001,13,6,6,16.465421399999993
2020-06-14 13:30:00,9383.164772863636,917.1741883045455,4856.0,4135001,HmiyD2TTLFNqkNe,26.6301878,45.9655842,0.7277635133333333,13,6,6,19.3353964
2020-06-14 13:45:00,10750.005681818182,1049.3838474090908,5121.625,4135001,HmiyD2TTLFNqkNe,27.04890353333333,47.9602314,0.9066149006666668,13,6,6,20.911327866666667
2020-06-14 14:00:00,13004.685065,1267.9563311363636,5471.285714,4135001,HmiyD2TTLFNqkNe,27.848915600000005,59.386079333333335,1.2216518466666668,14,6,6,31.53716373333333
2020-06-14 14:15:00,11076.258929090909,1081.0198052272726,5804.625,4135001,HmiyD2TTLFNqkNe,28.22232285714286,58.59664692857143,0.91048926,14,6,6,30.37432407142857
2020-06-14 14:30:00,7907.022727227272,773.6200487045454,6050.428571,4135001,HmiyD2TTLFNqkNe,27.5785664,49.444277133333344,0.5639184546666666,14,6,6,21.865710733333344
2020-06-14 14:45:00,6437.551136363636,630.6330357090909,6220.875,4135001,HmiyD2TTLFNqkNe,27.1061442,42.90284833333333,0.4497933986666666,14,6,6,15.796704133333332
2020-06-14 15:00:00,8598.16639618182,840.9553571363635,6398.428571,4135001,HmiyD2TTLFNqkNe,26.949993866666667,41.82487593333333,0.5869389626666666,15,6,6,14.874882066666665
2020-06-14 15:15:00,9946.251623909091,971.5331168818182,6649.25,4135001,HmiyD2TTLFNqkNe,27.40871386666667,47.941766400000006,0.7094795186666665,15,6,6,20.533052533333336
2020-06-14 15:30:00,6632.367694818182,649.6116883045455,6845.428571,4135001,HmiyD2TTLFNqkNe,27.449349066666663,43.6625044,0.4602610826666666,15,6,6,16.21315533333334
2020-06-14 15:45:00,5881.853896045454,576.3689935090908,6986.714286,4135001,HmiyD2TTLFNqkNe,27.087241533333334,38.89504786666667,0.4082271193333333,15,6,6,11.807806333333339
2020-06-14 16:00:00,5813.898538954545,569.7278409136363,7134.625,4135001,HmiyD2TTLFNqkNe,27.05220753333333,38.234853066666666,0.4008640346666667,16,6,6,11.182645533333336
2020-06-14 16:15:00,4134.396915590909,406.0103896181818,7267.571429,4135001,HmiyD2TTLFNqkNe,26.809796066666664,35.90520226666667,0.2853623193333333,16,6,6,9.095406200000006
2020-06-14 16:30:00,2868.3084415,281.58871752727276,7352.75,4135001,HmiyD2TTLFNqkNe,26.423555642857146,32.757710357142855,0.1992258571428571,16,6,6,6.3341547142857095
2020-06-14 16:45:00,2195.8125,215.28506493636363,7416.0,4135001,HmiyD2TTLFNqkNe,26.0342224,30.358787133333337,0.1544666584,16,6,6,4.324564733333336
2020-06-14 17:00:00,1762.2922077727271,172.70844155909091,7465.75,4135001,HmiyD2TTLFNqkNe,25.98669446666667,29.146844466666664,0.1235932831333333,17,6,6,3.1601499999999945
2020-06-14 17:15:00,1663.9074675909092,162.98977272272725,7509.0,4135001,HmiyD2TTLFNqkNe,25.845591266666663,28.6533284,0.1121953106,17,6,6,2.8077371333333367
2020-06-14 17:30:00,1019.6582792136363,99.14099026,7545.75,4135001,HmiyD2TTLFNqkNe,25.6701172,27.996036799999995,0.0712777123333333,17,6,6,2.3259195999999953
2020-06-14 17:45:00,577.6233766272727,55.898782466818176,7564.0,4135001,HmiyD2TTLFNqkNe,25.536855066666668,26.63404133333333,0.0428979898,17,6,6,1.097186266666661
2020-06-14 18:00:00,390.9261363636364,37.78116883136364,7576.5,4135001,HmiyD2TTLFNqkNe,25.3053914,25.30308846666667,0.0297671323333333,18,6,6,-0.0023029333333326463
2020-06-14 18:15:00,250.13961038181816,24.15470779227273,7584.857143,4135001,HmiyD2TTLFNqkNe,25.1361024,24.7232728,0.019033676,18,6,6,-0.41282959999999846
2020-06-14 18:30:00,63.22727272727273,6.096428571409091,7589.375,4135001,HmiyD2TTLFNqkNe,25.052579666666663,24.514713333333333,0.00675433608,18,6,6,-0.53786633333333
2020-06-14 18:45:00,0.0,0.0,7590.0,4135001,HmiyD2TTLFNqkNe,24.892543142857136,24.072802000000003,0.000455513202,18,6,6,-0.8197411428571328
2020-06-14 19:00:00,0.0,0.0,7590.0,4135001,HmiyD2TTLFNqkNe,24.703763866666662,23.564217066666668,0.0,19,6,6,-1.1395467999999944
2020-06-14 19:15:00,0.0,0.0,7590.0,4135001,HmiyD2TTLFNqkNe,24.54298286666667,23.092030733333328,0.0,19,6,6,-1.4509521333333417
2020-06-14 19:30:00,0.0,0.0,7590.0,4135001,HmiyD2TTLFNqkNe,24.398594266666667,22.771372466666666,0.0,19,6,6,-1.627221800000001
2020-06-14 19:45:00,0.0,0.0,7590.0,4135001,HmiyD2TTLFNqkNe,24.24910893333333,22.757745466666663,0.0,19,6,6,-1.491363466666666
2020-06-14 20:00:00,0.0,0.0,7590.0,4135001,HmiyD2TTLFNqkNe,24.07510986666667,22.66186726666666,0.0,20,6,6,-1.4132426000000073
2020-06-14 20:15:00,0.0,0.0,7590.0,4135001,HmiyD2TTLFNqkNe,23.94650073333333,22.531148466666668,0.0,20,6,6,-1.4153522666666625
2020-06-14 20:30:00,0.0,0.0,7590.0,4135001,HmiyD2TTLFNqkNe,23.86200773333333,22.4192994,0.0,20,6,6,-1.4427083333333286
2020-06-14 20:45:00,0.0,0.0,7590.0,4135001,HmiyD2TTLFNqkNe,23.8368284,22.6065692,0.0,20,6,6,-1.2302592000000026
2020-06-14 21:00:00,0.0,0.0,7590.0,4135001,HmiyD2TTLFNqkNe,23.87317121428572,23.1115265,0.0,21,6,6,-0.761644714285719
2020-06-14 21:15:00,0.0,0.0,7590.0,4135001,HmiyD2TTLFNqkNe,23.92025353333333,23.285941533333336,0.0,21,6,6,-0.6343119999999942
2020-06-14 21:30:00,0.0,0.0,7590.0,4135001,HmiyD2TTLFNqkNe,23.86289053333333,22.984142933333327,0.0,21,6,6,-0.8787476000000041
2020-06-14 21:45:00,0.0,0.0,7590.0,4135001,HmiyD2TTLFNqkNe,23.777291,22.35220546666667,0.0,21,6,6,-1.4250855333333305
2020-06-14 22:00:00,0.0,0.0,7590.0,4135001,HmiyD2TTLFNqkNe,23.65113126666667,21.9989258,0.0,22,6,6,-1.652205466666672
2020-06-14 22:15:00,0.0,0.0,7590.0,4135001,HmiyD2TTLFNqkNe,23.649532,22.44542833333333,0.0,22,6,6,-1.204103666666672
2020-06-14 22:30:00,0.0,0.0,7590.0,4135001,HmiyD2TTLFNqkNe,23.607413666666663,21.990108266666663,0.0,22,6,6,-1.6173053999999993
2020-06-14 22:45:00,0.0,0.0,7590.0,4135001,HmiyD2TTLFNqkNe,23.522460866666663,21.420633933333328,0.0,22,6,6,-2.101826933333335
2020-06-14 23:00:00,0.0,0.0,7590.0,4135001,HmiyD2TTLFNqkNe,23.3865622,21.151995866666667,0.0,23,6,6,-2.2345663333333334
2020-06-14 23:15:00,0.0,0.0,7590.0,4135001,HmiyD2TTLFNqkNe,23.331081066666663,21.4704246,0.0,23,6,6,-1.8606564666666614
2020-06-14 23:30:00,0.0,0.0,7590.0,4135001,HmiyD2TTLFNqkNe,23.44495271428572,22.455490071428567,0.0,23,6,6,-0.989462642857152
2020-06-14 23:45:00,0.0,0.0,7504.0,4135001,HmiyD2TTLFNqkNe,23.418153933333333,22.447845466666667,0.0,23,6,6,-0.9703084666666655
2020-06-15 00:00:00,0.0,0.0,1809.5,4135001,HmiyD2TTLFNqkNe,23.369126333333337,22.693621866666668,0.0,0,6,0,-0.6755044666666699
2020-06-15 00:15:00,0.0,0.0,0.0,4135001,HmiyD2TTLFNqkNe,23.19021186666667,22.545045933333327,0.0,0,6,0,-0.6451659333333417
2020-06-15 00:30:00,0.0,0.0,0.0,4135001,HmiyD2TTLFNqkNe,23.111739066666665,22.314375933333327,0.0,0,6,0,-0.797363133333338
2020-06-15 00:45:00,0.0,0.0,0.0,4135001,HmiyD2TTLFNqkNe,23.0380188,22.110986266666668,0.0,0,6,0,-0.9270325333333318
2020-06-15 01:00:00,0.0,0.0,0.0,4135001,HmiyD2TTLFNqkNe,23.0133788,22.293188466666667,0.0,1,6,0,-0.7201903333333348
2020-06-15 01:15:00,0.0,0.0,0.0,4135001,HmiyD2TTLFNqkNe,23.006721933333328,22.43304846666667,0.0,1,6,0,-0.5736734666666585
2020-06-15 01:30:00,0.0,0.0,0.0,4135001,HmiyD2TTLFNqkNe,22.5523254,21.5200196,0.0,1,6,0,-1.0323057999999996
2020-06-15 01:45:00,0.0,0.0,0.0,4135001,HmiyD2TTLFNqkNe,22.161108785714287,21.202298785714287,0.0,1,6,0,-0.9588099999999997
2020-06-15 02:00:00,0.0,0.0,0.0,4135001,HmiyD2TTLFNqkNe,22.0657084,21.1699198,0.0,2,6,0,-0.8957885999999995
2020-06-15 02:15:00,0.0,0.0,0.0,4135001,HmiyD2TTLFNqkNe,22.051059866666662,20.977667333333336,0.0,2,6,0,-1.073392533333326
2020-06-15 02:30:00,0.0,0.0,0.0,4135001,HmiyD2TTLFNqkNe,22.064056266666665,20.769443866666663,0.0,2,6,0,-1.2946124000000019
2020-06-15 02:45:00,0.0,0.0,0.0,4135001,HmiyD2TTLFNqkNe,22.1327738,20.88665566666667,0.0,2,6,0,-1.2461181333333293
2020-06-15 03:00:00,0.0,0.0,0.0,4135001,HmiyD2TTLFNqkNe,22.138987400000005,20.774737666666667,0.0,3,6,0,-1.364249733333338
2020-06-15 03:15:00,0.0,0.0,0.0,4135001,HmiyD2TTLFNqkNe,22.1016358,21.0114828,0.0,3,6,0,-1.0901530000000008
2020-06-15 03:30:00,0.0,0.0,0.0,4135001,HmiyD2TTLFNqkNe,22.132979333333335,21.463275133333337,0.0,3,6,0,-0.6697041999999982
2020-06-15 03:45:00,0.0,0.0,0.0,4135001,HmiyD2TTLFNqkNe,22.184287,21.606781142857145,0.0,3,6,0,-0.5775058571428566
2020-06-15 04:00:00,0.0,0.0,0.0,4135001,HmiyD2TTLFNqkNe,22.16874793333333,21.5196512,0.0,4,6,0,-0.6490967333333302
2020-06-15 04:15:00,0.0,0.0,0.0,4135001,HmiyD2TTLFNqkNe,21.67616773333333,20.805542066666668,0.0,4,6,0,-0.8706256666666619
2020-06-15 04:30:00,0.0,0.0,0.0,4135001,HmiyD2TTLFNqkNe,21.5948508,20.4898396,0.0,4,6,0,-1.1050111999999999
2020-06-15 04:45:00,0.0,0.0,0.0,4135001,HmiyD2TTLFNqkNe,21.5713258,20.214919066666663,0.0,4,6,0,-1.356406733333337
2020-06-15 05:00:00,0.0,0.0,0.0,4135001,HmiyD2TTLFNqkNe,21.50873626666667,20.08615913333333,0.0,5,6,0,-1.4225771333333412
2020-06-15 05:15:00,0.0,0.0,0.0,4135001,HmiyD2TTLFNqkNe,21.424306066666663,19.861635466666662,0.0,5,6,0,-1.5626706000000006
2020-06-15 05:30:00,0.0,0.0,0.0,4135001,HmiyD2TTLFNqkNe,21.4322062,19.826896066666663,0.0,5,6,0,-1.6053101333333366
2020-06-15 05:45:00,0.0,0.0,0.0,4135001,HmiyD2TTLFNqkNe,21.4640382,20.121873,0.0005523642353333,5,6,0,-1.3421652000000002
2020-06-15 06:00:00,95.4610389609091,9.213636363545454,1.0,4135001,HmiyD2TTLFNqkNe,21.53003333333333,20.394429466666665,0.0096864394666666,6,6,0,-1.1356038666666635
2020-06-15 06:15:00,457.6582792272727,44.26517857181818,7.5,4135001,HmiyD2TTLFNqkNe,21.65816592857143,20.840604357142855,0.0333103492857142,6,6,0,-0.8175615714285769
2020-06-15 06:30:00,965.4634740181817,93.78271103818183,24.57142857,4135001,HmiyD2TTLFNqkNe,21.957159333333333,22.195896266666672,0.067908889,6,6,0,0.2387369333333389
2020-06-15 06:45:00,1465.6875,143.06582791818184,55.5,4135001,HmiyD2TTLFNqkNe,22.312394333333334,24.034580466666668,0.1027040146666666,6,6,0,1.7221861333333344
2020-06-15 07:00:00,2091.543019545454,205.05641234090908,100.8571429,4135001,HmiyD2TTLFNqkNe,22.742930066666663,25.804111733333336,0.1557342913333333,7,6,0,3.0611816666666734
2020-06-15 07:15:00,2155.514610454545,211.16071428636363,162.75,4135001,HmiyD2TTLFNqkNe,23.27185253333333,27.688370800000005,0.1602291469333333,7,6,0,4.4165182666666745
2020-06-15 07:30:00,1921.3733766818184,188.1887987,208.4285714,4135001,HmiyD2TTLFNqkNe,23.458431066666662,27.546588133333334,0.1333380648,7,6,0,4.088157066666671
2020-06-15 07:45:00,3683.730519454545,361.70909090909095,276.0,4135001,HmiyD2TTLFNqkNe,23.83686933333333,29.87518726666667,0.2642032693333333,7,6,0,6.038317933333342
2020-06-15 08:00:00,6256.626623363636,613.0284090863636,399.1428571,4135001,HmiyD2TTLFNqkNe,24.477518733333334,35.34433613333334,0.4586929053333333,8,6,0,10.86681740000001
2020-06-15 08:15:00,7551.198863590908,739.2595779272727,587.625,4135001,HmiyD2TTLFNqkNe,25.257212400000004,40.66176133333333,0.5363576693333331,8,6,0,15.404548933333327
2020-06-15 08:30:00,7565.600649318181,740.6342532454545,785.5714286,4135001,HmiyD2TTLFNqkNe,25.92686257142857,42.59452828571429,0.5785561021428571,8,6,0,16.66766571428572
2020-06-15 08:45:00,7366.6745129090905,721.2477272772727,965.125,4135001,HmiyD2TTLFNqkNe,26.066546666666667,42.4321838,0.5342788213333333,8,6,0,16.36563713333333
2020-06-15 09:00:00,7994.030032454545,782.3654220772728,1169.142857,4135001,HmiyD2TTLFNqkNe,26.192445933333328,42.29481826666667,0.5729372046666668,9,6,0,16.10237233333334
2020-06-15 09:15:00,8892.440746818182,869.7196428545453,1389.75,4135001,HmiyD2TTLFNqkNe,26.40725306666667,44.0128702,0.6634503566666667,9,6,0,17.605617133333332
2020-06-15 09:30:00,8902.463474,870.45625,1606.285714,4135001,HmiyD2TTLFNqkNe,26.3895486,43.27049353333333,0.6428513106666667,9,6,0,16.88094493333333
2020-06-15 09:45:00,8737.249188363638,854.5471590909091,1844.25,4135001,HmiyD2TTLFNqkNe,26.80618086666667,44.94630113333333,0.644579368,9,6,0,18.14012026666666
2020-06-15 10:00:00,8716.380681772727,852.52435065,2054.714286,4135001,HmiyD2TTLFNqkNe,26.95370706666667,43.85072413333333,0.6171309093333333,10,6,0,16.89701706666666
2020-06-15 10:15:00,11831.457793636364,1154.564935090909,2329.0,4135001,HmiyD2TTLFNqkNe,27.5598856,48.580128733333325,0.888736286,10,6,0,21.020243133333324
2020-06-15 10:30:00,9767.987013,953.7315746727272,2613.142857,4135001,HmiyD2TTLFNqkNe,28.05028693333333,50.1047016,0.6801742386666666,10,6,0,22.05441466666667
2020-06-15 10:45:00,10736.697239681818,1048.1241883681816,2808.0,4135001,HmiyD2TTLFNqkNe,27.778298642857145,46.05228092857142,0.8608448592857144,10,6,0,18.273982285714276
2020-06-15 11:00:00,10301.512987,1005.8559253227272,3082.25,4135001,HmiyD2TTLFNqkNe,28.7853558,50.65149946666666,0.702748034,11,6,0,21.866143666666655
2020-06-15 11:15:00,7803.769480454545,763.2867694909091,3310.571429,4135001,HmiyD2TTLFNqkNe,28.371838400000005,46.34689126666667,0.5736166646666666,11,6,0,17.975052866666662
2020-06-15 11:30:00,8248.709415545454,806.3963474,3518.25,4135001,HmiyD2TTLFNqkNe,28.375455666666667,45.72413726666667,0.6370887293333334,11,6,0,17.348681600000006
2020-06-15 11:45:00,8838.233765954546,864.0524350727272,3718.0,4135001,HmiyD2TTLFNqkNe,28.39979053333333,44.47907733333333,0.664057878,11,6,0,16.0792868
2020-06-15 12:00:00,9581.439935409091,935.9796266000001,3938.25,4135001,HmiyD2TTLFNqkNe,28.601291866666667,44.703940933333335,0.7444816766666666,12,6,0,16.102649066666668
2020-06-15 12:15:00,6173.681006454545,604.82694805,4142.571429,4135001,HmiyD2TTLFNqkNe,28.851655933333333,44.1841634,0.4327973,12,6,0,15.33250746666667
2020-06-15 12:30:00,5733.641233727272,561.9141233818182,4279.875,4135001,HmiyD2TTLFNqkNe,28.54629326666667,39.752722466666654,0.3901906573333333,12,6,0,11.206429199999985
2020-06-15 12:45:00,6550.603896090909,641.59594155,4451.714286,4135001,HmiyD2TTLFNqkNe,28.7726258,41.34621800000001,0.4552512326666666,12,6,0,12.573592200000007
2020-06-15 13:00:00,10117.732955,988.4294643045455,4653.5,4135001,HmiyD2TTLFNqkNe,29.03071592857143,45.404338142857135,0.7324080378571429,13,6,0,16.373622214285707
2020-06-15 13:15:00,5880.584415590909,576.2605519454545,4853.0,4135001,HmiyD2TTLFNqkNe,29.107385266666668,45.503061933333335,0.42740474,13,6,0,16.395676666666667
2020-06-15 13:30:00,3553.7134739999997,348.8596590909091,4977.125,4135001,HmiyD2TTLFNqkNe,28.417808066666662,39.03741653333332,0.2453921386666666,13,6,0,10.619608466666659
2020-06-15 13:45:00,3399.268668863637,333.9657467636364,5055.714286,4135001,HmiyD2TTLFNqkNe,27.856903133333333,34.7539672,0.2260944466666666,13,6,0,6.897064066666665
2020-06-15 14:00:00,4036.916396181818,396.4547077863636,5153.125,4135001,HmiyD2TTLFNqkNe,27.197220866666672,33.998970666666665,0.2690430446666666,14,6,0,6.8017497999999925
2020-06-15 14:15:00,6171.736201363637,604.0234577909091,5263.857143,4135001,HmiyD2TTLFNqkNe,26.7497132,34.74134893333333,0.423195788,14,6,0,7.991635733333329
2020-06-15 14:30:00,10051.807629909092,981.8008117272728,5488.0,4135001,HmiyD2TTLFNqkNe,27.611472733333333,43.56778333333334,0.652056834,14,6,0,15.956310600000005
2020-06-15 14:45:00,6929.414772727273,678.4836850636364,5702.857143,4135001,HmiyD2TTLFNqkNe,27.82892866666667,43.3427838,0.4772766193333333,14,6,0,15.51385513333333
2020-06-15 15:00:00,6451.0665583636355,631.8879870090909,5885.875,4135001,HmiyD2TTLFNqkNe,27.93405566666667,41.36491266666666,0.4233145246666666,15,6,0,13.430856999999992
2020-06-15 15:15:00,6308.339285727273,617.9401785772727,6039.285714,4135001,HmiyD2TTLFNqkNe,28.178857466666667,40.87684526666667,0.4511937286666666,15,6,0,12.697987800000003
2020-06-15 15:30:00,5334.749188318182,522.9675324772727,6166.625,4135001,HmiyD2TTLFNqkNe,27.89843528571428,38.410527071428575,0.3822117121428572,15,6,0,10.512091785714293
2020-06-15 15:45:00,6285.876623363636,615.6548701272727,6336.0,4135001,HmiyD2TTLFNqkNe,28.1680522,40.31551513333334,0.4502923073333334,15,6,0,12.14746293333334
2020-06-15 16:00:00,1804.1948051363636,176.59650974545454,6424.0,4135001,HmiyD2TTLFNqkNe,27.743865933333336,34.530938533333334,0.1251691066666666,16,6,0,6.787072599999998
2020-06-15 16:15:00,2468.2053571818183,242.13254870454546,6476.25,4135001,HmiyD2TTLFNqkNe,27.32750646666667,31.594337933333332,0.1629056366666666,16,6,0,4.2668314666666625
2020-06-15 16:30:00,3488.701298772727,342.95413961363636,6554.285714,4135001,HmiyD2TTLFNqkNe,27.34741213333333,33.07997246666667,0.238490188,16,6,0,5.732560333333339
2020-06-15 16:45:00,4060.9009739999997,398.9259740227273,6645.5,4135001,HmiyD2TTLFNqkNe,27.16989953333333,33.85005699999999,0.2764912,16,6,0,6.680157466666664
2020-06-15 17:00:00,2790.823052,274.00446428636366,6738.714286,4135001,HmiyD2TTLFNqkNe,27.25204246666667,33.650572000000004,0.193777918,17,6,0,6.398529533333335
2020-06-15 17:15:00,2271.4196428181817,222.7125811681818,6799.625,4135001,HmiyD2TTLFNqkNe,26.9659322,31.59396966666667,0.1565710793333333,17,6,0,4.628037466666669
2020-06-15 17:30:00,1438.9797078181819,140.26095778636363,6846.571429,4135001,HmiyD2TTLFNqkNe,26.7447368,29.8884196,0.1016916527999999,17,6,0,3.1436828000000006
2020-06-15 17:45:00,1232.5722403181817,120.0324675409091,6881.5,4135001,HmiyD2TTLFNqkNe,26.740639133333328,29.0264568,0.0859623972,17,6,0,2.28581766666667
2020-06-15 18:00:00,534.1209415545454,51.68969155772727,6903.0,4135001,HmiyD2TTLFNqkNe,26.430651071428567,27.618528142857144,0.0388465545,18,6,0,1.1878770714285771
2020-06-15 18:15:00,236.1006493409091,22.797727272727272,6912.5,4135001,HmiyD2TTLFNqkNe,26.3341512,26.6526916,0.0182621793333333,18,6,0,0.31854039999999983
2020-06-15 18:30:00,17.577110389545457,1.6950487012727273,6916.0,4135001,HmiyD2TTLFNqkNe,26.050742666666668,25.9055684,0.0040517676866666,18,6,0,-0.14517426666666822
2020-06-15 18:45:00,0.0,0.0,6916.0,4135001,HmiyD2TTLFNqkNe,25.35520226666667,25.034010666666664,0.0001930037933333,18,6,0,-0.3211916000000059
2020-06-15 19:00:00,0.0,0.0,6916.0,4135001,HmiyD2TTLFNqkNe,23.2409404,21.9908934,2.0070272266666667e-05,19,6,0,-1.2500469999999986
2020-06-15 19:15:00,0.0,0.0,6916.0,4135001,HmiyD2TTLFNqkNe,22.767838466666667,21.174566666666667,0.0,19,6,0,-1.5932718000000001
2020-06-15 19:30:00,0.0,0.0,6916.0,4135001,HmiyD2TTLFNqkNe,22.987856066666662,21.7699482,0.0,19,6,0,-1.2179078666666605
2020-06-15 19:45:00,0.0,0.0,6916.0,4135001,HmiyD2TTLFNqkNe,23.20111713333333,22.1287008,0.0,19,6,0,-1.0724163333333294
2020-06-15 20:00:00,0.0,0.0,6916.0,4135001,HmiyD2TTLFNqkNe,23.3763062,22.4887248,0.0,20,6,0,-0.8875813999999984
2020-06-15 20:15:00,0.0,0.0,6916.0,4135001,HmiyD2TTLFNqkNe,23.397517642857142,22.452874214285718,0.0,20,6,0,-0.9446434285714247
2020-06-15 20:30:00,0.0,0.0,6916.0,4135001,HmiyD2TTLFNqkNe,23.379569466666663,22.127677533333337,0.0,20,6,0,-1.2518919333333258
2020-06-15 20:45:00,0.0,0.0,6916.0,4135001,HmiyD2TTLFNqkNe,23.297440666666667,21.768933133333334,0.0,20,6,0,-1.5285075333333324
2020-06-15 21:00:00,0.0,0.0,6916.0,4135001,HmiyD2TTLFNqkNe,23.1545876,21.370139466666664,0.0,21,6,0,-1.7844481333333349
2020-06-15 21:15:00,0.0,0.0,6916.0,4135001,HmiyD2TTLFNqkNe,23.025012266666664,21.098044733333328,0.0,21,6,0,-1.926967533333336
2020-06-15 21:30:00,0.0,0.0,6916.0,4135001,HmiyD2TTLFNqkNe,23.00178813333333,21.152862666666667,0.0,21,6,0,-1.848925466666664
2020-06-15 21:45:00,0.0,0.0,6916.0,4135001,HmiyD2TTLFNqkNe,22.969417266666667,21.07163493333333,0.0,21,6,0,-1.897782333333339
2020-06-15 22:00:00,0.0,0.0,6916.0,4135001,HmiyD2TTLFNqkNe,22.975063066666667,21.0493896,0.0,22,6,0,-1.925673466666666
2020-06-15 22:15:00,0.0,0.0,6916.0,4135001,HmiyD2TTLFNqkNe,23.13929433333333,21.802388333333337,0.0,22,6,0,-1.336905999999992
2020-06-15 22:30:00,0.0,0.0,6916.0,4135001,HmiyD2TTLFNqkNe,23.4763204,22.651540133333327,0.0,22,6,0,-0.8247802666666715
2020-06-15 22:45:00,0.0,0.0,6916.0,4135001,HmiyD2TTLFNqkNe,23.61283221428572,22.879322642857144,0.0,22,6,0,-0.7335095714285771
2020-06-15 23:00:00,0.0,0.0,6916.0,4135001,HmiyD2TTLFNqkNe,23.618847800000005,22.86751913333333,0.0,23,6,0,-0.751328666666673
2020-06-15 23:15:00,0.0,0.0,6916.0,4135001,HmiyD2TTLFNqkNe,23.602976466666668,22.941127400000003,0.0,23,6,0,-0.6618490666666652
2020-06-15 23:30:00,0.0,0.0,6916.0,4135001,HmiyD2TTLFNqkNe,23.631050666666667,23.077227733333327,0.0,23,6,0,-0.5538229333333398
2020-06-15 23:45:00,0.0,0.0,6916.0,4135001,HmiyD2TTLFNqkNe,23.641210800000003,23.05128580000001,0.0,23,6,0,-0.5899249999999938
2020-06-16 00:00:00,0.0,0.0,973.4285714,4135001,HmiyD2TTLFNqkNe,23.1030456,22.078888133333333,0.0,0,6,1,-1.0241574666666686
2020-06-16 00:15:00,0.0,0.0,0.0,4135001,HmiyD2TTLFNqkNe,22.853855133333333,21.67698573333333,0.0,0,6,1,-1.1768694000000046
2020-06-16 00:30:00,0.0,0.0,0.0,4135001,HmiyD2TTLFNqkNe,22.7012818,21.311032800000003,0.0,0,6,1,-1.3902489999999972
2020-06-16 00:45:00,0.0,0.0,0.0,4135001,HmiyD2TTLFNqkNe,22.620440733333336,20.884556066666665,0.0,0,6,1,-1.7358846666666707
2020-06-16 01:00:00,0.0,0.0,0.0,4135001,HmiyD2TTLFNqkNe,22.585764533333336,20.6971374,0.0,1,6,1,-1.8886271333333369
2020-06-16 01:15:00,0.0,0.0,0.0,4135001,HmiyD2TTLFNqkNe,22.654924857142856,20.882272,0.0,1,6,1,-1.7726528571428553
2020-06-16 01:30:00,0.0,0.0,0.0,4135001,HmiyD2TTLFNqkNe,22.739894666666665,21.476552466666668,0.0,1,6,1,-1.2633421999999968
2020-06-16 01:45:00,0.0,0.0,0.0,4135001,HmiyD2TTLFNqkNe,22.727596,21.583762466666663,0.0,1,6,1,-1.1438335333333356
2020-06-16 02:00:00,0.0,0.0,0.0,4135001,HmiyD2TTLFNqkNe,22.6596518,21.5838462,0.0,2,6,1,-1.075805599999999
2020-06-16 02:15:00,0.0,0.0,0.0,4135001,HmiyD2TTLFNqkNe,22.60989986666667,21.7492634,0.0,2,6,1,-0.8606364666666693
2020-06-16 02:30:00,0.0,0.0,0.0,4135001,HmiyD2TTLFNqkNe,22.58112373333333,21.858671,0.0,2,6,1,-0.7224527333333306
2020-06-16 02:45:00,0.0,0.0,0.0,4135001,HmiyD2TTLFNqkNe,22.547627866666662,21.670951266666663,0.0,2,6,1,-0.8766765999999997
2020-06-16 03:00:00,0.0,0.0,0.0,4135001,HmiyD2TTLFNqkNe,22.499713000000003,21.391532466666668,0.0,3,6,1,-1.1081805333333357
2020-06-16 03:15:00,0.0,0.0,0.0,4135001,HmiyD2TTLFNqkNe,22.458070800000005,21.181779,0.0,3,6,1,-1.2762918000000063
2020-06-16 03:30:00,0.0,0.0,0.0,4135001,HmiyD2TTLFNqkNe,22.399773714285715,20.989717642857144,0.0,3,6,1,-1.4100560714285706
2020-06-16 03:45:00,0.0,0.0,0.0,4135001,HmiyD2TTLFNqkNe,22.4348244,21.0618022,0.0,3,6,1,-1.3730222000000012
2020-06-16 04:00:00,0.0,0.0,0.0,4135001,HmiyD2TTLFNqkNe,22.5443968,21.4435628,0.0,4,6,1,-1.1008340000000025
2020-06-16 04:15:00,0.0,0.0,0.0,4135001,HmiyD2TTLFNqkNe,22.5694072,21.518406266666663,0.0,4,6,1,-1.0510009333333379
2020-06-16 04:30:00,0.0,0.0,0.0,4135001,HmiyD2TTLFNqkNe,22.590698266666667,21.7528688,0.0,4,6,1,-0.8378294666666655
2020-06-16 04:45:00,0.0,0.0,0.0,4135001,HmiyD2TTLFNqkNe,22.652595733333328,22.0547526,0.0,4,6,1,-0.5978431333333276
2020-06-16 05:00:00,0.0,0.0,0.0,4135001,HmiyD2TTLFNqkNe,22.692254533333333,22.127937733333336,0.0,5,6,1,-0.5643167999999967
2020-06-16 05:15:00,0.0,0.0,0.0,4135001,HmiyD2TTLFNqkNe,22.6955222,21.929762933333333,0.0,5,6,1,-0.7657592666666666
2020-06-16 05:30:00,0.0,0.0,0.0,4135001,HmiyD2TTLFNqkNe,22.571179266666665,21.587780733333336,0.0,5,6,1,-0.9833985333333288
2020-06-16 05:45:00,0.0,0.0,0.0,4135001,HmiyD2TTLFNqkNe,22.452933666666667,21.47074393333333,4.49041162e-05,5,6,1,-0.9821897333333354
2020-06-16 06:00:00,3.8327922077272727,0.3707792207727273,0.125,4135001,HmiyD2TTLFNqkNe,22.494378142857144,21.69032292857143,0.003851879775,6,6,1,-0.8040552142857145
2020-06-16 06:15:00,188.98701299545453,18.250324675,2.285714286,4135001,HmiyD2TTLFNqkNe,22.654567466666663,22.05121253333333,0.0141838213333333,6,6,1,-0.6033549333333319
2020-06-16 06:30:00,690.1444805181818,66.887824675,13.125,4135001,HmiyD2TTLFNqkNe,22.7384398,22.45022773333333,0.0468413084666666,6,6,1,-0.28821206666666654
2020-06-16 06:45:00,1005.5243506863636,97.69675324681818,34.85714286,4135001,HmiyD2TTLFNqkNe,22.961183666666667,23.921439533333327,0.0706118121333333,6,6,1,0.9602558666666603
2020-06-16 07:00:00,1440.6493506363638,140.5489448090909,65.625,4135001,HmiyD2TTLFNqkNe,23.138751200000005,24.801971466666664,0.1017261071999999,7,6,1,1.6632202666666593
2020-06-16 07:15:00,2349.8287336363637,230.41761363636363,111.7142857,4135001,HmiyD2TTLFNqkNe,23.25484613333333,25.770912666666668,0.167161456,7,6,1,2.516066533333337
2020-06-16 07:30:00,2829.0105519090907,277.5077110363636,181.75,4135001,HmiyD2TTLFNqkNe,23.595815066666667,28.376147533333327,0.206390628,7,6,1,4.7803324666666605
2020-06-16 07:45:00,3553.3717532272726,348.96120130454545,258.0,4135001,HmiyD2TTLFNqkNe,23.800502533333333,29.75697633333333,0.2582670813333333,7,6,1,5.956473799999998
2020-06-16 08:00:00,4891.206168818182,479.7742694772727,370.5,4135001,HmiyD2TTLFNqkNe,24.273189266666662,32.9937198,0.353673456,8,6,1,8.720530533333338
2020-06-16 08:15:00,4610.265422090909,452.4966720772727,496.5714286,4135001,HmiyD2TTLFNqkNe,24.568143428571428,34.32752778571429,0.32255192,8,6,1,9.75938435714286
2020-06-16 08:30:00,5813.116071363636,569.6840909090909,622.0,4135001,HmiyD2TTLFNqkNe,24.833713600000003,34.94457799999999,0.402276302,8,6,1,10.11086439999999
2020-06-16 08:45:00,5831.977272727273,571.4852272772728,782.8571429,4135001,HmiyD2TTLFNqkNe,25.266322866666663,37.48621606666667,0.4147560933333333,8,6,1,12.219893200000008
2020-06-16 09:00:00,5815.979707727273,569.9297077909091,928.625,4135001,HmiyD2TTLFNqkNe,25.405088333333328,37.028379066666666,0.410816618,9,6,1,11.623290733333338
2020-06-16 09:15:00,6536.527597409091,640.3032467545455,1084.142857,4135001,HmiyD2TTLFNqkNe,25.76177973333333,38.08438906666666,0.46019857,9,6,1,12.322609333333329
2020-06-16 09:30:00,7526.339285681818,736.8471590909091,1263.5,4135001,HmiyD2TTLFNqkNe,26.016273933333327,39.71077913333334,0.5521471146666667,9,6,1,13.694505200000012
2020-06-16 09:45:00,8835.4180195,864.36875,1475.714286,4135001,HmiyD2TTLFNqkNe,26.3412638,42.884138933333325,0.63615115,9,6,1,16.542875133333325
2020-06-16 10:00:00,11213.213473636364,1094.6801948681818,1727.875,4135001,HmiyD2TTLFNqkNe,26.7102622,46.827693800000006,0.8289793113333334,10,6,1,20.117431600000007
2020-06-16 10:15:00,10409.718344545456,1017.1971591045454,2011.714286,4135001,HmiyD2TTLFNqkNe,27.3343506,49.562795,0.7204248719999999,10,6,1,22.2284444
2020-06-16 10:30:00,8455.029220909091,827.346266231818,2239.5,4135001,HmiyD2TTLFNqkNe,27.42023371428571,47.050576142857146,0.5909023807142856,10,6,1,19.630342428571435
2020-06-16 10:45:00,9398.028409136365,918.6758116909091,2450.0,4135001,HmiyD2TTLFNqkNe,27.318863800000003,45.9083192,0.6752527859999999,10,6,1,18.5894554
2020-06-16 11:00:00,11632.121753181818,1135.3693992727274,2695.285714,4135001,HmiyD2TTLFNqkNe,27.994940266666667,53.25080986666667,0.9182852226666663,11,6,1,25.255869600000004
2020-06-16 11:15:00,8393.219155818182,821.3301136409092,2936.625,4135001,HmiyD2TTLFNqkNe,27.928853400000005,48.67373446666666,0.5986946806666666,11,6,1,20.744881066666654
2020-06-16 11:30:00,5928.700487045455,580.9274350636364,3122.0,4135001,HmiyD2TTLFNqkNe,27.818320733333337,43.250374533333336,0.4207671039999999,11,6,1,15.432053799999998
2020-06-16 11:45:00,7527.738636363636,736.8469155863636,3309.5,4135001,HmiyD2TTLFNqkNe,28.167818333333337,44.0384016,0.5218388100000001,11,6,1,15.870583266666664
2020-06-16 12:00:00,3362.6355519999997,330.42191558636364,3446.285714,4135001,HmiyD2TTLFNqkNe,27.874310399999995,38.48475933333333,0.2222456033333333,12,6,1,10.610448933333334
2020-06-16 12:15:00,6170.181818227273,604.5050324727273,3549.875,4135001,HmiyD2TTLFNqkNe,27.3941652,37.038040933333335,0.429468928,12,6,1,9.643875733333335
2020-06-16 12:30:00,6580.700486954545,644.3940746727272,3745.714286,4135001,HmiyD2TTLFNqkNe,27.964037071428567,45.40855414285714,0.4833998399999999,12,6,1,17.444517071428574
2020-06-16 12:45:00,7214.494318227273,705.5847402590908,3936.75,4135001,HmiyD2TTLFNqkNe,28.30027873333333,46.0441244,0.5028826646666666,12,6,1,17.743845666666672
2020-06-16 13:00:00,4776.089285681818,468.43400974545455,4073.857143,4135001,HmiyD2TTLFNqkNe,27.9916526,41.8464274,0.319418066,13,6,1,13.854774800000005
2020-06-16 13:15:00,7302.361201136364,715.0124188363636,4229.375,4135001,HmiyD2TTLFNqkNe,27.832635533333328,41.04779260000001,0.5032727366666667,13,6,1,13.21515706666668
2020-06-16 13:30:00,8094.435065045454,792.0390422090909,4437.428571,4135001,HmiyD2TTLFNqkNe,28.40100513333333,45.513633466666654,0.5822891546666668,13,6,1,17.112628333333323
2020-06-16 13:45:00,5984.88555190909,586.1318181863636,4588.0,4135001,HmiyD2TTLFNqkNe,28.5019692,41.4494812,0.4094128093333333,13,6,1,12.947512
2020-06-16 14:00:00,6571.149350590908,643.5818181818182,4766.428571,4135001,HmiyD2TTLFNqkNe,28.79405306666667,43.01357606666667,0.430022742,14,6,1,14.219523000000002
2020-06-16 14:15:00,4402.660714272727,432.1741883181818,4888.5,4135001,HmiyD2TTLFNqkNe,28.307661933333332,38.786185733333326,0.3048436553333333,14,6,1,10.478523799999994
2020-06-16 14:30:00,9840.797889272728,961.1755681590909,5062.571429,4135001,HmiyD2TTLFNqkNe,28.7229654,43.40939126666667,0.7181465133333333,14,6,1,14.686425866666667
2020-06-16 14:45:00,7263.973214227272,710.9341720818182,5306.5,4135001,HmiyD2TTLFNqkNe,29.282915285714285,47.94010285714285,0.5257635171428571,14,6,1,18.65718757142856
2020-06-16 15:00:00,4094.1988636363635,402.01875,5435.571429,4135001,HmiyD2TTLFNqkNe,28.405712933333334,39.4493672,0.2822451986666666,15,6,1,11.043654266666664
2020-06-16 15:15:00,4674.743506454545,458.66615260454546,5543.0,4135001,HmiyD2TTLFNqkNe,28.018060266666662,36.67894273333333,0.3201579573333333,15,6,1,8.660882466666667
2020-06-16 15:30:00,6470.696428590909,633.8504870136363,5679.714286,4135001,HmiyD2TTLFNqkNe,27.99871413333333,38.17277626666667,0.4274141633333333,15,6,1,10.174062133333344
2020-06-16 15:45:00,5043.2555015,494.5762265545454,5817.142857,4135001,HmiyD2TTLFNqkNe,28.175795466666663,38.97982593333333,0.3585119633333332,15,6,1,10.804030466666667
2020-06-16 16:00:00,4965.965909136364,486.9761363590909,5940.125,4135001,HmiyD2TTLFNqkNe,28.046335933333328,37.409806,0.345676682,16,6,1,9.363470066666675
2020-06-16 16:15:00,3495.737013,343.43189935454546,6050.285714,4135001,HmiyD2TTLFNqkNe,27.96042866666667,35.6392172,0.2479111146666666,16,6,1,7.678788533333329
2020-06-16 16:30:00,2645.1436688636363,259.41599026363633,6123.875,4135001,HmiyD2TTLFNqkNe,27.695955466666668,32.8359476,0.1895537733333333,16,6,1,5.13999213333333
2020-06-16 16:45:00,2207.9277597272726,216.47061687727273,6184.142857,4135001,HmiyD2TTLFNqkNe,27.426601,31.4595755,0.1614167364285714,16,6,1,4.032974499999998
2020-06-16 17:00:00,1917.6720779545453,187.9775974,6236.25,4135001,HmiyD2TTLFNqkNe,27.1594952,30.26335453333333,0.138821146,17,6,1,3.1038593333333324
2020-06-16 17:15:00,1734.9358766818184,170.04472402272725,6283.142857,4135001,HmiyD2TTLFNqkNe,26.824678533333337,29.386724733333327,0.1235097679333333,17,6,1,2.5620461999999904
2020-06-16 17:30:00,1448.4642857272727,141.29399350454545,6323.75,4135001,HmiyD2TTLFNqkNe,26.401951266666664,28.3863546,0.1023283072,17,6,1,1.9844033333333364
2020-06-16 17:45:00,1038.489448090909,100.92077922,6355.142857,4135001,HmiyD2TTLFNqkNe,26.144761066666668,27.2317426,0.0729025029333333,17,6,1,1.0869815333333328
2020-06-16 18:00:00,694.7305194772727,67.31623376590909,6376.5,4135001,HmiyD2TTLFNqkNe,25.890207866666664,26.162266133333336,0.0488549196666666,18,6,1,0.2720582666666722
2020-06-16 18:15:00,344.2548701318182,33.270048700454545,6390.285714,4135001,HmiyD2TTLFNqkNe,25.614040133333333,25.099682599999998,0.0247498541333333,18,6,1,-0.5143575333333352
2020-06-16 18:30:00,74.98376623454546,7.236120129772728,6395.625,4135001,HmiyD2TTLFNqkNe,25.386586466666667,24.1691102,0.0070536268133333,18,6,1,-1.2174762666666687
2020-06-16 18:45:00,0.0,0.0,6396.0,4135001,HmiyD2TTLFNqkNe,25.18057035714285,23.46554121428572,5.614888285714287e-05,18,6,1,-1.71502914285713
2020-06-16 19:00:00,0.0,0.0,6396.0,4135001,HmiyD2TTLFNqkNe,24.986523400000003,23.094964466666667,0.0,19,6,1,-1.8915589333333358
2020-06-16 19:15:00,0.0,0.0,6396.0,4135001,HmiyD2TTLFNqkNe,24.872993933333333,23.475244266666667,0.0,19,6,1,-1.397749666666666
2020-06-16 19:30:00,0.0,0.0,6396.0,4135001,HmiyD2TTLFNqkNe,24.442285133333336,23.068772466666665,0.0,19,6,1,-1.3735126666666702
2020-06-16 19:45:00,0.0,0.0,6396.0,4135001,HmiyD2TTLFNqkNe,24.105043466666668,22.125270533333328,0.0,19,6,1,-1.97977293333334
2020-06-16 20:00:00,0.0,0.0,6396.0,4135001,HmiyD2TTLFNqkNe,23.90370066666667,21.6543518,0.0,20,6,1,-2.2493488666666686
2020-06-16 20:15:00,0.0,0.0,6396.0,4135001,HmiyD2TTLFNqkNe,23.837534466666664,21.472778333333338,0.0,20,6,1,-2.3647561333333265
2020-06-16 20:30:00,0.0,0.0,6396.0,4135001,HmiyD2TTLFNqkNe,23.731559266666665,21.342250600000003,0.0,20,6,1,-2.389308666666661
2020-06-16 20:45:00,0.0,0.0,6396.0,4135001,HmiyD2TTLFNqkNe,23.63031613333333,21.26215206666667,0.0,20,6,1,-2.3681640666666617
2020-06-16 21:00:00,0.0,0.0,6396.0,4135001,HmiyD2TTLFNqkNe,23.54011321428572,21.28716157142857,0.0,21,6,1,-2.252951642857152
2020-06-16 21:15:00,0.0,0.0,6396.0,4135001,HmiyD2TTLFNqkNe,23.47867833333333,21.77463793333333,0.0,21,6,1,-1.7040404000000002
2020-06-16 21:30:00,0.0,0.0,6396.0,4135001,HmiyD2TTLFNqkNe,23.456827866666668,21.562624133333337,0.0,21,6,1,-1.894203733333331
2020-06-16 21:45:00,0.0,0.0,6396.0,4135001,HmiyD2TTLFNqkNe,23.27699386666667,21.23533533333333,0.0,21,6,1,-2.0416585333333366
2020-06-16 22:00:00,0.0,0.0,6396.0,4135001,HmiyD2TTLFNqkNe,23.0816692,20.936218266666668,0.0,22,6,1,-2.1454509333333327
2020-06-16 22:15:00,0.0,0.0,6396.0,4135001,HmiyD2TTLFNqkNe,22.92795193333333,20.6880636,0.0,22,6,1,-2.2398883333333295
2020-06-16 22:30:00,0.0,0.0,6396.0,4135001,HmiyD2TTLFNqkNe,22.8635354,20.536962866666663,0.0,22,6,1,-2.326572533333337
2020-06-16 22:45:00,0.0,0.0,6396.0,4135001,HmiyD2TTLFNqkNe,22.87235926666667,20.92511186666667,0.0,22,6,1,-1.947247400000002
2020-06-16 23:00:00,0.0,0.0,6396.0,4135001,HmiyD2TTLFNqkNe,22.962205000000004,21.606494266666665,0.0,23,6,1,-1.3557107333333391
2020-06-16 23:15:00,0.0,0.0,6396.0,4135001,HmiyD2TTLFNqkNe,22.947974214285715,21.32625042857143,0.0,23,6,1,-1.621723785714284
2020-06-16 23:30:00,0.0,0.0,6396.0,4135001,HmiyD2TTLFNqkNe,22.9250326,21.164687,0.0,23,6,1,-1.7603456000000008
2020-06-16 23:45:00,0.0,0.0,6396.0,4135001,HmiyD2TTLFNqkNe,22.8920044,21.21659966666667,0.0,23,6,1,-1.6754047333333304
2020-06-17 00:00:00,0.0,0.0,885.8571429,4135001,HmiyD2TTLFNqkNe,22.895672466666667,21.4657734,0.0,0,6,2,-1.4298990666666676
2020-06-17 00:15:00,0.0,0.0,0.0,4135001,HmiyD2TTLFNqkNe,22.868416400000005,21.381974333333336,0.0,0,6,2,-1.486442066666669
2020-06-17 00:30:00,0.0,0.0,0.0,4135001,HmiyD2TTLFNqkNe,22.826764000000004,21.210284466666668,0.0,0,6,2,-1.6164795333333366
2020-06-17 00:45:00,0.0,0.0,0.0,4135001,HmiyD2TTLFNqkNe,22.795615466666668,21.3571554,0.0,0,6,2,-1.4384600666666678
2020-06-17 01:00:00,0.0,0.0,0.0,4135001,HmiyD2TTLFNqkNe,22.771451866666663,21.47204793333333,0.0,1,6,2,-1.299403933333334
2020-06-17 01:15:00,0.0,0.0,0.0,4135001,HmiyD2TTLFNqkNe,22.74187364285714,21.349182142857146,0.0,1,6,2,-1.3926914999999944
2020-06-17 01:30:00,0.0,0.0,0.0,4135001,HmiyD2TTLFNqkNe,22.687184666666667,21.247636,0.0,1,6,2,-1.439548666666667
2020-06-17 01:45:00,0.0,0.0,0.0,4135001,HmiyD2TTLFNqkNe,22.602610333333327,21.096276733333337,0.0,1,6,2,-1.5063335999999907
2020-06-17 02:00:00,0.0,0.0,0.0,4135001,HmiyD2TTLFNqkNe,22.6269064,21.193654466666665,0.0,2,6,2,-1.4332519333333344
2020-06-17 02:15:00,0.0,0.0,0.0,4135001,HmiyD2TTLFNqkNe,22.6140116,21.31661153333333,0.0,2,6,2,-1.2974000666666718
2020-06-17 02:30:00,0.0,0.0,0.0,4135001,HmiyD2TTLFNqkNe,22.663737,21.763271133333337,0.0,2,6,2,-0.9004658666666643
2020-06-17 02:45:00,0.0,0.0,0.0,4135001,HmiyD2TTLFNqkNe,22.774051866666664,22.108378,0.0,2,6,2,-0.6656738666666655
2020-06-17 03:00:00,0.0,0.0,0.0,4135001,HmiyD2TTLFNqkNe,22.852022266666665,22.4946594,0.0,3,6,2,-0.3573628666666657
2020-06-17 03:15:00,0.0,0.0,0.0,4135001,HmiyD2TTLFNqkNe,22.81974493333333,22.48667,0.0,3,6,2,-0.3330749333333287
2020-06-17 03:30:00,0.0,0.0,0.0,4135001,HmiyD2TTLFNqkNe,22.77129513333333,22.362780800000003,0.0,3,6,2,-0.40851433333332565
2020-06-17 03:45:00,0.0,0.0,0.0,4135001,HmiyD2TTLFNqkNe,22.788774857142855,22.275460428571428,0.0,3,6,2,-0.5133144285714266
2020-06-17 04:00:00,0.0,0.0,0.0,4135001,HmiyD2TTLFNqkNe,22.8229758,22.151271533333336,0.0,4,6,2,-0.6717042666666622
2020-06-17 04:15:00,0.0,0.0,0.0,4135001,HmiyD2TTLFNqkNe,22.7428528,21.91627006666667,0.0,4,6,2,-0.826582733333332
2020-06-17 04:30:00,0.0,0.0,0.0,4135001,HmiyD2TTLFNqkNe,22.554170733333333,21.6825296,0.0,4,6,2,-0.871641133333334
2020-06-17 04:45:00,0.0,0.0,0.0,4135001,HmiyD2TTLFNqkNe,22.414825466666667,21.4082114,0.0,4,6,2,-1.0066140666666676
2020-06-17 05:00:00,0.0,0.0,0.0,4135001,HmiyD2TTLFNqkNe,22.35033773333333,21.41950486666666,0.0,5,6,2,-0.9308328666666696
2020-06-17 05:15:00,0.0,0.0,0.0,4135001,HmiyD2TTLFNqkNe,22.350765000000003,21.737540666666668,0.0,5,6,2,-0.6132243333333349
2020-06-17 05:30:00,0.0,0.0,0.0,4135001,HmiyD2TTLFNqkNe,22.17537633333333,21.605226666666663,0.0,5,6,2,-0.5701496666666657
2020-06-17 05:45:00,0.0,0.0,0.0,4135001,HmiyD2TTLFNqkNe,21.707153333333327,20.7132262,0.0,5,6,2,-0.9939271333333259
2020-06-17 06:00:00,2.8262987013636365,0.2726461039090909,0.0,4135001,HmiyD2TTLFNqkNe,21.69549992857143,20.599559285714285,0.0028424610064285,6,6,2,-1.095940642857144
2020-06-17 06:45:00,410.65909090909093,39.875,0.5,4135001,HmiyD2TTLFNqkNe,22.335686384615386,23.15451523076923,0.045347547,6,6,2,0.8188288461538455
2020-06-17 07:00:00,1371.9926948181817,133.91055194545456,19.5,4135001,HmiyD2TTLFNqkNe,22.482625266666663,24.277018266666666,0.0933161474666666,7,6,2,1.794393000000003
2020-06-17 07:15:00,2068.6558442272726,202.84228896818183,61.42857143,4135001,HmiyD2TTLFNqkNe,22.711220200000003,25.8125894,0.1437652418,7,6,2,3.101369199999997
2020-06-17 07:30:00,3267.0438311818184,321.0201298636364,127.875,4135001,HmiyD2TTLFNqkNe,22.99848413333333,28.593758200000003,0.2278736373333333,7,6,2,5.595274066666672
2020-06-17 07:45:00,3800.883928545454,373.53116883636363,221.8571429,4135001,HmiyD2TTLFNqkNe,23.364750200000003,30.827225666666664,0.2681349153333333,7,6,2,7.46247546666666
2020-06-17 08:00:00,3424.0405845,336.61850649090906,317.2857143,4135001,HmiyD2TTLFNqkNe,23.751955,31.084741200000003,0.2345097293333333,8,6,2,7.332786200000005
2020-06-17 08:15:00,3785.390422045454,372.0063311681818,409.125,4135001,HmiyD2TTLFNqkNe,24.041337,31.60524686666667,0.2610877493333334,8,6,2,7.56390986666667
2020-06-17 08:30:00,4071.636363681818,400.0285714227273,512.8571429,4135001,HmiyD2TTLFNqkNe,24.25599892857143,32.83224278571429,0.2754482242857142,8,6,2,8.576243857142863
2020-06-17 08:45:00,3910.318181818182,384.2244318181818,611.125,4135001,HmiyD2TTLFNqkNe,24.443902533333333,32.258191,0.262713,8,6,2,7.814288466666664
2020-06-17 09:00:00,5058.720779227273,495.95714285909094,724.2857143,4135001,HmiyD2TTLFNqkNe,24.68842373333333,34.1126014,0.3381332306666667,9,6,2,9.424177666666672
2020-06-17 09:15:00,5393.329545454545,528.6409090909091,857.75,4135001,HmiyD2TTLFNqkNe,24.982682266666668,34.559212133333325,0.3666457480000001,9,6,2,9.576529866666657
2020-06-17 09:30:00,6893.863636318181,675.1220779181818,1020.0,4135001,HmiyD2TTLFNqkNe,25.439449133333333,37.621647133333326,0.4660193226666666,9,6,2,12.182197999999993
2020-06-17 09:45:00,5708.176136363636,559.3982954545455,1170.0,4135001,HmiyD2TTLFNqkNe,25.527582066666668,37.25813600000001,0.3833396619999999,9,6,2,11.73055393333334
2020-06-17 10:00:00,6246.792207772727,612.0103896090909,1327.428571,4135001,HmiyD2TTLFNqkNe,25.68465353333333,37.61702466666667,0.4246341313333333,10,6,2,11.932371133333344
2020-06-17 10:15:00,6721.420454545455,658.3585227272728,1493.5,4135001,HmiyD2TTLFNqkNe,25.957446399999995,38.814910666666655,0.4543548386666667,10,6,2,12.85746426666666
2020-06-17 10:30:00,7259.506493545455,710.8474025954546,1668.285714,4135001,HmiyD2TTLFNqkNe,26.182826666666664,40.22812886666667,0.5010602806666667,10,6,2,14.045302200000009
2020-06-17 10:45:00,6607.748376636364,647.2418831181818,1851.375,4135001,HmiyD2TTLFNqkNe,26.47013421428571,41.11575328571428,0.464913585,10,6,2,14.645619071428566
2020-06-17 11:00:00,6739.063311727273,659.5668019590909,1989.142857,4135001,HmiyD2TTLFNqkNe,26.236733,37.096722333333325,0.4508577206666666,11,6,2,10.859989333333324
2020-06-17 11:15:00,7986.976460999999,781.7775973954544,2186.0,4135001,HmiyD2TTLFNqkNe,26.771500733333337,42.28302813333334,0.564246406,11,6,2,15.511527400000002
2020-06-17 11:30:00,7683.698863636364,752.2137987045454,2382.125,4135001,HmiyD2TTLFNqkNe,27.251393533333328,41.926712666666674,0.5372297933333333,11,6,2,14.675319133333346
2020-06-17 11:45:00,11535.650162727274,1126.0869318181817,2611.285714,4135001,HmiyD2TTLFNqkNe,27.742724733333336,46.33160186666667,0.892716588,11,6,2,18.58887713333333
2020-06-17 12:00:00,11536.34740290909,1125.9570617136362,2918.25,4135001,HmiyD2TTLFNqkNe,28.4727662,51.776054,0.8971673586666666,12,6,2,23.303287800000003
2020-06-17 12:15:00,13542.19967590909,1320.4070617272728,3222.857143,4135001,HmiyD2TTLFNqkNe,28.649094666666667,53.773537133333335,1.0312303086666668,12,6,2,25.124442466666668
2020-06-17 12:30:00,9589.383116772728,937.2285714318182,3528.125,4135001,HmiyD2TTLFNqkNe,28.941943333333327,51.34074066666668,0.718821216,12,6,2,22.398797333333356
2020-06-17 12:45:00,10071.682630136364,984.3508928636364,3776.0,4135001,HmiyD2TTLFNqkNe,29.028007,47.83913766666667,0.7001748986666666,12,6,2,18.811130666666674
2020-06-17 13:00:00,7036.7069805,689.0912337636364,3979.5,4135001,HmiyD2TTLFNqkNe,28.579515642857142,43.52298428571428,0.4894874157142857,13,6,2,14.943468642857137
2020-06-17 13:15:00,8835.642857227273,864.2759740181817,4191.428571,4135001,HmiyD2TTLFNqkNe,28.496042933333328,42.57935760000001,0.6021715766666667,13,6,2,14.08331466666668
2020-06-17 13:30:00,9785.897727272728,956.5522727272728,4443.0,4135001,HmiyD2TTLFNqkNe,28.954923333333333,44.68992900000001,0.6593983766666666,13,6,2,15.735005666666673
2020-06-17 13:45:00,8249.545454545454,806.6363636454546,4676.571429,4135001,HmiyD2TTLFNqkNe,29.05773106666667,45.0513366,0.5994605753333334,13,6,2,15.99360553333333
2020-06-17 14:00:00,6279.585227272727,615.0613636363637,4841.375,4135001,HmiyD2TTLFNqkNe,28.6523418,41.97513206666667,0.4384577806666666,14,6,2,13.322790266666669
2020-06-17 14:15:00,6053.155844181819,593.0935064909091,4992.714286,4135001,HmiyD2TTLFNqkNe,28.22970173333333,39.4037556,0.4106262193333333,14,6,2,11.174053866666668
2020-06-17 14:30:00,8339.818181818182,815.8073863636364,5186.25,4135001,HmiyD2TTLFNqkNe,28.766581200000005,42.79567873333334,0.58660541,14,6,2,14.029097533333335
2020-06-17 14:45:00,7827.3636362727275,765.9850649363635,5395.142857,4135001,HmiyD2TTLFNqkNe,29.11126313333333,44.9506284,0.5350119733333333,14,6,2,15.839365266666668
2020-06-17 15:00:00,4752.286525954545,466.13514610909095,5539.285714,4135001,HmiyD2TTLFNqkNe,28.617018666666667,39.946699866666656,0.3174531373333333,15,6,2,11.329681199999989
2020-06-17 15:15:00,1553.5405843636363,151.89569805,5621.25,4135001,HmiyD2TTLFNqkNe,27.914616214285715,34.29488935714285,0.1042054897142857,15,6,2,6.380273142857135
2020-06-17 15:30:00,902.8409090909091,87.64902597454545,5647.428571,4135001,HmiyD2TTLFNqkNe,25.61776526666667,26.2441224,0.0553157361333333,15,6,2,0.6263571333333289
2020-06-17 15:45:00,1409.5097402727274,137.5472402681818,5680.0,4135001,HmiyD2TTLFNqkNe,23.556774866666668,23.536191933333328,0.085784176,15,6,2,-0.020582933333340492
2020-06-17 16:00:00,3202.6696428181817,314.6592532454545,5731.714286,4135001,HmiyD2TTLFNqkNe,23.40352773333333,24.986667866666668,0.1997712573333333,16,6,2,1.5831401333333375
2020-06-17 16:15:00,3647.987013,358.1837662409091,5830.125,4135001,HmiyD2TTLFNqkNe,24.1127868,28.996931866666667,0.235077558,16,6,2,4.884145066666669
2020-06-17 16:30:00,1835.5170455,179.7685876590909,5902.428571,4135001,HmiyD2TTLFNqkNe,24.390767466666667,29.473142333333332,0.1186300124,16,6,2,5.082374866666665
2020-06-17 16:45:00,1132.086850590909,110.06566558181818,5938.5,4135001,HmiyD2TTLFNqkNe,24.2918964,26.972265600000004,0.0716163500666666,16,6,2,2.680369200000005
2020-06-17 17:00:00,1316.1988636818182,128.15357142272728,5967.0,4135001,HmiyD2TTLFNqkNe,24.191860066666663,25.512402466666668,0.0864726348666666,17,6,2,1.3205424000000043
2020-06-17 17:15:00,1560.4220779545453,152.57021103636365,6005.0,4135001,HmiyD2TTLFNqkNe,24.196166857142856,26.66497142857143,0.1047624446428571,17,6,2,2.4688045714285742
2020-06-17 17:30:00,1340.5454545454545,130.44727272727275,6037.4,4135001,HmiyD2TTLFNqkNe,24.278403545454545,26.86244345454546,0.0901317685454545,17,6,2,2.584039909090915
2020-06-17 17:45:00,946.0649350681819,91.89220779181818,6072.0,4135001,HmiyD2TTLFNqkNe,24.17417021428572,25.95027171428572,0.0652585639285714,17,6,2,1.7761014999999993
2020-06-17 18:00:00,605.0909091,58.572077922272726,6090.857143,4135001,HmiyD2TTLFNqkNe,24.130348733333328,25.080924533333327,0.0419395646666666,18,6,2,0.9505757999999993
2020-06-17 18:15:00,338.66477272727275,32.72159090909091,6103.125,4135001,HmiyD2TTLFNqkNe,24.038157333333327,24.0682496,0.0234457014666666,18,6,2,0.030092266666674305
2020-06-17 18:30:00,78.11688311727272,7.537662337727273,6109.142857,4135001,HmiyD2TTLFNqkNe,23.8402385,22.968658428571427,0.0070068898142857,18,6,2,-0.8715800714285749
2020-06-17 18:45:00,0.0,0.0,6110.0,4135001,HmiyD2TTLFNqkNe,23.5830486,22.460372,3.9083115333333336e-05,18,6,2,-1.122676600000002
2020-06-17 19:00:00,0.0,0.0,6110.0,4135001,HmiyD2TTLFNqkNe,23.474888266666667,22.42334993333333,0.0,19,6,2,-1.0515383333333368
2020-06-17 19:15:00,0.0,0.0,6110.0,4135001,HmiyD2TTLFNqkNe,23.489280266666665,22.7568808,0.0,19,6,2,-0.7323994666666636
2020-06-17 19:30:00,0.0,0.0,6110.0,4135001,HmiyD2TTLFNqkNe,23.45561106666667,22.7176046,0.0,19,6,2,-0.7380064666666684
2020-06-17 19:45:00,0.0,0.0,6110.0,4135001,HmiyD2TTLFNqkNe,23.0513224,21.774304133333327,0.0,19,6,2,-1.2770182666666727
2020-06-17 20:00:00,0.0,0.0,6110.0,4135001,HmiyD2TTLFNqkNe,23.0032632,21.24322106666667,0.0,20,6,2,-1.7600421333333287
2020-06-17 20:15:00,0.0,0.0,6110.0,4135001,HmiyD2TTLFNqkNe,22.890356333333337,20.784727,0.0,20,6,2,-2.1056293333333365
2020-06-17 20:30:00,0.0,0.0,6110.0,4135001,HmiyD2TTLFNqkNe,22.891965666666664,20.9494608,0.0,20,6,2,-1.9425048666666633
2020-06-17 20:45:00,0.0,0.0,6110.0,4135001,HmiyD2TTLFNqkNe,22.8874295,21.12194821428572,0.0,20,6,2,-1.76548128571428
2020-06-17 21:00:00,0.0,0.0,6110.0,4135001,HmiyD2TTLFNqkNe,22.89988213333333,21.383107466666665,0.0,21,6,2,-1.516774666666663
2020-06-17 21:15:00,0.0,0.0,6110.0,4135001,HmiyD2TTLFNqkNe,22.892598466666666,21.563179466666664,0.0,21,6,2,-1.3294190000000015
2020-06-17 21:30:00,0.0,0.0,6110.0,4135001,HmiyD2TTLFNqkNe,22.9965616,21.869773466666665,0.0,21,6,2,-1.126788133333335
2020-06-17 21:45:00,0.0,0.0,6110.0,4135001,HmiyD2TTLFNqkNe,23.137091,22.1259848,0.0,21,6,2,-1.0111062000000004
2020-06-17 22:00:00,0.0,0.0,6110.0,4135001,HmiyD2TTLFNqkNe,22.563179466666668,21.164713466666665,0.0,22,6,2,-1.3984660000000027
2020-06-17 22:15:00,0.0,0.0,6110.0,4135001,HmiyD2TTLFNqkNe,22.19922893333333,20.51527293333333,0.0,22,6,2,-1.683956000000002
2020-06-17 22:30:00,0.0,0.0,6110.0,4135001,HmiyD2TTLFNqkNe,22.171736666666664,21.0808288,0.0,22,6,2,-1.0909078666666652
2020-06-17 22:45:00,0.0,0.0,6110.0,4135001,HmiyD2TTLFNqkNe,22.150569666666662,21.480377266666668,0.0,22,6,2,-0.6701923999999941
2020-06-17 23:00:00,0.0,0.0,6110.0,4135001,HmiyD2TTLFNqkNe,22.129815666666666,21.38902386666667,0.0,23,6,2,-0.7407917999999967
2020-06-17 23:15:00,0.0,0.0,6110.0,4135001,HmiyD2TTLFNqkNe,22.008274642857145,20.709211357142856,0.0,23,6,2,-1.2990632857142899
2020-06-17 23:30:00,0.0,0.0,6110.0,4135001,HmiyD2TTLFNqkNe,21.96949473333333,20.7349628,0.0,23,6,2,-1.2345319333333293
2020-06-17 23:45:00,0.0,0.0,6052.0,4135001,HmiyD2TTLFNqkNe,21.909287666666668,20.4279724,0.0,23,6,2,-1.481315266666666
